Identifier,Title,Start date,End date,Number of deaths
IBD031681,"Food Poisoning, Imo",2025-04-18,2025-04-18,1
IBD032064,"Gunmen Kill Man, Benue",2025-03-31,2025-03-31,1
IBD032058,"Auto Crash, Lagos",2025-03-31,2025-03-31,1
IBD032066,"Stray Bullets, Sokoto",2025-03-31,2025-03-31,1
IBD032062,"Lightening Kills Herder, Kaduna",2025-03-30,2025-03-30,1
IBD032049,"Auto Crash, Katsina",2025-03-30,2025-03-30,9
IBD032065,"Sallah Day Celebration Clash, Plateau",2025-03-30,2025-03-30,4
IBD032054,"Auto Crash, Abia",2025-03-30,2025-03-30,1
IBD032048,"Gas Explosion, Delta",2025-03-30,2025-03-30,2
IBD032061,"Auto Crash, Ogun",2025-03-30,2025-03-30,1
IBD032052,"Stampede, Gombe",2025-03-30,2025-03-30,2
IBD032063,"Fishing Activities, Kogi",2025-03-30,2025-03-30,2
IBD032057,"Herdsmen Kill Graduate, FCT (Abuja)",2025-03-29,2025-03-29,1
IBD032060,"Labourer Kills Employer, Ondo",2025-03-29,2025-03-29,1
IBD032050,"Auto Crash, Lagos",2025-03-29,2025-03-29,1
IBD032059,"Extrajudicial Killing, Delta",2025-03-29,2025-03-29,1
IBD032046,"Security Forces vs Shiites Members, FCT (Abuja)",2025-03-28,2025-03-28,6
IBD032056,"Pirates vs Fashion Designer, Rivers (Offshore)",2025-03-28,2025-03-28,1
IBD032042,"Gas Explosion, Abia",2025-03-27,2025-03-27,2
IBD032051,"Gunmen Attack, Plateau",2025-03-27,2025-03-27,52
IBD032028,"Auto Crash, Kano",2025-03-26,2025-03-26,2
IBD032027,"Lakurawa vs Customs Officers, Kebbi",2025-03-26,2025-03-26,2
IBD032045,"Domestic Violence, Sokoto",2025-03-26,2025-03-26,1
IBD032037,"Domestic Violence, Edo",2025-03-26,2025-03-26,1
IBD032033,"Taskforce Raid, FCT (Abuja)",2025-03-26,2025-03-26,2
IBD032032,"Chieftaincy Tussle, Ondo",2025-03-26,2025-03-26,1
IBD032039,"Domestic Violence, Lagos",2025-03-26,2025-03-26,1
IBD032044,"Domestic Violence, Ekiti",2025-03-25,2025-03-25,2
IBD032030,"Rainstorm, Cross River",2025-03-25,2025-03-25,3
IBD032025,"Auto Crash, Abia",2025-03-25,2025-03-25,2
IBD032034,"Gunmen vs Land Agent, Delta",2025-03-25,2025-03-25,1
IBD032041,"Pipeline Vandal, Rivers",2025-03-25,2025-03-25,1
IBD032020,"Troops vs Armed Robber, Plateau",2025-03-24,2025-03-24,1
IBD032019,"Troops Kill Bandit, Plateau",2025-03-24,2025-03-24,1
IBD032014,"Kidnapper, Anambra",2025-03-24,2025-03-24,1
IBD032026,"Ritual Killing, Rivers",2025-03-24,2025-03-24,2
IBD032017,"Army vs Boko Haram, Borno",2025-03-24,2025-03-24,8
IBD032009,"Jailbreak, Kogi",2025-03-24,2025-03-24,1
IBD032055,"Auto Crash, Lagos",2025-03-24,2025-03-24,1
IBD032012,"Gunmen vs Police, Enugu",2025-03-24,2025-03-24,1
IBD032016,"Army vs Boko Haram, Borno",2025-03-24,2025-03-24,3
IBD031984,"Extrajudicial Killing, Cross River",2025-03-23,2025-03-23,2
IBD032006,"Assailants vs Motorcycle Rider, Bauchi",2025-03-23,2025-03-23,1
IBD032018,"Hunter Killed, Ogun",2025-03-23,2025-03-23,1
IBD032007,"Gunmen Attack, Plateau",2025-03-23,2025-03-23,3
IBD032008,"Auto Crash, Osun",2025-03-23,2025-03-23,8
IBD032010,"Bandits Kill 2, Kogi",2025-03-23,2025-03-23,2
IBD031983,"Bandits Attack, Sokoto",2025-03-22,2025-03-22,1
IBD031989,"Bandits vs Security Operatives, Zamfara",2025-03-22,2025-03-22,10
IBD031985,"Kidnappers Kill 1, Benue",2025-03-22,2025-03-22,1
IBD032035,"Kidnap Victims, Kaduna",2025-03-22,2025-03-22,3
IBD031987,"Herdsmen Attack, Edo",2025-03-22,2025-03-22,1
IBD031995,"Herders Kill Farmer, FCT (Abuja)",2025-03-22,2025-03-22,1
IBD031990,"Assailants vs Security Man, Bauchi",2025-03-22,2025-03-22,1
IBD032011,"POS Operator, Adamawa",2025-03-22,2025-03-22,1
IBD032021,"Generator Fume Kill 2, Rivers",2025-03-22,2025-03-22,2
IBD031992,"Communal Clash, Osun",2025-03-21,2025-03-21,2
IBD031996,"Hoodlums vs Worshippers, Kaduna",2025-03-21,2025-03-21,1
IBD032040,"Man Dies in Hotel, Delta",2025-03-21,2025-03-21,1
IBD032038,"Domestic Violence, Edo",2025-03-21,2025-03-21,1
IBD032031,Police vs Kidnappers. Delta,2025-03-21,2025-03-21,5
IBD031986,"Gunmen Attack, Anambra",2025-03-20,2025-03-20,3
IBD032004,"Security Force vs Lakurawa, Kebbi",2025-03-20,2025-03-20,2
IBD032047,"Northern Hunters, Edo",2025-03-20,2025-03-20,16
IBD031981,"Miyetti Allah Chairman, Plateau",2025-03-20,2025-03-20,1
IBD032013,"Kidnap Victim, Bauchi",2025-03-20,2025-03-20,1
IBD031980,"Herdsmen Attack, Benue",2025-03-19,2025-03-19,5
IBD031982,"Rape Victim, Delta",2025-03-19,2025-03-19,1
IBD032002,"Inferno, Yobe",2025-03-19,2025-03-19,1
IBD031994,"Banditary, Katsina",2025-03-19,2025-03-19,10
IBD031971,"Domestic Violence, Lagos",2025-03-19,2025-03-19,1
IBD031979,"Assailants vs Security Guard, Ebonyi",2025-03-19,2025-03-19,1
IBD031972,"Explosion/Auto Crash, FCT (Abuja)",2025-03-19,2025-03-19,10
IBD031975,"Herders vs Farmers, Ondo",2025-03-19,2025-03-19,10
IBD031970,"Auto Crash, Rivers",2025-03-18,2025-03-18,1
IBD031993,"NAF vs Boko Haram, Borno",2025-03-18,2025-03-18,25
IBD031978,"Rainstorm Kill 1, Ogun",2025-03-18,2025-03-18,1
IBD031974,"Army vs Terrorist, Zamfara",2025-03-18,2025-03-18,7
IBD031977,Police vs Gunmen Benue,2025-03-18,2025-03-19,12
IBD031969,"Communal Clash, Ebonyi",2025-03-17,2025-03-17,2
IBD031973,"Army vs Terrorist, Katsina",2025-03-17,2025-03-17,3
IBD031991,"NAF vs Boko Haram, Borno",2025-03-17,2025-03-17,10
IBD031988,"Lawyer vs Student, Imo",2025-03-17,2025-03-17,1
IBD032003,"Electrocution, Lagos",2025-03-17,2025-03-17,1
IBD031976,"Herdsmen Attack, Benue",2025-03-17,2025-03-17,2
IBD032036,"NAF vs Terrorists, Borno",2025-03-16,2025-03-16,40
IBD032005,"Explosion, Rivers",2025-03-16,2025-03-16,1
IBD031955,"Auto Crash, Imo",2025-03-16,2025-03-16,7
IBD031997,"Boy Suffocates, Lagos",2025-03-16,2025-03-16,1
IBD032015,"Domestic Violence, Edo",2025-03-16,2025-03-16,2
IBD031952,"Armed Robbers vs Watchman, Katsina",2025-03-16,2025-03-16,1
IBD032023,"Auto Crash, Kaduna",2025-03-16,2025-03-16,2
IBD031959,"Gunmen vs Fulani Leader, Kwara",2025-03-16,2025-03-16,1
IBD015011,"Mob Attack, Lagos",2025-03-15,2025-03-15,1
IBD031949,"Auto Crash, Anambra",2025-03-15,2025-03-15,6
IBD031958,"Assailants vs Bride, Jigawa",2025-03-15,2025-03-15,1
IBD031950,"Army vs Bandits, Katsina",2025-03-15,2025-03-15,12
IBD031953,"Army vs Bandits, Katsina",2025-03-15,2025-03-15,12
IBD032022,"Mob vs Armed Robber, Lagos",2025-03-15,2025-03-15,1
IBD031942,"Communal Clash, Cross River",2025-03-15,2025-03-15,2
IBD031965,"Cult Clash, Ogun",2025-03-15,2025-03-15,4
IBD031945,"Police vs Kidnappers, Abia",2025-03-14,2025-03-14,6
IBD031967,"Gunmen vs Herders, Enugu",2025-03-14,2025-03-14,5
IBD031946,"Police vs Kidnapper, Nasarawa",2025-03-14,2025-03-14,1
IBD031948,"Drowns, Rivers",2025-03-14,2025-03-14,1
IBD031968,"Domestic Violence, Abia",2025-03-14,2025-03-14,1
IBD031943,"NAF vs Bandit, Katsina",2025-03-13,2025-03-13,22
IBD031944,"Catholic Seminarian, Edo",2025-03-13,2025-03-13,1
IBD031956,"Farmer, Benue",2025-03-12,2025-03-12,1
IBD031947,"Soldiers vs Kidnappers, Plateau",2025-03-12,2025-03-12,2
IBD031938,"Auto Crash, Edo",2025-03-12,2025-03-12,1
IBD031954,"Vigilantes, FCT (Abuja)",2025-03-11,2025-03-11,2
IBD032024,"Kidnappers vs Village Head, Kaduna",2025-03-11,2025-03-11,1
IBD031929,"Auto Crash/Explosion, Lagos",2025-03-11,2025-03-11,3
IBD031928,"Herders Attack, Benue",2025-03-11,2025-03-11,4
IBD031937,"Army vs Terrorist, Kaduna",2025-03-11,2025-03-11,3
IBD031957,"Bandits vs Worshippers, Nasarawa",2025-03-10,2025-03-10,3
IBD031909,"Domestic Violence, Akwa Ibom",2025-03-10,2025-03-10,1
IBD031924,"Extrajudicial Killing, Niger",2025-03-10,2025-03-10,1
IBD031927,"Extrajudicial Killing, Niger",2025-03-10,2025-03-10,1
IBD031904,"Auxiliary Nurse , Delta",2025-03-10,2025-03-10,1
IBD031926,"Extrajudicial Killings, Niger",2025-03-10,2025-03-10,1
IBD031916,"Police vs Kidnappers, Akwa Ibom",2025-03-10,2025-03-10,1
IBD031925,"Farmers vs Herders, Nasarawa",2025-03-10,2025-03-10,11
IBD031930,"Assailant vs Man, Lagos",2025-03-10,2025-03-10,1
IBD031961,"Police vs Kidnappers, Delta",2025-03-09,2025-03-09,4
IBD031911,"Lakurawa Bandits Kills 11, Kebbi",2025-03-09,2025-03-09,13
IBD031910,"Suspected Herders Kill 20, Ondo",2025-03-09,2025-03-09,17
IBD031915,"Customs Operavtives vs Smugglers, Ogun",2025-03-09,2025-03-09,1
IBD031912,"Auto Crash, Edo",2025-03-09,2025-03-09,8
IBD031917,"Auto Crash, Ogun",2025-03-09,2025-03-09,4
IBD031923,"Auto Crash, FCT (Abuja)",2025-03-09,2025-03-09,1
IBD031921,"Kidnappers vs Woman, Kaduna",2025-03-09,2025-03-09,1
IBD031934,"Murder, Niger",2025-03-08,2025-03-08,1
IBD031935,"Drown, Niger",2025-03-08,2025-03-08,1
IBD031919,"Palm Tree Kills Man, Ogun",2025-03-08,2025-03-08,1
IBD031906,"Fight, Lagos",2025-03-08,2025-03-08,1
IBD031922,"Man vs Friend, FCT (Abuja)",2025-03-08,2025-03-08,1
IBD031905,"Cultist vs DJ, Lagos",2025-03-08,2025-03-08,1
IBD031931,"Boko Haram vs Vigilante, Yobe",2025-03-08,2025-03-08,1
IBD031914,"Gunmen vs APC Council Chairman, Lagos",2025-03-08,2025-03-08,1
IBD031900,"Communal Clash, Niger",2025-03-08,2025-03-08,1
IBD031897,"Miyetti Allah Chairman, Kwara",2025-03-08,2025-03-08,1
IBD031951,"Boy Beheaded, Adamawa",2025-03-07,2025-03-07,1
IBD031932,"Herdsmen Attack, Kogi",2025-03-07,2025-03-07,2
IBD031899,"Auto Crash, Abia",2025-03-07,2025-03-07,5
IBD031898,"Ritual Killing, Edo",2025-03-07,2025-03-07,1
IBD031902,"Herdsmen Attack, Benue",2025-03-07,2025-03-08,15
IBD031885,"Medical Negligence, Benue",2025-03-06,2025-03-06,5
IBD031876,"Electrocution, Ogun",2025-03-06,2025-03-06,1
IBD031940,"Domestic Violence, Ogun",2025-03-06,2025-03-06,1
IBD031895,"Security Operatives vs Terrorist, Kebbi",2025-03-06,2025-03-06,1
IBD031882,"Building Collapse, Lagos",2025-03-05,2025-03-05,3
IBD031891,"Security Operatives vs Bandits, Zamfara",2025-03-05,2025-03-05,12
IBD031892,"Auto Crash/ Explosion, Niger",2025-03-05,2025-03-05,7
IBD031998,"Drowns, FCT (Abuja)",2025-03-05,2025-03-05,1
IBD031880,"Gunmen vs Cleric, Kaduna",2025-03-05,2025-03-05,1
IBD031894,"Auto Crash, Bayelsa",2025-03-05,2025-03-05,2
IBD031871,"Explosion, Oyo",2025-03-04,2025-03-04,2
IBD032053,"Auto Crash, Lagos",2025-03-04,2025-03-04,1
IBD031869,"Police vs Herder, Edo",2025-03-04,2025-03-04,1
IBD031870,"Auto Crash, Ogun",2025-03-04,2025-03-04,17
IBD031865,"Gunmen Attack, Abia",2025-03-04,2025-03-04,2
IBD031881,"Auto Crash, Anambra",2025-03-04,2025-03-04,10
IBD031848,"Bridge Collapse, Akwa Ibom",2025-03-04,2025-03-04,4
IBD031873,"Gunmen vs Immigration Officer, FCT (Abuja)",2025-03-04,2025-03-04,1
IBD031889,"Man Dies Working on Farm, FCT (Abuja)",2025-03-04,2025-03-04,1
IBD031884,"Police vs Kidnappers, FCT (Abuja)",2025-03-04,2025-03-04,14
IBD031879,"Auto Crash, Kogi",2025-03-03,2025-03-03,4
IBD031877,"Gunmen Attack, Benue",2025-03-03,2025-03-03,2
IBD031890,"Boko Harm Kill Police Officer Children, Borno",2025-03-03,2025-03-03,2
IBD031868,Gunmen vs Site Engineer Edo,2025-03-03,2025-03-03,1
IBD031867,"Drown, FCT (Abuja)",2025-03-03,2025-03-03,1
IBD031893,"Assailant vs Man, Ogun",2025-03-03,2025-03-03,1
IBD031936,"Bandit Leader, FCT (Abuja)",2025-03-03,2025-03-03,1
IBD031941,"Woman Killed, Bauchi",2025-03-02,2025-03-02,1
IBD031888,"Herders Kill Man, FCT (Abuja)",2025-03-02,2025-03-02,1
IBD031858,"Gunmen Kill One, Gombe",2025-03-02,2025-03-02,1
IBD031874,"Community leader Killed, Anambra",2025-03-02,2025-03-02,1
IBD031866,"Teenager, Ogun",2025-03-02,2025-03-02,1
IBD031861,"Herdsmen vs Vigilante, Delta",2025-03-02,2025-03-02,1
IBD031883,"Drug Addict Kill Phone Charger, Ogun",2025-03-01,2025-03-01,1
IBD031853,"Domestic Violence, Bauchi",2025-03-01,2025-03-01,1
IBD031854,"Herdsmen vs Farmers, Benue",2025-03-01,2025-03-01,6
IBD031939,"Policeman vs Okada Riders, Plateau",2025-03-01,2025-03-01,1
IBD031659,"Police vs Kidnappers, Kwara",2025-03-01,2025-03-01,2
IBD031855,"Gunmen vs Businessman, Ondo",2025-03-01,2025-03-01,1
IBD031913,"Female Corpses, Delta",2025-03-01,2025-03-01,2
IBD031852,"Auto Crash, Edo",2025-03-01,2025-03-01,12
IBD031857,"Gunmen vs Man, Zamafara",2025-03-01,2025-03-01,1
IBD031864,"Soldiers vs Boko Haram, Borno",2025-03-01,2025-03-01,15
IBD031860,"Cult Clash, Delta",2025-02-28,2025-02-28,2
IBD032001,"Inferno, Yobe",2025-02-28,2025-02-28,1
IBD031856,"Herdsmen Attack, Delta",2025-02-28,2025-02-28,1
IBD031808,"Auto Crash, Kwara",2025-02-28,2025-02-28,1
IBD031887,"Domestic Violence, Bauchi",2025-02-28,2025-02-28,1
IBD031862,"Banditry, Zamfara",2025-02-27,2025-02-27,2
IBD031839,"Auto Crash, Enugu",2025-02-27,2025-02-27,6
IBD031846,"Herdsmen Attack, Edo",2025-02-27,2025-02-27,2
IBD031851,"Banditry, Katsina",2025-02-27,2025-02-27,17
IBD031847,"Soldier Kill Man, Akwa Ibom",2025-02-27,2025-02-27,1
IBD031886,"Gunmen Attack, Ogun",2025-02-27,2025-02-27,1
IBD031901,"Domestic Violence, Lagos",2025-02-26,2025-02-26,1
IBD031850,"Bandits vs Farmers, Niger",2025-02-26,2025-02-26,10
IBD031844,"Cult Attack, Bayelsa",2025-02-26,2025-02-26,1
IBD031837,"Boko Haram Attack, Borno",2025-02-26,2025-02-26,7
IBD031843,"NAF Officer Kill Man, Kaduna",2025-02-26,2025-02-26,1
IBD031840,"Land Dispute, Delta",2025-02-26,2025-02-26,1
IBD031834,"Boko Haram Attack, Adamawa",2025-02-25,2025-02-26,40
IBD031822,"Kidnappers Kill Hunter, Oyo",2025-02-25,2025-02-25,1
IBD031838,"Boko Haram/ISWAP Landmine Kills 2, Borno",2025-02-25,2025-02-25,2
IBD031833,"Kidnappers vs Police Officers, Plateau",2025-02-25,2025-02-25,2
IBD031826,"Auto Crash, Yobe",2025-02-25,2025-02-25,10
IBD031828,"Auto Crash, Sokoto",2025-02-25,2025-02-25,3
IBD031812,"Auto Crash, Ogun",2025-02-24,2025-02-24,9
IBD031824,"Auto Crash, Lagos",2025-02-24,2025-02-24,2
IBD031830,"Boat Mishap, Delta",2025-02-24,2025-02-24,5
IBD031823,"Domestic Violence, Bauchi",2025-02-24,2025-02-24,1
IBD031842,"Auto Crash, Ogun",2025-02-24,2025-02-24,1
IBD031832,"Auto Crash, Bauchi",2025-02-24,2025-02-24,2
IBD031821,"Auto Crash, Lagos",2025-02-24,2025-02-24,1
IBD031845,"Police Kill Man, Enugu",2025-02-24,2025-02-24,1
IBD031836,"Herdsmen vs Vigilante Commander, Edo",2025-02-24,2025-02-24,1
IBD031813,"Herders vs Farmers, Edo",2025-02-24,2025-02-24,2
IBD031875,"Domestic Violence, Bauchi",2025-02-24,2025-02-24,1
IBD031820,"Security Operatives vs Artisan, Edo",2025-02-23,2025-02-23,1
IBD031819,"Security Operatives Kills 1, Katsina",2025-02-23,2025-02-23,1
IBD031816,"Man vs Friend, Niger",2025-02-23,2025-02-23,1
IBD031907,"Revenue Collector vs Truck Driver, Edo",2025-02-23,2025-02-23,1
IBD031825,"Auto Crash, Oyo",2025-02-23,2025-02-23,2
IBD031817,"Student Drowns, Bayelsa",2025-02-23,2025-02-23,1
IBD031841,"Fish Poison, Taraba",2025-02-22,2025-02-22,4
IBD031800,"Man Drowns, Ogun",2025-02-22,2025-02-22,1
IBD031806,"NAF Kill Bandits, Zamfara",2025-02-22,2025-02-22,23
IBD031804,"Car Accident, Jigawa",2025-02-22,2025-02-22,4
IBD031835,"Ritual Killing, Edo",2025-02-22,2025-02-22,1
IBD031799,"Auto Crash, Delta",2025-02-22,2025-02-22,1
IBD031803,"Farmer, Ogun",2025-02-22,2025-02-22,1
IBD031796,"Domestic Violence, Edo",2025-02-22,2025-02-22,1
IBD031795,"Witchcraft Suspect, Borno",2025-02-21,2025-02-21,1
IBD031814,"Banditry, Kaduna",2025-02-21,2025-02-21,1
IBD031798,"Auto Crash, Niger",2025-02-21,2025-02-21,13
IBD031810,"Motorcycle Thief, FCT (Abuja)",2025-02-21,2025-02-21,1
IBD031805,"Boy Drowns, Ogun",2025-02-21,2025-02-21,1
IBD031863,"Kidnappers Kills 1, Zamfara",2025-02-21,2025-02-21,1
IBD031818,"Domestic Violence, Lagos",2025-02-21,2025-02-21,1
IBD031827,"Security Operatives vs Bandits, Katsina",2025-02-21,2025-02-21,4
IBD031797,"Communal Clash, Edo",2025-02-20,2025-02-21,12
IBD031793,"Building Collapse, Yobe",2025-02-20,2025-02-20,1
IBD031802,"Banditry, Niger",2025-02-20,2025-02-20,4
IBD031794,"Police vs Kidnappers, Ogun",2025-02-20,2025-02-20,4
IBD031792,"Fallen Mast, Edo",2025-02-20,2025-02-20,1
IBD031786,"Banditry, Niger",2025-02-19,2025-02-19,1
IBD031811,"Ritual/Domestic Violence, Abia",2025-02-19,2025-02-19,3
IBD031785,"Explosion, Zamfara",2025-02-18,2025-02-18,3
IBD031768,"Domestic Violence, Ekiti",2025-02-18,2025-02-18,2
IBD031782,"Banditry, Zamfara",2025-02-18,2025-02-18,1
IBD031783,"Kidnappers Attack, FCT (Abuja)",2025-02-18,2025-02-18,2
IBD031769,"Communal Clash, Ebonyi",2025-02-18,2025-02-18,1
IBD031759,"Political Crisis, Osun",2025-02-17,2025-02-17,1
IBD031757,"Political Crisis, Osun",2025-02-17,2025-02-17,2
IBD031758,"Political Crisis, Osun",2025-02-17,2025-02-17,2
IBD031781,"Army vs Boko Haram, Borno",2025-02-17,2025-02-17,10
IBD031778,"Assailants vs Student, Ondo",2025-02-17,2025-02-17,1
IBD031753,"Gunmen Attack, Benue",2025-02-17,2025-02-17,3
IBD031755,"Cult Clash, Delta",2025-02-17,2025-02-17,1
IBD031771,"Auto Crash, Ogun",2025-02-16,2025-02-16,1
IBD031763,"Hoodlums vs Motorcyclist, FCT (Abuja)",2025-02-16,2025-02-16,1
IBD031878,"Extrajudicial Killing, Ondo",2025-02-16,2025-02-16,1
IBD031756,"Inferno, Ondo",2025-02-16,2025-02-16,3
IBD031760,"Auto Crash, Imo",2025-02-16,2025-02-16,8
IBD031766,"Ritual Killing, Ogun",2025-02-16,2025-02-16,1
IBD031742,"Security Operatives vs Armed Robber, Ogun",2025-02-16,2025-02-16,1
IBD031761,"Auto Crash, Kogi",2025-02-16,2025-02-16,7
IBD031770,"Kidnappers Attack, Imo",2025-02-16,2025-02-16,1
IBD031772,"Auto Crash, Delta",2025-02-16,2025-02-16,17
IBD031767,"Security Operatives vs Student, Kaduna",2025-02-16,2025-02-16,1
IBD031743,"Mysterious Death, Ogun",2025-02-15,2025-02-15,1
IBD031749,"Gunmen Attack, Kwara",2025-02-15,2025-02-15,1
IBD031751,"Kidnapers vs Health Worker, Ondo",2025-02-15,2025-02-15,1
IBD031745,"Mob vs Robbers, FCT (Abuja)",2025-02-15,2025-02-15,2
IBD031752,"Herdsmen vs Farmers, Benue",2025-02-15,2025-02-15,22
IBD031750,"Mob vs NDLEA Officer/ Auto Crash, Kaduna",2025-02-15,2025-02-15,4
IBD031849,"Friends Murder Man, Lagos",2025-02-15,2025-02-15,1
IBD031744,"Corpse Found, Kano",2025-02-15,2025-02-15,1
IBD031748,"Army vs Villagers, Katsina",2025-02-15,2025-02-15,10
IBD031920,"Domestic Violence, Cross River",2025-02-15,2025-02-15,1
IBD031960,"Fire Incidents, Kano",2025-02-15,2025-02-15,7
IBD031737,"Police vs Kidnappers, Kebbi",2025-02-14,2025-02-14,4
IBD031859,"Domestic Violence, Ondo",2025-02-14,2025-02-14,1
IBD031740,"Assailant vs Traditional Ruler, Abia",2025-02-14,2025-02-14,1
IBD031736,"Auto Crash, Anambra",2025-02-14,2025-02-14,8
IBD031765,"Cult Clash, Lagos",2025-02-14,2025-02-15,2
IBD031746,"Extrajudicial Killing, Ondo",2025-02-14,2025-02-14,1
IBD031732,"Kidnappers Set Ablaze, Delta",2025-02-13,2025-02-13,2
IBD031733,"Auto Crash, Ogun",2025-02-13,2025-02-13,1
IBD031764,"Cult Clash, Ogun",2025-02-13,2025-02-13,1
IBD031780,"Man vs Friend, FCT (Abuja)",2025-02-13,2025-02-13,1
IBD031779,"Extrajudicial Killing, Delta",2025-02-13,2025-02-13,2
IBD031734,"Auto Crash, Kano",2025-02-13,2025-02-13,23
IBD031727,"Auto Crash, bauchi",2025-02-12,2025-02-12,1
IBD031728,"Police vs Armed Robbers, FCT (Abuja)",2025-02-12,2025-02-12,3
IBD031741,"Extrajudicial Killing, Lagos",2025-02-12,2025-02-12,1
IBD031729,"Stab to Death, Rivers",2025-02-12,2025-02-12,1
IBD031829,"Kidnappers Kill Two, Kogi",2025-02-12,2025-02-12,2
IBD031807,"Extrajudicial Killing, Benue",2025-02-11,2025-02-11,1
IBD031713,"Mob vs Thief, Akwa Ibom",2025-02-11,2025-02-11,1
IBD031726,"Auto Crash, Taraba",2025-02-11,2025-02-11,3
IBD031738,"Ritual Killing, Kwara",2025-02-11,2025-02-11,1
IBD031717,"Bandits vs Traders, Katsina",2025-02-10,2025-02-10,1
IBD031714,"Communal Clash, Akwa Ibom",2025-02-10,2025-02-10,1
IBD031762,"Kidnap Victim, FCT (Abuja)",2025-02-10,2025-02-10,1
IBD031709,"Auto Crash, Niger",2025-02-10,2025-02-10,1
IBD031720,"Assailants vs Girl, Ekiti",2025-02-10,2025-02-10,1
IBD031721,"Student Drowns, Benue",2025-02-10,2025-02-10,1
IBD031719,"Gunmen vs Police Officer, Yobe",2025-02-09,2025-02-09,2
IBD031705,"Gunmen Kill Pastor, Gombe",2025-02-09,2025-02-09,1
IBD031708,"Auto Crash, Jigawa",2025-02-09,2025-02-09,5
IBD031704,"Communal Clash, Abia",2025-02-09,2025-02-09,1
IBD031690,"Police Kill Man, Rivers",2025-02-09,2025-02-09,1
IBD031747,"Police vs IPOB/ESN, Imo",2025-02-09,2025-02-09,3
IBD031706,"Herdsmen Kill Girl, Ekiti",2025-02-09,2025-02-09,1
IBD031703,"Troops vs Bandits, Zamfara",2025-02-09,2025-02-09,4
IBD031692,"Cult Clash, Rivers",2025-02-09,2025-02-09,20
IBD031701,"Communal Clash, Cross RIvers",2025-02-09,2025-02-09,4
IBD031702,"Burglars vs Woman, Delta",2025-02-09,2025-02-09,1
IBD031693,"Banditry, Sokoto",2025-02-09,2025-02-09,1
IBD031694,"Cult Clash, Benue",2025-02-09,2025-02-09,4
IBD031707,"Student Dies, Lagos",2025-02-08,2025-02-08,1
IBD031697,"Auto Crash, Kwara",2025-02-08,2025-02-08,1
IBD031754,Police vs IPOB/ESN Imo,2025-02-08,2025-02-08,2
IBD031731,"Cult Clashes, Abia",2025-02-07,2025-02-14,3
IBD031723,"Extrajudicial Killing, Enugu",2025-02-07,2025-02-07,1
IBD031680,"Drowns/Mysterious Death, Ondo",2025-02-07,2025-02-07,1
IBD031689,"Soldiers vs Bandits, Zamfara",2025-02-07,2025-02-07,44
IBD031686,"Domestic Violence, Anambra",2025-02-07,2025-02-07,1
IBD031710,"Assailants vs Uber Driver, Lagos",2025-02-07,2025-02-07,1
IBD031716,"Bandits vs Traders, Katsina",2025-02-07,2025-02-07,12
IBD031715,"Teacher vs Student, Delta",2025-02-06,2025-02-06,1
IBD031963,"Domestic Violence, Akwa Ibom",2025-02-06,2025-02-06,1
IBD031674,"Cult Clash, Rivers",2025-02-06,2025-02-06,7
IBD031675,"Gunmen Attack, Katsina",2025-02-06,2025-02-06,1
IBD031684,"Lakurawa Kill 1, Kebbi",2025-02-06,2025-02-06,1
IBD031730,"Cult Clashes, Abia",2025-02-06,2025-02-13,2
IBD031790,"Stray Bullet, Delta",2025-02-06,2025-02-06,1
IBD031685,"Troops vs Bandits, Zamfara",2025-02-06,2025-02-06,4
IBD031711,"Domestic Violence, Akwa Ibom",2025-02-06,2025-02-06,1
IBD031679,"Woman vs Neighbour, Rivers",2025-02-06,2025-02-06,1
IBD031687,"Domestic Violence, Akwa Ibom",2025-02-06,2025-02-06,1
IBD031683,"Bandits Attack, Katsina",2025-02-06,2025-02-06,2
IBD031696,"Student vs Colleague, Nasarawa",2025-02-06,2025-02-06,1
IBD031962,"Domestic Violence, Akwa Ibom",2025-02-06,2025-02-06,1
IBD031664,"Inferno, Zamfara",2025-02-05,2025-02-05,17
IBD031695,"Auto Crash, Lagos",2025-02-05,2025-02-05,1
IBD031700,"Domestic Violence, Kano",2025-02-05,2025-02-05,1
IBD031663,"Man vs Trader, FCT (Abuja)",2025-02-05,2025-02-05,1
IBD031725,"Bandit vs Vigilante, Niger",2025-02-05,2025-02-05,1
IBD031672,"Domestic Violence, Bayelsa",2025-02-04,2025-02-04,1
IBD031698,"Boko Haram Explosion, Borno",2025-02-04,2025-02-04,2
IBD031676,"Herdsmen vs Hunters, Benue",2025-02-04,2025-02-04,6
IBD031678,"Auto Crash, Ogun",2025-02-04,2025-02-04,3
IBD031652,"Troops vs Boko Haram/ISWAP, Borno",2025-02-04,2025-02-04,7
IBD031677,"Security Operative vs Bolt Driver, Edo",2025-02-04,2025-02-04,1
IBD031670,"Police vs Bandits, Bauchi",2025-02-04,2025-02-04,2
IBD031668,"Auto Crash, Ogun",2025-02-04,2025-02-04,1
IBD031649,"Auto Crash, Niger",2025-02-03,2025-02-03,4
IBD031682,"Domestic Violence, Niger",2025-02-03,2025-02-03,1
IBD031661,"Auto Crash, Ogun",2025-02-03,2025-02-03,1
IBD031699,"Corpse Found, FCT (Abuja)",2025-02-03,2025-02-03,1
IBD031666,"Gunmen Attack, Lagos",2025-02-03,2025-02-04,2
IBD031656,"Cult Clash, Bayelsa",2025-02-03,2025-02-03,1
IBD031669,"Hunters vs Herdsmen, Benue",2025-02-03,2025-02-03,3
IBD031654,"Gunmen Attack, Kaduna",2025-02-03,2025-02-03,2
IBD031658,"Auto Crash, FCT (Abuja)",2025-02-03,2025-02-03,3
IBD031645,"Assailants Kills 4, Osun",2025-02-03,2025-02-03,4
IBD031667,"Herdsmen vs Farmers, Benue",2025-02-02,2025-02-02,3
IBD031651,"Auto Crash, Ogun",2025-02-02,2025-02-02,2
IBD031647,"Security Operatives vs Hoodlums, Imo",2025-02-02,2025-02-02,35
IBD031637,"Assailant vs Man, Oyo",2025-02-02,2025-02-02,1
IBD031650,"Troops vs Bandit, Taraba",2025-02-02,2025-02-02,1
IBD031638,"Inferno, Borno",2025-02-02,2025-02-02,5
IBD031635,"Herdsmen Attack, Ebonyi",2025-02-02,2025-02-02,16
IBD031644,"Security Operatives Kills 4, Kano",2025-02-02,2025-02-02,4
IBD031646,"Kidnapper Attack, Plateau",2025-02-01,2025-02-01,1
IBD031642,"Auto Crash, Ogun",2025-02-01,2025-02-01,1
IBD031633,"Auto Crash, Ondo",2025-02-01,2025-02-01,30
IBD031640,"Gunmen Attack, Taraba",2025-02-01,2025-02-01,1
IBD031643,"Assailants vs Children, Anambra",2025-02-01,2025-02-01,3
IBD031665,"Communal Clash, Nasarawa",2025-02-01,2025-02-01,2
IBD031662,"Security Operatives vs Drivers, Anambra",2025-01-31,2025-01-31,8
IBD031628,"Auto Crash, Anambra",2025-01-31,2025-01-31,4
IBD031657,"CSO and Son, Rivers",2025-01-31,2025-01-31,2
IBD031636,"Man Drowns, Oyo",2025-01-31,2025-01-31,1
IBD031634,"Cult Clash, Rivers",2025-01-31,2025-02-01,3
IBD031629,"Security Operative Kills 1, FCT (Abuja)",2025-01-31,2025-01-31,1
IBD031718,"Gunmen vs Police Officer, Yobe",2025-01-31,2025-01-31,1
IBD031630,"Gunmen Attack, Plateau",2025-01-31,2025-01-31,5
IBD031791,"Mysterious Death, Enugu",2025-01-31,2025-02-03,1
IBD031627,"Auto Crash, Lagos",2025-01-31,2025-01-31,1
IBD032000,"Inferno, Yobe",2025-01-30,2025-01-30,1
IBD031620,"Security Operatives vs Gunmen, Anambra",2025-01-30,2025-01-30,25
IBD031623,"Electricity Vandal, FCT (Abuja)",2025-01-30,2025-01-30,1
IBD031641,"Banditry, Zamfara",2025-01-30,2025-01-30,3
IBD031598,"Auto Crash, Lagos",2025-01-29,2025-01-29,1
IBD031616,"Gunmen Attack, Ogun",2025-01-29,2025-01-29,2
IBD031626,"Kidnappers Kill Mother, Son, Anambra",2025-01-29,2025-01-29,2
IBD031606,"Kidnap Victim, Niger",2025-01-28,2025-01-28,1
IBD031621,"Motorcycle Thief, FCT (Abuja)",2025-01-28,2025-01-28,1
IBD031602,"Medical Negligence, Rivers",2025-01-28,2025-01-28,1
IBD031619,"Herdsmen Attack, Ondo",2025-01-28,2025-01-28,5
IBD031611,"Childbirth Complications, Ogun",2025-01-28,2025-01-28,1
IBD031918,"Youths vs Teenager, Abia",2025-01-28,2025-01-28,1
IBD031615,"NAF vs Boko Haram, Borno",2025-01-28,2025-01-28,40
IBD031614,"Bandtiry, Katsina",2025-01-28,2025-01-28,1
IBD031609,"Bandits vs Herder, Niger",2025-01-28,2025-01-28,1
IBD031789,"Gun Kill Abducted Woman, FCT (Abuja)",2025-01-28,2025-01-28,1
IBD031632,"Youth vs Herdsmen, Delta",2025-01-28,2025-01-28,2
IBD031601,"Building Collapse, Lagos",2025-01-28,2025-01-28,3
IBD031613,"Fulani Herders vs Farmers, Delta",2025-01-28,2025-01-28,2
IBD031603,"Explosion, Ogun",2025-01-27,2025-01-27,4
IBD031624,"Ritual Killing, Delta",2025-01-27,2025-01-27,2
IBD031617,"Security Operative vs Gunmen, Anambra",2025-01-27,2025-01-27,6
IBD031724,"Police vs Youths, Benue",2025-01-27,2025-01-27,2
IBD031671,"Corpse Found, Niger",2025-01-27,2025-01-27,1
IBD031596,"Robbers Kill Motorist, FCT (Abuja)",2025-01-26,2025-01-26,1
IBD031592,"Auto Crash, Edo",2025-01-26,2025-01-26,3
IBD031593,"Mining Explosion, Niger",2025-01-26,2025-01-26,25
IBD031605,"Domestic Violence, Kaduna",2025-01-26,2025-01-26,1
IBD031597,"Assailants vs Woman, Anambra",2025-01-26,2025-01-26,1
IBD031622,"Flood Disaster, Kwara",2025-01-25,2025-01-25,1
IBD031586,"Auto Crash, Enugu",2025-01-25,2025-01-25,19
IBD031604,"Gunmen Attack, Kogi",2025-01-25,2025-01-25,1
IBD031594,"Drown, Kano",2025-01-25,2025-01-25,1
IBD031588,"Auto Crash, Oyo",2025-01-25,2025-01-25,1
IBD031610,"Police vs Kidnappers, Ogun",2025-01-25,2025-01-25,5
IBD031600,"Boko Haram vs Soldiers, Borno",2025-01-24,2025-01-24,20
IBD031587,"Police vs IPOB Members, Imo",2025-01-24,2025-01-24,8
IBD031589,"Assassins Kill Professor, Delta",2025-01-24,2025-01-24,1
IBD031583,"Banditry, Kaduna",2025-01-23,2025-01-23,1
IBD031607,"Gunmen Attack, Anambra",2025-01-23,2025-01-23,1
IBD031722,"Hoodlums Kill NYSC Member, Plateau",2025-01-23,2025-01-23,1
IBD031576,"Police vs Kidnappers, Lagos",2025-01-23,2025-01-23,3
IBD031577,"Domestic Violence, Abia",2025-01-22,2025-01-22,1
IBD031653,"Gunmen Attack, Kaduna",2025-01-22,2025-01-22,2
IBD031573,"Inferno, Ondo",2025-01-22,2025-01-22,2
IBD031569,"Husband vs Wife, Anambra",2025-01-22,2025-01-22,1
IBD031595,"Undergraduate Student, Osun",2025-01-22,2025-01-22,1
IBD031544,"Bandits vs Boko Haram, Niger",2025-01-22,2025-01-22,20
IBD031579,"Army Kill Wanted Terrorist, Plateau",2025-01-22,2025-01-22,1
IBD031564,"Tanker Accident, Oyo",2025-01-22,2025-01-23,1
IBD031572,"Auto Crash, Kwara",2025-01-22,2025-01-22,14
IBD031574,"Auto Crash, Ebonyi",2025-01-22,2025-01-22,2
IBD031580,"Boko Haram vs Fishermen,Borno",2025-01-22,2025-01-22,20
IBD031575,"Gunmen vs Lawyer, Imo",2025-01-22,2025-01-22,1
IBD031735,"Medical Negligence, Imo",2025-01-21,2025-01-21,1
IBD031562,"Boko Haram/ISWAP IED Explosion, Borno",2025-01-21,2025-01-21,1
IBD031582,"NAF vs Terrorists, Niger",2025-01-21,2025-01-21,52
IBD031655,"Inferno, Kano",2025-01-21,2025-01-21,6
IBD031561,"Auto Crash, Ogun",2025-01-21,2025-01-21,1
IBD031570,"Soldiers vs Bandits, Kebbi",2025-01-21,2025-01-22,2
IBD031571,"Hoodlums Kill Herder, FCT (Abuja)",2025-01-21,2025-01-21,1
IBD031568,"Man Dies Inside Well, Kano",2025-01-21,2025-01-21,1
IBD031691,"Domestic Violence/Inferno, Anambra",2025-01-21,2025-01-21,1
IBD031688,"Police vs Bandits, Katsina",2025-01-21,2025-01-21,11
IBD031784,"Stone to Death, Ogun",2025-01-20,2025-01-20,1
IBD031566,"Soldiers vs Bandits, Sokoto",2025-01-20,2025-01-21,12
IBD031563,"Market Robbery, Yobe",2025-01-20,2025-01-20,9
IBD031567,"Soldiers vs Bandits, Zamfara",2025-01-20,2025-01-21,12
IBD031551,"Auto Crash, Ogun",2025-01-20,2025-01-20,5
IBD031553,"Boat Mishap, Rivers",2025-01-20,2025-01-20,3
IBD031773,"Auto Crash, FCT (Abuja)",2025-01-20,2025-01-20,1
IBD031558,"Police vs Kidnapper, Adamawa",2025-01-19,2025-01-19,1
IBD031540,"Gunmen Kill Prophet, Ogun",2025-01-19,2025-01-19,1
IBD031552,"Auto Crash, Ogun",2025-01-19,2025-01-19,1
IBD031549,"Cultist, Ondo",2025-01-19,2025-01-19,1
IBD031541,"Communal Clash, Ebonyi",2025-01-18,2025-01-18,1
IBD031556,"Police vs Bandits, Kogi",2025-01-18,2025-01-18,1
IBD031538,"Auto Crash, Niger",2025-01-18,2025-01-18,98
IBD031590,"Wedding Guest, Niger",2025-01-18,2025-01-18,1
IBD031548,"Banditry, Katsina",2025-01-18,2025-01-18,7
IBD031543,"Drowns, Ekiti",2025-01-17,2025-01-17,2
IBD031530,"Land Dispute, Ondo",2025-01-17,2025-01-17,5
IBD031546,"EFCC Operative, Anambra",2025-01-17,2025-01-17,1
IBD031542,"Assailant vs Woman, Ogun",2025-01-17,2025-01-17,1
IBD031537,"Cult Clash, Bayelsa",2025-01-17,2025-01-17,1
IBD031536,"Assailant Kills Two, Delta",2025-01-17,2025-01-17,3
IBD031547,"Troops vs Bandits, Zamfara",2025-01-17,2025-01-17,20
IBD031526,"Miliatry vs Lakurawa, Sokoto",2025-01-16,2025-01-16,11
IBD031560,"Sex Romp, FCT (Abuja)",2025-01-16,2025-01-16,1
IBD031535,"Footballer Slumps, Dies, Ogun",2025-01-16,2025-01-16,1
IBD031872,"Ritual Killing, Lagos",2025-01-16,2025-01-16,1
IBD031529,"Auto Crash, Benue",2025-01-16,2025-01-16,10
IBD031591,"Boko Haram vs Soldiers, Borno",2025-01-16,2025-01-16,94
IBD031528,"Communual Clash, Osun",2025-01-16,2025-01-16,1
IBD031545,"Man Kills Inlaw, Imo",2025-01-16,2025-01-16,1
IBD031531,"Fire Incident, FCT (Abuja)",2025-01-16,2025-01-16,1
IBD031532,"Drowns, Lagos",2025-01-15,2025-01-15,1
IBD031521,"Auto Crash, Lagos",2025-01-15,2025-01-15,1
IBD031518,"Cult Killing, Akwa Ibom",2025-01-15,2025-01-15,1
IBD031585,"Decomposing Body, Benue",2025-01-15,2025-01-15,1
IBD031527,"Bandits Kill Medical Doctor, Katsina",2025-01-14,2025-01-14,1
IBD031513,"Auto Crash, Oyo",2025-01-14,2025-01-14,1
IBD031565,"Boy Shot Dead, Kebbi",2025-01-14,2025-01-14,1
IBD031522,"Security Operatives vs Gunmen, Anambra",2025-01-14,2025-01-14,5
IBD031524,"Auto Crash, Ondo",2025-01-14,2025-01-14,4
IBD031508,"Auto Crash, Kogi",2025-01-14,2025-01-14,6
IBD031519,"Cultists vs Vigilante, Rivers",2025-01-14,2025-01-14,1
IBD031514,"Kidnapper vs Banker, Anambra",2025-01-14,2025-01-14,1
IBD031523,"Boko Haram vs Security Operatives, Borno",2025-01-14,2025-01-14,50
IBD031520,"Troops vs Terrorists, Kebbi",2025-01-14,2025-01-14,20
IBD031525,"Hoodlums vs Cyclist, FCT (Abuja)",2025-01-14,2025-01-14,1
IBD031505,"Fire Outbreak, Rivers",2025-01-13,2025-01-13,1
IBD031507,"Auto Crash, Rivers",2025-01-13,2025-01-13,2
IBD031517,"Auto Crash, Niger",2025-01-13,2025-01-13,8
IBD031509,"Auto Crash, FCT (Abuja)",2025-01-13,2025-01-13,2
IBD031511,"Man Kill Father, Delta",2025-01-13,2025-01-13,1
IBD031496,"Armed Robbers vs Man, Oyo",2025-01-13,2025-01-13,1
IBD031510,"Man vs Police Officer, Kano",2025-01-13,2025-01-13,1
IBD031485,"Boko Haram Attack, Borno",2025-01-12,2025-01-12,2
IBD031500,"Communal Clash, Ondo",2025-01-12,2025-01-12,2
IBD031515,"Lovers vs Foreigner, Ogun",2025-01-12,2025-01-12,1
IBD031489,"Domestic Violence, Ogun",2025-01-12,2025-01-12,1
IBD031497,"Boko Haram vs Farmers, Borno",2025-01-12,2025-01-12,40
PAR012735,"Lovers vs Foreigner, Ogun",2025-01-12,2025-01-12,1
IBD031495,"Facebook Lover, Lagos",2025-01-12,2025-01-12,1
IBD031503,"Auto Crash, Sokoto",2025-01-12,2025-01-12,6
IBD031499,"Domestic Violence, Nasarawa",2025-01-12,2025-01-12,1
IBD031501,"Auto Crash, Plateau",2025-01-11,2025-01-11,19
IBD031777,"Military Airstrike, Zamfara",2025-01-11,2025-01-11,16
IBD031482,"Auto Crash, Lagos",2025-01-11,2025-01-11,2
IBD031493,"Herders Kill 9, Nasarawa",2025-01-11,2025-01-11,8
IBD031492,"Well Digger Dies, Ogun",2025-01-11,2025-01-11,1
IBD031504,"Kidnappers Kill Vigilante, Lagos",2025-01-11,2025-01-11,1
IBD031484,"Domestic Violence, Ondo",2025-01-11,2025-01-11,1
IBD031506,"Hoodlums vs Motorcyclist, FCT (Abuja)",2025-01-11,2025-01-11,1
IBD031550,"Kidnappers vs Teenager, Katsina",2025-01-11,2025-01-11,1
IBD031488,"Herdsmen/Kidnappers Kill Victim, Benue",2025-01-11,2025-01-11,1
IBD031491,"Auto Crash, Osun",2025-01-11,2025-01-11,1
IBD031494,"Fulani Herdsmen Attack, FCT (Abuja)",2025-01-11,2025-01-11,1
IBD031476,"Sex Worker vs Barman, Adamawa",2025-01-10,2025-01-10,1
IBD031479,"Terrorists Kill Airtel Staff, Kebbi",2025-01-10,2025-01-10,3
IBD031486,"Banditry, Zamfara",2025-01-10,2025-01-10,29
IBD031599,"Kidnapper Killed Man, Jigawa",2025-01-10,2025-01-10,1
IBD031480,"Armed Robbers vs Uber Driver, Lagos",2025-01-09,2025-01-09,1
PAR012723,"Auto Crash, Kaduna",2025-01-09,2025-01-09,10
IBD031554,"Fraudsters Kill Girl, Delta",2025-01-09,2025-01-09,1
IBD031481,"Well Digger, Kano",2025-01-09,2025-01-09,1
IBD031472,"Auto Crash, Lagos",2025-01-09,2025-01-09,1
IBD031475,"Communal Clash, Jigawa",2025-01-09,2025-01-09,10
IBD031464,"Ticketers vs Okada Riders, Ekiti",2025-01-09,2025-01-09,1
IBD031471,"Auto Crash, Ogun",2025-01-09,2025-01-09,1
PAR012733,"Auto Crash, Ogun",2025-01-08,2025-01-08,1
PAR012728,"Auto Crash, Oyo",2025-01-08,2025-01-08,2
PAR012732,"Auto Crash, Lagos",2025-01-08,2025-01-08,1
IBD031470,"Cult Killing, Bayelsa",2025-01-08,2025-01-08,3
IBD031467,"Boko Haram vs Policemen, Borno",2025-01-08,2025-01-08,2
IBD031469,"Banditry, Kaduna",2025-01-08,2025-01-08,2
IBD031468,"Inferno, FCT (Abuja)",2025-01-08,2025-01-08,2
IBD031498,"Corpse Found, Plateau",2025-01-08,2025-01-08,1
IBD031466,"Security Operatives vs Bandit, Katsina",2025-01-08,2025-01-08,20
IBD031462,"Police Kill Bandits, Sokoto",2025-01-08,2025-01-08,1
IBD031453,"Auto Crash, Lagos",2025-01-07,2025-01-07,1
IBD031474,"Cult Killing, Ogun",2025-01-07,2025-01-07,1
IBD031452,"Auto Crash, Oyo",2025-01-07,2025-01-07,3
IBD031478,"NAF Airstrikes, Katsina",2025-01-07,2025-01-07,28
PAR012734,"Communal Clash, Ebonyi",2025-01-07,2025-01-07,10
IBD031463,"Auto Crash, Delta",2025-01-07,2025-01-07,5
IBD031465,"Banditry, Katsina",2025-01-07,2025-01-07,24
IBD031533,"Soldiers vs Terrorists, Sokoto",2025-01-07,2025-01-07,5
IBD031444,"Fire Incident, Sokoto",2025-01-06,2025-01-06,4
PAR012730,"Pastor, FCT (Abuja)",2025-01-06,2025-01-06,1
IBD031447,"Electrician Dies, Ogun",2025-01-06,2025-01-06,1
IBD031445,"IED Explosion Kills 2, FCT (Abuja)",2025-01-06,2025-01-06,2
PAR012727,"Electrocution, Delta",2025-01-06,2025-01-06,1
IBD031448,"Domestic Violence, Anambra",2025-01-06,2025-01-06,1
IBD031446,"Army vs Kidnappers, Rivers",2025-01-06,2025-01-06,2
IBD031450,"ISWAP vs Army, Borno",2025-01-05,2025-01-05,23
IBD031451,"Hoodlums vs Vigilante, Niger",2025-01-05,2025-01-05,1
IBD031443,"Cult Clash, Ondo",2025-01-05,2025-01-05,6
IBD031776,"Military vs Boko Haram, Borno",2025-01-05,2025-01-05,30
PAR012729,"Gunmen Attacks, Imo",2025-01-05,2025-01-05,18
IBD031775,"Gunmen Attack, Imo",2025-01-05,2025-01-05,18
IBD031439,"Tanker Explosion, Delta",2025-01-05,2025-01-05,5
IBD031502,"Female Corpse Discovered, Delta",2025-01-05,2025-01-05,1
IBD031456,"Gas Explosion, Rivers",2025-01-04,2025-01-04,4
IBD031435,"Auto Crash, Osun",2025-01-04,2025-01-04,1
IBD031441,"Banditry, Katsina",2025-01-04,2025-01-04,4
IBD031455,"Auto Crash, FCT (Abuja)",2025-01-04,2025-01-04,4
PAR012725,"Assailants vs Children, Anambra",2025-01-04,2025-01-04,3
IBD031460,"Army vs Bandits, Zamfara",2025-01-04,2025-01-04,21
IBD031449,"Security Operatives vs Bandits, Katsina",2025-01-04,2025-01-04,80
PAR012731,"Cult Clash, Lagos",2025-01-04,2025-01-06,3
IBD031437,"Police vs Kidnappers, Imo",2025-01-04,2025-01-04,2
IBD031612,"Domestic Violence, Kogi",2025-01-04,2025-01-04,1
IBD031483,"Diesel Reservoir Workers, Lagos",2025-01-04,2025-01-04,2
IBD031461,"Military vs Bandits, Zamfara",2025-01-04,2025-01-04,18
IBD031438,"Auto Crash, Bayelsa",2025-01-03,2025-01-03,1
IBD031442,"Wizardry, Ebonyi",2025-01-03,2025-01-03,1
IBD031432,"Gunmen vs Farmers, Kogi",2025-01-03,2025-01-03,2
IBD031966,"Communal Clash, Imo",2025-01-03,2025-01-03,1
PAR012721,"Auto Crash, Abia",2025-01-03,2025-01-03,2
IBD031434,"Lakurawa vs Police Officers, Kebbi",2025-01-03,2025-01-03,2
PAR012720,"Policeman Kills Woman, Ekiti",2025-01-02,2025-01-02,1
IBD031440,"Domestic Violence, Delta",2025-01-02,2025-01-02,1
PAR012722,"Wedding Guest, Jigawa",2025-01-02,2025-01-02,1
IBD031512,"Hoodlums vs Man, Akwa Ibom",2025-01-02,2025-01-02,1
IBD031788,"Assailants vs Man, Edo",2025-01-02,2025-01-02,1
IBD031433,"Farmers vs Herders, Jigawa",2025-01-02,2025-01-02,11
PAR012718,"Auto Crash, Gombe",2025-01-02,2025-01-02,7
PAR012713,"Man Kills Bishop, Osun",2025-01-02,2025-01-02,1
PAR012711,"Electrician Electrocuted, Lagos",2025-01-01,2025-01-01,1
PAR012717,"Assailants Kill Ex-Controller, Kwara",2025-01-01,2025-01-01,1
IBD031739,"Medical Negligence, Lagos",2025-01-01,2025-01-01,1
PAR012715,"Domestic Violence, Niger",2025-01-01,2025-01-01,1
PAR012710,"Catholic Priest Kills Boy, Imo",2025-01-01,2025-01-01,1
IBD031454,"Man Set Ablaze, Imo",2025-01-01,2025-01-01,1
PAR012712,"Man Kills Another, Delta",2025-01-01,2025-01-01,1
PAR012703,"Police vs Kidnappers, Benue",2024-12-31,2024-12-31,2
PAR012714,"Cult Clash, Delta",2024-12-31,2024-12-31,1
IBD031581,"Domestic Violence, Ondo",2024-12-31,2024-12-31,1
PAR012709,"Auto Crash., Lagos",2024-12-31,2024-12-31,1
PAR012706,"Chieftaincy Candidate, Bayelsa",2024-12-31,2024-12-31,1
PAR012698,"Chieftaincy Crisis, Delta",2024-12-30,2024-12-30,1
PAR012699,"Gunmen Kill 7, Anambra",2024-12-30,2024-12-30,6
PAR012704,"Banditry, Kaduna",2024-12-30,2024-12-30,3
IBD031459,"Man Stab Woman, Ogun",2024-12-30,2024-12-30,1
PAR012697,"Auto Crash, Benue",2024-12-29,2024-12-29,1
PAR012696,"Cattler Rustlers vs Herder, Ondo",2024-12-29,2024-12-29,1
PAR012702,"Gang Kill Tailor, Plateau",2024-12-29,2024-12-29,1
IBD031458,"Carnival, Ogun",2024-12-28,2024-12-28,1
PAR012693,"Auto Crash, Ondo",2024-12-28,2024-12-28,13
PAR012707,"Aurto Crash, Lagos",2024-12-28,2024-12-28,1
PAR012700,"Banditry, Kaduna",2024-12-28,2024-12-28,1
PAR012695,"Auto Crash, Ogun",2024-12-28,2024-12-28,1
PAR012701,"Man Dies Separating Fight, FCT (Abuja)",2024-12-28,2024-12-28,1
PAR012692,"DSS vs Bandits, Niger",2024-12-27,2024-12-27,3
PAR012694,"IPOB/ESN vs Soldiers, Imo",2024-12-27,2024-12-27,3
IBD031436,"Cult Clash, Lagos",2024-12-27,2024-12-27,3
PAR012685,"Gunmen Kill Catholic Reverend Father, Anambra",2024-12-26,2024-12-26,1
PAR012686,"Auto Crash, Ogun",2024-12-26,2024-12-26,4
PAR012684,"Soldiers vs Bandits, Zamfara",2024-12-26,2024-12-26,11
IBD031673,"Corpse Found, Anambra",2024-12-26,2024-12-26,1
PAR012691,"Auto Crash, Jigawa",2024-12-26,2024-12-26,1
IBD031431,"Soldiers vs Tricycle, Plateau",2024-12-26,2024-12-26,1
IBD009528,"Domestic Violence, Cross River",2024-12-25,2024-12-25,1
PAR012688,"Herdsmen Attack, Benue",2024-12-25,2024-12-25,17
IBD031896,"Gas Explosion, Niger",2024-12-25,2024-12-25,1
PAR012687,"Dock Worker, Lagos",2024-12-25,2024-12-25,1
PAR012689,"Friend Kills Colleague, Kogi",2024-12-25,2024-12-25,1
PAR012683,"NAF vs Lakurawa Terrorists, Sokoto",2024-12-25,2024-12-25,10
PAR012708,"Ritual Killing, Nasarawa",2024-12-25,2024-12-25,1
IBD031430,"Domestic Violence, Edo",2024-12-24,2024-12-24,1
PAR012719,"Witchcraft, Benue",2024-12-24,2024-12-24,1
IBD031490,"Ritual Killing, Cross River",2024-12-24,2024-12-24,1
PAR012677,"Auto Crash, Edo",2024-12-24,2024-12-24,2
PAR012679,"Electrocution, Enugu",2024-12-23,2024-12-23,1
IBD031424,"Domestic Violence, Ebonyi",2024-12-23,2024-12-23,1
PAR012680,"Auto Crash, Plateau",2024-12-23,2024-12-23,3
IBD031418,"Ritual Killing, Ogun",2024-12-22,2024-12-22,1
PAR012674,"Auto Crash, Abia",2024-12-22,2024-12-22,8
PAR012673,"Gunmen Kill 15, Plateau",2024-12-22,2024-12-22,14
IBD031421,"Soldiers vs Bandits, Kaduna",2024-12-21,2024-12-21,1
IBD031425,"Soldiers vs Kidnappers, Enugu",2024-12-21,2024-12-21,1
PAR012681,"Communal Clash, Akwa Ibom",2024-12-21,2024-12-21,1
IBD031422,"Fire Incident, Oyo",2024-12-21,2024-12-21,3
IBD031415,"10 Die in Stampede, FCT (Abuja)",2024-12-21,2024-12-21,10
PAR012678,"Gang Clash, Niger",2024-12-21,2024-12-21,1
IBD031416,"Stampede, Anambra",2024-12-21,2024-12-21,22
IBD031539,"Teenagers Beat Man to Death, Gombe",2024-12-21,2024-12-21,1
IBD031419,"Auto Crash, Ogun",2024-12-20,2024-12-20,3
IBD031809,"Extrajudicial Killing, Kwara",2024-12-20,2024-12-20,1
PAR012676,"Kidnap Victim, Plateau",2024-12-20,2024-12-20,1
IBD031417,"Man Dies In Police Custody, Kwara",2024-12-20,2024-12-20,1
IBD031405,"Auto Crash, FCT (Abuja)",2024-12-19,2024-12-19,5
PAR012690,"Soldiers vs Bandits, Katsina",2024-12-19,2024-12-19,5
PAR012682,"Murder Suspect, Niger",2024-12-19,2024-12-19,1
IBD031380,"Police vs Gunmen, Imo",2024-12-19,2024-12-19,5
IBD031413,"Auto Crash, Ondo",2024-12-19,2024-12-19,4
IBD031427,"Auto Crash, FCT (Abuja)",2024-12-19,2024-12-19,1
IBD031403,"Explosion, Niger",2024-12-19,2024-12-19,1
IBD031408,"Auto Crash, Delta",2024-12-19,2024-12-19,1
IBD031428,"Police, Vigilantes vs Herders, FCT (Abuja)",2024-12-18,2024-12-18,3
IBD031411,"NYSC Member Dies, Kebbi",2024-12-18,2024-12-18,1
IBD031406,"Assailants vs Man, Plateau",2024-12-18,2024-12-18,1
IBD031457,"Witchcraft, Plateau",2024-12-18,2024-12-18,1
IBD031399,"Children Die in Stampede, Oyo",2024-12-18,2024-12-18,34
IBD031410,"Woman Dies, Ogun",2024-12-18,2024-12-18,1
IBD031400,"Auto Crash, Lagos",2024-12-18,2024-12-18,1
IBD031429,"Banditary, Kaduna",2024-12-17,2024-12-17,2
IBD031396,"Auto Crash, Lagos",2024-12-17,2024-12-17,1
IBD031392,"Auto Crash, Lagos",2024-12-16,2024-12-16,1
IBD031398,"Gunmen vs Lecturer, Anambra",2024-12-16,2024-12-16,1
IBD031426,"Soldiers vs IPOB, Anambra",2024-12-16,2024-12-16,10
IBD031393,"Church Factional Clash, Taraba",2024-12-15,2024-12-15,3
IBD031388,"Security Operatives vs Gunmen, Imo",2024-12-15,2024-12-15,4
IBD031534,"Cab Driver, Delta",2024-12-15,2024-12-15,1
IBD031379,"Man Kills Friend, Niger",2024-12-15,2024-12-15,1
IBD031382,"Auto Crash, Lagos",2024-12-15,2024-12-15,3
IBD031395,"Armed Robbers vs Man, Bauchi",2024-12-14,2024-12-14,1
IBD031404,"Motorcycle Thieves, FCT (Abuja)",2024-12-14,2024-12-14,1
IBD031391,"Work-Related Violence, Ogun",2024-12-14,2024-12-14,1
IBD031384,"Boat Mishap, Benue",2024-12-14,2024-12-14,20
IBD031390,"Auto Crash, Lagos",2024-12-14,2024-12-14,1
IBD031381,"Auto Crash, Kogi",2024-12-13,2024-12-13,2
IBD031386,"Refrigerator Repairer, Lagos",2024-12-13,2024-12-13,1
IBD031383,"Inferno, Kano",2024-12-13,2024-12-13,2
IBD031375,"Troops vs Terrorists, Zamfara",2024-12-12,2024-12-12,2
IBD031815,"Ritual Killing, Abia",2024-12-12,2024-12-12,30
IBD031378,"Herdsmen Attack, Gombe",2024-12-12,2024-12-12,2
PAR012716,"Man Kills Prospective Inlaw, Delta",2024-12-12,2024-12-12,1
IBD031385,"Communal Clash, Benue",2024-12-12,2024-12-12,4
IBD031376,"Auto Crash, Ogun",2024-12-11,2024-12-11,1
IBD031374,"Gunmen Attack, Anambra",2024-12-11,2024-12-11,4
IBD031377,"Auto Crash, Ogun",2024-12-11,2024-12-11,1
IBD031370,"Auto Crash, Jigawa",2024-12-11,2024-12-11,6
IBD031368,"Auto Crash, Borno",2024-12-11,2024-12-11,3
IBD031371,"Driver Dies, Taraba",2024-12-11,2024-12-11,1
IBD031365,"Police vs Terrorists, Kaduna",2024-12-10,2024-12-10,1
IBD031369,"Auto Crash, Niger",2024-12-10,2024-12-10,1
IBD031361,"Governor's Sister Dies, Taraba",2024-12-10,2024-12-10,1
IBD031372,"Assailant vs Man, Kano",2024-12-10,2024-12-10,1
IBD031362,"Auto Crash, Ogun",2024-12-10,2024-12-10,1
IBD031387,"Domestic Violence, Kaduna",2024-12-10,2024-12-10,1
IBD031394,"Auto Crash, Ogun",2024-12-10,2024-12-10,1
IBD031367,"Communal Clash, Ebonyi",2024-12-10,2024-12-10,7
IBD031364,"Auto Crash, Jigawa",2024-12-09,2024-12-09,14
IBD031373,"Domestic Violence, Ogun",2024-12-09,2024-12-12,1
IBD031356,"Inferno, Kwara",2024-12-09,2024-12-09,1
IBD031358,"Security Operatives vs Armed Robber, Kebbi",2024-12-09,2024-12-09,1
IBD031353,"Mob vs Motorcycle Thief, FCT (Abuja)",2024-12-08,2024-12-08,1
IBD031618,"Security Operatives vs Man, Niger",2024-12-08,2024-12-08,1
IBD031363,"Farmer Dies, FCT (Abuja)",2024-12-07,2024-12-07,1
IBD031346,"Extra-Judicial Killing, Delta",2024-12-07,2024-12-07,1
IBD031343,"Herders vs Youths, Gombe",2024-12-07,2024-12-07,1
IBD031351,"Ex-Permanent Secretary, Niger",2024-12-07,2024-12-07,1
IBD031345,"Cult Killing, Oyo",2024-12-07,2024-12-07,1
IBD031366,"Communal Clash, Ebonyi",2024-12-07,2024-12-07,1
IBD031355,"Domestic Violence, Lagos",2024-12-07,2024-12-07,1
IBD031347,"Explosion, Zamfara",2024-12-06,2024-12-06,10
IBD031340,"Auto Crash, Oyo",2024-12-06,2024-12-06,1
IBD031402,"Explosion, Niger",2024-12-06,2024-12-06,1
IBD031339,"Banditry, Katsina",2024-12-06,2024-12-06,8
IBD031352,"Electrocution, FCT (Abuja)",2024-12-06,2024-12-06,1
IBD031344,"Police vs Kidnappers, Akwa Ibom",2024-12-05,2024-12-05,2
IBD031341,"Auto Crash, Oyo",2024-12-05,2024-12-05,6
IBD031359,"Community Leader, Delta",2024-12-05,2024-12-05,1
IBD031342,"Auto Crash, Oyo",2024-12-05,2024-12-05,1
IBD031349,"Food Poisoning, FCT (Abuja)",2024-12-05,2024-12-05,2
IBD031330,"Police vs Kidnapper, Rivers",2024-12-04,2024-12-04,1
IBD031397,"Mother vs Child, Delta",2024-12-04,2024-12-04,1
IBD031333,"Well Digger Dies, Ogun",2024-12-04,2024-12-04,1
IBD031324,"Ex- NLC Chairman, Edo",2024-12-04,2024-12-04,1
IBD031325,"Lakurawa Explosion, Zamfara",2024-12-04,2024-12-04,11
PAR012705,"Assailants Kill Businessman, Delta",2024-12-03,2024-12-03,1
IBD031412,"Lady Dies, Ogun",2024-12-03,2024-12-03,1
IBD031323,"Auto Crash, Yobe",2024-12-03,2024-12-03,12
IBD031327,"Corpses Found, Imo",2024-12-02,2024-12-02,10
IBD031314,"Inferno, Osun",2024-12-02,2024-12-02,6
IBD031316,"Gunmen Kill 9, Sokoto",2024-12-02,2024-12-02,9
IBD031318,"Kidnappers vs Policeman, Nasarawa",2024-12-02,2024-12-02,1
IBD031320,"Armed Robbers vs Guard, Ogun",2024-12-01,2024-12-01,1
IBD031309,"Banditry, Zamfara",2024-12-01,2024-12-01,40
PAR012724,"Kidnappers Kill 2 Children, Katsina",2024-12-01,2024-12-01,2
IBD031312,"Security Operative, Ogun",2024-12-01,2024-12-01,1
IBD031321,"Commercial Rider vs Man, Ogun",2024-12-01,2024-12-01,1
IBD031326,"Lakurawa Explosion, Zamfara",2024-12-01,2024-12-01,1
IBD031308,"Kidnappers vs Vigilante, Plateau",2024-12-01,2024-12-01,1
IBD031389,"Spiritual Cleansing, Niger",2024-12-01,2024-12-01,1
IBD031319,"Land Dispute, Osun",2024-11-30,2024-11-30,1
IBD031331,"Community Leader, Delta",2024-11-29,2024-11-29,1
IBD031310,"Banditry, Zamfara",2024-11-29,2024-11-29,1
IBD031360,"Domestic Violence, Bayelsa",2024-11-29,2024-11-29,1
IBD031304,"Gunmen Attack, Abia",2024-11-29,2024-11-29,2
IBD031348,"Farmer Killed, Oyo",2024-11-28,2024-11-28,1
IBD031317,"Gunmen vs Pastor, Kogi",2024-11-28,2024-11-28,1
IBD031315,"Gunmen vs Man, Anambra",2024-11-28,2024-11-28,1
IBD031303,"Mob vs Cult Members, Plateau",2024-11-28,2024-11-28,2
IBD031306,"Army vs Boko Haram, Yobe",2024-11-27,2024-11-27,5
IBD031307,"Police vs Kidnappers, Anambra",2024-11-27,2024-11-27,1
IBD031305,"Security Operatives Kills One, Delta",2024-11-27,2024-11-27,1
IBD031357,"Land Grabbers vs Man, Ogun",2024-11-27,2024-11-27,1
IBD031555,"Domestic Violence, FCT (Abuja)",2024-11-27,2024-11-27,1
IBD031584,"Assailants vs Herder, FCT (Abuja)",2024-11-27,2024-11-27,1
IBD031302,"Boat Mishap, Kogi",2024-11-27,2024-11-27,23
IBD031300,"Suspected Herdsmen Attacks, Ogun",2024-11-27,2024-11-27,1
IBD031311,"Inferno, Lagos",2024-11-26,2024-11-26,4
IBD031295,"Customs vs Smugglers, Ogun",2024-11-25,2024-11-25,1
IBD031313,"Student Mother, Delta",2024-11-25,2024-11-25,1
IBD031297,"Herdsmen Attack, Benue",2024-11-25,2024-11-25,10
IBD031298,"Security Operatives vs IPOB/ESN, Imo",2024-11-25,2024-11-25,40
IBD031286,"Communal Clash, Kogi",2024-11-24,2024-11-24,1
IBD031281,"Church Stampede, Abia",2024-11-24,2024-11-24,4
IBD031273,"Herdsmen Attack, Benue",2024-11-24,2024-11-24,17
IBD031280,"Soldiers vs Boko Haram, Borno",2024-11-24,2024-11-24,12
IBD031282,"Gunmen vs Vigilantes, Anambra",2024-11-24,2024-11-24,1
IBD031284,"Army vs IPOB/ESN, Abia",2024-11-24,2024-11-24,8
IBD031288,"Auto Crash, Ogun",2024-11-24,2024-11-24,1
IBD031283,"Gunmen Kill 10, Benue",2024-11-24,2024-11-24,10
IBD031293,"Boat Accident, Delta",2024-11-23,2024-11-23,5
IBD031277,"Auto Crash, Kaduna",2024-11-23,2024-11-23,8
IBD031294,"Gunmen vs Driver, Akwa Ibom",2024-11-23,2024-11-23,1
IBD031274,"Farmer vs Thief, Ondo",2024-11-23,2024-11-23,2
IBD031291,"NAF vs Boko Haram, Borno",2024-11-23,2024-11-23,40
IBD031401,"Ritual Killing, Delta",2024-11-23,2024-11-23,1
IBD031287,"Cult Killing, Delta",2024-11-22,2024-11-22,2
IBD031289,"Banditry, FCT (Abuja)",2024-11-22,2024-11-22,9
IBD031272,"Mob vs Revenue Agents, Anambra",2024-11-22,2024-11-22,3
IBD031278,"Security Operatives vs Robber, Anambra",2024-11-22,2024-11-22,1
IBD031268,"Baby Found Dead, Niger",2024-11-21,2024-11-21,1
IBD031299,"Police Inspector, Adamawa",2024-11-21,2024-11-21,1
IBD031296,"Police vs Robbers, Delta",2024-11-20,2024-11-20,2
IBD031275,"Banditry, Kaduna",2024-11-20,2024-11-20,13
IBD031265,"Gunmen vs Lawyer, Benue",2024-11-20,2024-11-20,1
IBD031260,"Police vs Soldiers, Ebonyi",2024-11-20,2024-11-20,1
IBD031269,"Auto Crash, Ogun",2024-11-20,2024-11-20,1
IBD031270,"Vigilantes vs Police, Anambra",2024-11-20,2024-11-20,2
IBD031263,"Auto Crash, Ogun",2024-11-20,2024-11-20,2
IBD031409,"Assailants vs Man, Oyo",2024-11-20,2024-11-20,1
IBD031279,"Vigilantes/Hunders vs Kidnappers, FCT (Abuja)",2024-11-20,2024-11-20,1
IBD031262,"Gunmen Kill Policemen, Abia",2024-11-19,2024-11-19,2
IBD031256,"NSCDC vs Boko Haram, Kaduna",2024-11-19,2024-11-19,53
IBD031301,"Kidnappers Kill Victim, Plateau",2024-11-19,2024-11-19,1
IBD031292,"Work-Related Violence, Taraba",2024-11-19,2024-11-26,3
IBD031267,"Classmates vs Girl, Kogi",2024-11-19,2024-11-19,1
IBD031253,"Boko Haram vs Army, Borno",2024-11-19,2024-11-19,32
IBD031254,"Banditry, Bauchi",2024-11-19,2024-11-19,1
IBD031257,"Auto Crash, FCT (Abuja)",2024-11-18,2024-11-18,3
IBD031276,"Assailants vs Motorcyclist, Kwara",2024-11-18,2024-11-18,1
IBD031271,"Drowns, Lagos",2024-11-18,2024-11-18,1
IBD031258,"Corpse Found, FCT (Abuja)",2024-11-18,2024-11-18,1
IBD031242,"Gunmen Attack, Anambra",2024-11-18,2024-11-18,2
IBD031266,"Herders vs Farmers, Nasarawa",2024-11-18,2024-11-18,3
IBD031241,"Gunmen Attack, Anambra",2024-11-18,2024-11-18,3
IBD031234,"Baby Corpe, Bauchi",2024-11-17,2024-11-17,1
IBD031248,"Auto Crash, FCT (Abuja)",2024-11-17,2024-11-17,2
IBD031243,"Gunmen vs Police, Abia",2024-11-17,2024-11-17,1
IBD031255,"Motorcyclist, Rivers",2024-11-17,2024-11-17,1
IBD031245,Ritual Killing Delta,2024-11-17,2024-11-17,1
IBD031261,"Mob vs Bike Thief, FCT (Abuja)",2024-11-17,2024-11-17,1
IBD031246,"Herders vs Farmer, Kano",2024-11-17,2024-11-17,1
IBD031238,"Man Drowns, Kano",2024-11-16,2024-11-16,1
IBD031251,"Boko Haram vs Soldiers, Borno",2024-11-16,2024-11-16,18
IBD031233,"Auto Crash, Lagos",2024-11-16,2024-11-16,1
IBD031252,"Bandits vs Farmers, Taraba",2024-11-16,2024-11-16,1
IBD031240,"Corpse Found, Anambra",2024-11-16,2024-11-16,1
IBD031239,"Man vs Neighbour, Kwara",2024-11-16,2024-11-16,1
IBD031236,"NAF vs Bandits, Zamfara",2024-11-15,2024-11-15,50
IBD031244,"Security Operatives Kills One, Niger",2024-11-15,2024-11-15,1
IBD031230,"Cult Killings, Benue",2024-11-15,2024-11-16,4
IBD031235,"Police vs Kidnapper, Rivers",2024-11-15,2024-11-15,1
IBD031322,"Banditary, Kaduna",2024-11-14,2024-11-14,1
IBD031473,"Police Brutality, Delta",2024-11-14,2024-11-14,1
IBD031231,"Electricity Vandal, Ebonyi",2024-11-14,2024-11-14,1
IBD031247,"Cult Killing, Benue",2024-11-14,2024-11-14,1
IBD031226,"Auto Crash, Osun",2024-11-13,2024-11-13,1
IBD031219,"Gunmen vs Soldier, Abia",2024-11-13,2024-11-13,2
IBD031625,"Extra-Judicial Killing, Abia",2024-11-13,2024-11-13,1
IBD031227,"Vigilantes vs Kidnappers,",2024-11-13,2024-11-13,7
IBD031215,Youths vs LASTMA/Police,2024-11-12,2024-11-12,1
IBD031211,"Auto Crash, Jigawa",2024-11-12,2024-11-12,11
IBD031228,"Auto Crash, Jigawa",2024-11-12,2024-11-12,3
IBD031250,"NAF vs Terrorists, Kaduna",2024-11-12,2024-11-12,50
IBD031222,"Banditry, Kaduna",2024-11-12,2024-11-12,1
IBD031225,"Hoodlums vs Man, Ogun",2024-11-12,2024-11-12,1
IBD031223,"Assailant vs Man, Ogun",2024-11-11,2024-11-11,1
IBD031216,Banditry Katsina,2024-11-11,2024-11-11,2
IBD031213,"Communal Clash, Delta",2024-11-11,2024-11-11,2
IBD031224,"Banditry, Kaduna",2024-11-11,2024-11-11,3
IBD031206,"Gunmen Attack, Ogun",2024-11-11,2024-11-11,2
IBD031217,"Auto Crash, Akwa Ibom",2024-11-11,2024-11-11,3
IBD031208,"Cult Killing, Edo",2024-11-11,2024-11-11,1
IBD031220,"Gunmen vs Students, Delta",2024-11-10,2024-11-10,2
IBD031210,"Auto Crash, Abia",2024-11-10,2024-11-10,2
IBD031207,"Young Men Drown, Ekiti",2024-11-10,2024-11-10,4
IBD031203,"Auto Crash, Lagos",2024-11-10,2024-11-10,4
IBD031209,"Assailants vs Herder, Plateau",2024-11-10,2024-11-10,1
IBD031204,"Boko Haram Attack, Borno",2024-11-10,2024-11-10,3
IBD031198,"Auto Crash, Sokoto",2024-11-09,2024-11-09,15
IBD031188,"Communal Clash, Ebonyi",2024-11-09,2024-11-09,3
IBD031201,"Soldiers vs Bandits, Kaduna",2024-11-09,2024-11-09,3
IBD031212,"Miners, Plateau",2024-11-09,2024-11-09,13
IBD031193,"Auto Crash, Katsina",2024-11-09,2024-11-09,14
IBD031199,"Mob vs Burglar, Rivers",2024-11-09,2024-11-09,1
IBD031237,"Mob vs Bandits, Kaduna",2024-11-09,2024-11-09,3
IBD031197,"Bandits vs Security Operatives, Katsina",2024-11-08,2024-11-08,2
IBD031202,"Auto Crash, Ekiti",2024-11-08,2024-11-08,1
IBD031192,"Domestic Violence, Adamawa",2024-11-08,2024-11-08,1
IBD031557,"Assaliants va Man, Ebonyi",2024-11-08,2024-11-08,1
IBD031186,"NAF vs ISWAP, Borno",2024-11-08,2024-11-08,70
IBD031195,"Lakurawa Kills 15, Kebbi",2024-11-08,2024-11-08,16
IBD031190,"NAF vs Terrorists, Zamfara",2024-11-08,2024-11-08,50
IBD031214,"Assailants vs Man, Kaduna",2024-11-07,2024-11-07,1
IBD031221,"Police Kill 1, FCT (Abuja)",2024-11-07,2024-11-07,1
IBD031176,"Auto Crash, Lagos",2024-11-07,2024-11-07,1
IBD031177,"Cult Attack, Rivers",2024-11-07,2024-11-07,1
IBD031205,"Robber vs Woman, Adamawa",2024-11-07,2024-11-07,1
IBD031187,"Security Operatives Kill 1, Plateau",2024-11-07,2024-11-07,1
IBD031191,"Gunmen Kidnap Chinese Expatriates, Cross River",2024-11-07,2024-11-07,1
IBD031167,"Mob vs Robber, Benue",2024-11-06,2024-11-06,1
IBD031185,"Man vs Houseboy, Enugu",2024-11-06,2024-11-06,1
IBD031218,"Medical Quackery, Ondo",2024-11-06,2024-11-06,2
IBD031183,"Fulani Militia Attack, Plateau",2024-11-06,2024-11-06,3
IBD031194,"Ritual Killing, Imo",2024-11-06,2024-11-06,1
IBD031180,"Vigilantes/Hunters vs Kidnappers, Nasarawa",2024-11-06,2024-11-06,10
IBD031182,"Gunmen Kill 3, Plateau",2024-11-06,2024-11-06,3
IBD031166,"Security Operatives vs Gunmen, Enugu",2024-11-06,2024-11-06,4
IBD031159,"Bomb Explosion, Imo",2024-11-05,2024-11-05,2
IBD031163,"Bandits vs Farmers, Niger",2024-11-05,2024-11-05,10
IBD031160,"Rape Victim, Bauchi",2024-11-05,2024-11-05,1
IBD031196,"Policemen vs Student, Kwara",2024-11-05,2024-11-05,1
IBD031172,"Banditry, Kaduna",2024-11-05,2024-11-05,2
IBD031181,"Herders vs Farmers, Edo",2024-11-04,2024-11-04,3
IBD031156,"Building Collapse, Rivers",2024-11-04,2024-11-04,1
IBD031165,"Dog vs Security Guard, Lagos",2024-11-04,2024-11-04,1
IBD031290,"Artisans, Edo",2024-11-04,2024-11-04,2
IBD031157,"Cult Clash, Benue",2024-11-04,2024-11-05,4
IBD031184,"Auto Crash, Jigawa",2024-11-04,2024-11-04,2
IBD031158,"Army vs Bandits, Plateau",2024-11-04,2024-11-04,5
IBD031179,"Assailant vs Motorcyclist, Kwara",2024-11-04,2024-11-04,1
IBD031143,"Man vs Scavenger, Enugu",2024-11-03,2024-11-03,1
IBD031152,"Cult Clash, Lagos",2024-11-03,2024-11-03,1
IBD031148,"Gunmen Kill Man, Plateau",2024-11-03,2024-11-03,1
IBD031151,"Gunmen Kill 1, Bauchi",2024-11-03,2024-11-03,1
IBD031155,"Army vs Boko Haram, Borno",2024-11-03,2024-11-03,25
IBD031150,"Electrocution, Gombe",2024-11-03,2024-11-03,1
IBD031147,"Gunmen Attack, Niger",2024-11-03,2024-11-03,1
IBD031161,"Army vs Bandits, Borno",2024-11-03,2024-11-03,24
IBD031135,"Auto Crash, Lagos",2024-11-03,2024-11-03,1
IBD031142,"Auto Crash, Lagos",2024-11-03,2024-11-03,1
IBD031134,"Scavengers vs Man, FCT (Abuja)",2024-11-02,2024-11-02,1
IBD031138,"Boko Haram Attack, Borno",2024-11-02,2024-11-02,7
IBD031140,"Man vs Youth, Abia",2024-11-02,2024-11-02,1
IBD031154,"Man Drowns, Kano",2024-11-02,2024-11-02,1
IBD031139,"Auto Crash, Ogun",2024-11-02,2024-11-02,2
IBD031170,"Hoodlums vs Cyclist, FCT (Abuja)",2024-11-02,2024-11-02,1
IBD031162,"Auto Crash, Niger",2024-11-02,2024-11-02,6
IBD031137,"Extrajudicial Killing, Anambra",2024-11-02,2024-11-02,1
IBD031132,"Gunmen vs Farmer, Ebonyi",2024-11-02,2024-11-02,3
IBD031133,"Police vs Soldier, Nasarawa",2024-11-02,2024-11-02,3
IBD031126,"Communal Clash, Benue",2024-11-02,2024-11-02,6
IBD031171,"Man vs KEDCO Staff, Kano",2024-11-01,2024-11-01,1
IBD031200,"NAF vs Boko Haram/ISWAP, Borno",2024-11-01,2024-11-08,87
IBD031125,"Herdsmen Attack, Benue",2024-11-01,2024-11-02,6
IBD031144,"Army vs Bandits, Niger",2024-11-01,2024-11-01,40
IBD031420,"Auto Crash, Edo",2024-11-01,2024-11-30,13
IBD031136,"Domestic Violence, Ogun",2024-11-01,2024-11-01,1
IBD031149,"Domestic Violence, Osun",2024-10-31,2024-10-31,1
IBD031117,"Building Collapse, Oyo",2024-10-31,2024-10-31,13
IBD031124,"Auto Crash, Kwara",2024-10-31,2024-10-31,1
IBD031130,"Police vs Bandits, Bauchi",2024-10-31,2024-10-31,6
IBD031264,"Gunmen Attack, Anambra",2024-10-31,2024-10-31,3
IBD031128,"Terrorists vs Vigilantes, Niger",2024-10-31,2024-10-31,13
IBD031123,"Cult War, Edo",2024-10-30,2024-10-30,1
IBD031129,"Domestic Violence, Oyo",2024-10-30,2024-10-30,1
IBD031120,"Gunmen Kills 3, Abia",2024-10-30,2024-10-30,3
IBD031141,"Gunmen Kill 2, Plateau",2024-10-30,2024-10-30,2
IBD031116,"Herders vs Farmers, Benue",2024-10-30,2024-10-30,16
IBD031118,"Vigilantes vs Bandits, Plateau",2024-10-30,2024-10-30,4
IBD031119,"Food Poisoning, Edo",2024-10-30,2024-10-30,5
IBD031112,"Mob vs Armed Robber, FCT (Abuja)",2024-10-29,2024-10-29,1
IBD031111,"Auto Crash, Niger",2024-10-29,2024-10-29,2
IBD031131,"Police vs IPOB/ESN, Imo",2024-10-29,2024-10-29,1
IBD031108,"Assailants vs Woman, Delta",2024-10-29,2024-10-29,1
IBD031113,"Hoodlums vs Man, Ebonyi",2024-10-29,2024-10-29,1
IBD031831,"Assailants vs Man, Anambra",2024-10-28,2024-10-28,1
IBD031110,"Man Murdered, Ogun",2024-10-28,2024-10-28,1
IBD031107,"Man vs Woman, Ondo",2024-10-28,2024-10-28,1
IBD031164,"Police vs Kidnappers, Delta",2024-10-28,2024-10-28,2
IBD031105,"Domestic Violence, Kano",2024-10-28,2024-10-28,1
IBD031099,"Bandits vs Farmers, Sokoto",2024-10-28,2024-10-28,4
IBD031106,"Cult Killing, Edo",2024-10-27,2024-10-27,8
IBD031102,"Gunmen vs Drummer, Edo",2024-10-27,2024-10-27,1
IBD031098,"Domestic Violence, Benue",2024-10-27,2024-10-27,1
IBD031095,"Herders vs Farmers, Adamawa",2024-10-27,2024-10-27,7
IBD031169,"Mining Pit Collapse, Adamawa",2024-10-26,2024-10-26,13
IBD031086,"Inferno, Ogun",2024-10-26,2024-10-26,1
IBD031189,"Mine Collapse, Taraba",2024-10-26,2024-10-26,13
IBD031100,"Gunmen vs Man, Rivers",2024-10-26,2024-10-26,1
IBD031096,"Auto Crash, Kwara",2024-10-26,2024-10-26,1
IBD031094,"Auto Crash, Lagos",2024-10-26,2024-10-26,1
IBD031091,"Auto Crash, Lagos",2024-10-26,2024-10-26,2
IBD031082,"Auto Crash, Lagos",2024-10-25,2024-10-25,1
IBD031087,"Policeman Kill Musician, Enugu",2024-10-25,2024-10-25,1
IBD031090,"Teacher vs Student, Ogun",2024-10-25,2024-10-25,1
IBD031080,"Naval Officer vs Colleague, Zamfara",2024-10-25,2024-10-25,1
IBD031101,"Soldiers vs Bandits, Kaduna",2024-10-25,2024-10-25,3
IBD031081,"Auto Crash, Ebonyi",2024-10-25,2024-10-25,5
IBD031088,"Auto Crash, Kaduna",2024-10-25,2024-10-25,13
IBD031103,"Hunter, Ogun",2024-10-25,2024-10-25,1
IBD031084,"Cult Killing , Akwa Ibom",2024-10-25,2024-10-25,1
IBD031145,"Witchcraft, Bauchi",2024-10-25,2024-10-25,1
IBD031093,"Build Collapse, FCT (Abuja)",2024-10-25,2024-10-25,7
IBD031097,"NAF vs Terrorists, Borno",2024-10-25,2024-10-25,43
IBD031076,"Cult Killing, Anambra",2024-10-24,2024-10-24,8
IBD031092,"Assailant vs Lady, Delta",2024-10-24,2024-10-24,1
IBD031070,"Auto Crash, Lagos",2024-10-23,2024-10-23,1
IBD031074,"Helicopter Crash, Rivers",2024-10-23,2024-10-23,8
IBD031077,"Auto Crash, FCT (Abuja)",2024-10-23,2024-10-23,1
IBD031078,"Farmers vs Herders, Kebbi",2024-10-23,2024-10-23,1
IBD031073,"Auto Crash, Ogun",2024-10-22,2024-10-22,1
IBD031065,"Auto Crash, Plateau",2024-10-21,2024-10-21,19
IBD031085,"Domestic Violence, Gombe",2024-10-21,2024-10-21,1
IBD031071,"Army vs IPOB/ESN, Anambra",2024-10-21,2024-10-21,28
IBD031059,"Cult Clash, Rivers",2024-10-21,2024-10-21,2
IBD031064,"IPOB/ESN Kill 2, Abia",2024-10-21,2024-10-21,2
IBD031168,"Police vs Armed Robbers, FCT (Abuja)",2024-10-21,2024-10-21,2
IBD031350,"Bandits vs Army, Zamfara",2024-10-21,2024-10-21,5
IBD031051,"Bandits Kill 2, Zamfara",2024-10-20,2024-10-20,2
IBD031042,"Cult Clash, Anambra",2024-10-20,2024-10-20,20
IBD031049,"Vigilante Kill Man, Anambra",2024-10-20,2024-10-20,1
IBD031075,"Securitymen Kill Man, Kwara",2024-10-20,2024-10-20,1
IBD031057,"Police vs Kidnappers, FCT (Abuja)",2024-10-20,2024-10-20,9
IBD031060,"Woman Found Dead, FCT (Abuja)",2024-10-20,2024-10-20,1
IBD031052,"Cult Killing, Rivers",2024-10-20,2024-10-20,5
IBD031058,"Bandits Kill Villagers, Niger",2024-10-20,2024-10-20,2
IBD031053,"Bandits Attack, Katsina",2024-10-19,2024-10-19,2
IBD031054,"Ritual Killing, Enugu",2024-10-19,2024-10-19,1
IBD031079,"Communal Clash, Edo",2024-10-19,2024-10-19,1
IBD031045,"Gas Explosion, Ebonyi",2024-10-19,2024-10-19,2
IBD031046,"Motorcyclists vs Assistant Superintendent, Lagos",2024-10-19,2024-10-19,2
IBD031055,"Bandits Kill 2, Katsina",2024-10-18,2024-10-18,2
IBD031048,"Auto Crash, Taraba",2024-10-18,2024-10-18,4
IBD031089,"Kidnapper Kills One, Gombe",2024-10-18,2024-10-18,1
IBD031044,"Mob vs Motorcycle Thief, Delta",2024-10-18,2024-10-18,2
IBD031047,"Herdsmen Kill 5, Benue",2024-10-18,2024-10-18,5
IBD031069,"Pregnant Woman, Imo",2024-10-18,2024-10-18,1
IBD031056,"Assailants vs School Principal, FCT (Abuja)",2024-10-18,2024-10-18,1
IBD031063,"Assailants vs Legislative Aide, FCT (Abuja)",2024-10-17,2024-10-17,1
IBD031041,"Police vs Kidnappers, Enugu",2024-10-17,2024-10-17,2
IBD031043,"Gunmen vs Police, Edo",2024-10-17,2024-10-17,2
IBD031034,"Thunder Strike, Kogi",2024-10-17,2024-10-17,1
IBD031050,"Bandits vs Herders, Kaduna",2024-10-17,2024-10-17,2
IBD031033,"Auto Crash, Lagos",2024-10-17,2024-10-17,1
IBD031038,"Auto Crash, Kogi",2024-10-17,2024-10-17,2
IBD031032,"Auto Crash, Ogun",2024-10-16,2024-10-16,2
IBD031121,"Brothers vs Neighbour, Jigiwa",2024-10-16,2024-10-16,1
IBD031028,"Boko Haram Attack, Borno",2024-10-16,2024-10-16,2
IBD031025,"Police vs Robbers, Imo",2024-10-16,2024-10-16,1
IBD031104,"One Killed, Oyo",2024-10-16,2024-10-16,1
IBD031026,"Assailants vs Graduate, Delta",2024-10-16,2024-10-16,1
IBD031066,"Auto Crash/Inferno, Ogun",2024-10-16,2024-10-16,1
IBD031040,"Security Operatives vs Man, Lagos",2024-10-16,2024-10-16,1
IBD031035,"Electrocution, Ogun",2024-10-16,2024-10-16,1
IBD031022,"Assailants vs Man, Oyo",2024-10-15,2024-10-15,1
IBD031037,"Electrocution, FCT (Abuja)",2024-10-15,2024-10-15,1
IBD031024,"Petrol Tanker Explosion, Jigawa",2024-10-15,2024-10-15,186
IBD031029,"Sex Romp, Niger",2024-10-15,2024-10-15,1
IBD031061,"Train Crushes Man, Lagos",2024-10-14,2024-10-14,1
IBD031017,"Domestic Violence, Lagos",2024-10-14,2024-10-14,1
IBD031021,"Gunmen Attack, Plateau",2024-10-14,2024-10-14,5
IBD031019,"Army vs Bandits, Kaduna",2024-10-14,2024-10-14,2
IBD031030,"Hoodlums vs Motorcycle Thief, FCT (Abuja)",2024-10-14,2024-10-14,1
IBD031011,"Auto Crash, Oyo",2024-10-14,2024-10-14,8
PAR012672,"Auto Crash, Lagos",2024-10-13,2024-10-13,3
IBD031016,"Auto Crash, Lagos",2024-10-13,2024-10-13,3
IBD031014,"Inferno, Lagos",2024-10-13,2024-10-13,4
IBD031006,"Petty Trader, Nasarawa",2024-10-13,2024-10-13,1
IBD031012,"Gunmen vs Police Officers, Delta",2024-10-13,2024-10-13,2
IBD031015,"Building Collapse, Lagos",2024-10-12,2024-10-12,2
IBD030995,"Auto Crash, Kaduna",2024-10-12,2024-10-12,1
IBD030972,"Gunmen vs Man, Edo",2024-10-12,2024-10-12,1
IBD031031,"Auto Crash, FCT (Abuja)",2024-10-12,2024-10-12,1
IBD018052,"Cultists vs Councillorship Candidate, Ogun",2024-10-12,2024-10-12,1
IBD031001,"Gunmen Kill 1, Kwara",2024-10-12,2024-10-12,1
IBD031004,"Train Accident, Lagos",2024-10-12,2024-10-12,1
IBD031000,"Assailant vs Tricycle Rider, Delta",2024-10-12,2024-10-12,1
IBD031003,"Sex Worker, Delta",2024-10-11,2024-10-11,1
IBD031005,"Gunmen vs Miners, Plateau",2024-10-11,2024-10-11,4
IBD031013,"Mysterious Death, Lagos",2024-10-11,2024-10-11,1
IBD030997,"Man Drowns, Lagos",2024-10-11,2024-10-11,1
IBD031008,"Assailants vs Herders, Plateau",2024-10-10,2024-10-10,1
IBD031007,"Corpse Found, Kwara",2024-10-10,2024-10-10,1
IBD030999,"Auto Crash, Ogun",2024-10-10,2024-10-10,3
IBD031010,"Political Violence, Plateau",2024-10-10,2024-10-10,1
IBD031009,"Assailants vs Herders, Plateau",2024-10-10,2024-10-10,1
IBD031018,"Mob vs Bike Thief, FCT (Abuja)",2024-10-09,2024-10-09,1
IBD031115,"Sankebites, Niger",2024-10-09,2024-10-16,5
IBD031114,"Security Operatives vs Man, Anambra",2024-10-09,2024-10-09,1
IBD030985,"Soldier vs Policeman, Lagos",2024-10-09,2024-10-09,1
IBD030976,"Auto Crash, Kaduna",2024-10-09,2024-10-09,4
IBD030993,"Fulani Herdsmen Attack, Benue",2024-10-09,2024-10-09,4
IBD030982,"Student Killed, Ondo",2024-10-09,2024-10-09,1
IBD030984,"Man vs Friend, Ondo",2024-10-09,2024-10-09,1
IBD031020,"Police vs Kidnappers, Niger",2024-10-09,2024-10-09,3
IBD030959,"Hoodlums Kill Man, Niger",2024-10-08,2024-10-08,1
IBD031423,"Ritual Killing, Delta",2024-10-08,2024-10-08,1
IBD030996,"Gunmen vs Security Personnel, Imo",2024-10-08,2024-10-08,40
IBD030974,"Boko Haram Attack, Borno",2024-10-08,2024-10-08,1
IBD030973,"Farmer vs Herder, FCT (Abuja)",2024-10-08,2024-10-08,1
IBD030998,"Domestic Valence, Jigawa",2024-10-08,2024-10-08,1
IBD030979,"Inferno, Delta",2024-10-08,2024-10-08,1
IBD031027,"Gunmen vs SuperSports Crew, Anambra",2024-10-08,2024-10-08,3
IBD030942,"Political Violence, Rivers",2024-10-07,2024-10-07,3
IBD030946,"Political Crisis, Rivers",2024-10-07,2024-10-07,1
IBD030943,"Political Violence, Rivers",2024-10-07,2024-10-07,1
IBD030963,"Boko Haram Attack, Borno",2024-10-07,2024-10-07,5
IBD030971,"Bouncer vs Man, Lagos",2024-10-07,2024-10-07,1
IBD030978,"Bandits vs Vigilante, Zamfara",2024-10-07,2024-10-07,9
IBD030956,"Banditry, Katsina",2024-10-07,2024-10-09,11
IBD030934,"Prostitute vs Customer, Lagos",2024-10-07,2024-10-07,1
PAR012675,"Kidnap Victim, Rivers",2024-10-07,2024-10-07,1
IBD030957,"Bandit vs District Head, Kebbi",2024-10-07,2024-10-07,1
IBD030970,"Gunmen Attack, Plateau",2024-10-07,2024-10-07,3
IBD030944,"Political Crisis, Rivers",2024-10-07,2024-10-07,1
IBD031083,"Domestic Violence, Ondo",2024-10-07,2024-10-07,1
IBD030983,"Migrants Farmers vs Youth Leader, Bayelsa",2024-10-07,2024-10-07,1
IBD030953,"Boat Mishap, Lagos",2024-10-07,2024-10-07,13
IBD030927,"Extra-Judicial Killing, Benue",2024-10-06,2024-10-06,1
IBD030933,"Cult Killing, Anambra",2024-10-06,2024-10-06,4
IBD030958,"Gunmen Attack, Anambra",2024-10-06,2024-10-06,5
IBD030930,"Police vs Kidnappers, Delta",2024-10-06,2024-10-06,3
IBD030937,"Domestic Violence, Kogi",2024-10-06,2024-10-06,1
IBD030962,"Ritual Killing, Anambra",2024-10-06,2024-10-06,1
IBD030952,"Assailant vs Hunter, Ogun",2024-10-05,2024-10-05,1
IBD030951,"Food Poisoning, Ondo",2024-10-05,2024-10-05,5
IBD030977,"Bandits vs APC Chairman, Kebbi",2024-10-05,2024-10-05,1
IBD030936,"Soldiers vs Bandits, Kaduna",2024-10-05,2024-10-05,3
IBD030975,"Train Accident, FCT (Abuja)",2024-10-05,2024-10-05,1
IBD030926,"Domestic Violence, Lagos",2024-10-04,2024-10-04,1
IBD030941,"Troops vs Boko Haram, Yobe",2024-10-04,2024-10-04,10
IBD031174,"Domestic Violence, Ebonyi",2024-10-04,2024-10-04,1
IBD030945,"Police vs Gunmen, Imo",2024-10-04,2024-10-04,1
IBD030954,"Flood Incident, Ondo",2024-10-04,2024-10-04,1
IBD030929,"Bandits vs Vigilante, Katsina",2024-10-04,2024-10-04,3
IBD030928,"Bandits vs Security Agents, Katsina",2024-10-04,2024-10-04,9
IBD030923,"Assailants vs Couple, Abia",2024-10-03,2024-10-03,2
IBD030922,"Gunmen vs Police Officers, Anambra",2024-10-03,2024-10-03,2
IBD030931,"Building Collapse, Delta",2024-10-03,2024-10-03,1
IBD030921,"Auto Crash, Nasarawa",2024-10-03,2024-10-03,4
IBD030925,"Domestic Violence, Lagos",2024-10-03,2024-10-03,1
IBD030935,"Auto Crash, FCT (Abuja)",2024-10-03,2024-10-03,1
IBD030919,"Soldiers Kill Bandit, Kaduna",2024-10-02,2024-10-02,1
IBD030914,"Gunmen vs Mechanic, Ogun",2024-10-02,2024-10-02,1
IBD030917,"Assailants vs Fisherman, Ogun",2024-10-02,2024-10-02,1
IBD030920,"Banditry, Katsina",2024-10-02,2024-10-02,20
IBD030924,"Police vs Commercial Driver, Akwa Ibom",2024-10-02,2024-10-02,1
IBD030918,"Electrocution, Lagos",2024-10-01,2024-10-01,1
IBD030955,"Female Genital Mutilation Victim, Delta",2024-10-01,2024-10-01,1
IBD030960,"Flooding Kills 1, Ebonyi",2024-10-01,2024-10-01,1
IBD030916,"Herdsmen Kill Soldiers, Benue",2024-10-01,2024-10-01,7
IBD031002,"Fulani Herdsmen vs Boy, Edo",2024-10-01,2024-10-13,15
IBD030961,"Flooding, Ebonyi",2024-10-01,2024-10-01,1
IBD030912,"Auto Crash, Lagos",2024-10-01,2024-10-01,10
IBD030909,"Boko Haram vs Farmers, Borno",2024-10-01,2024-10-01,6
IBD031146,"Suspected Herdsmen Attacks, Benue",2024-10-01,2024-10-31,38
IBD030913,"Boat Mishap, Niger",2024-10-01,2024-10-01,180
IBD030878,"Mob vs Bandits, Kaduna",2024-09-30,2024-09-30,2
IBD030915,"Auto Crash, Enugu",2024-09-30,2024-09-30,1
IBD030906,"Kidnappers vs Vigilante Commander, Kwara",2024-09-30,2024-09-30,1
IBD030885,"Father vs Son, Delta",2024-09-30,2024-09-30,3
IBD030895,"Auto Crash, Jigawa",2024-09-29,2024-09-29,6
IBD030896,"Auto Crash, Anambra",2024-09-29,2024-09-29,1
IBD030986,"Man vs Friends, Kano",2024-09-29,2024-09-29,1
IBD030903,"Gunmen vs Farmer, Benue",2024-09-29,2024-09-29,1
IBD030911,"Troops vs Boko Haram/ISWAP, Borno",2024-09-29,2024-09-29,5
IBD030980,"Drowning, Ogun",2024-09-29,2024-09-29,1
IBD030900,"Police vs Kidnappers, Akwa Ibom",2024-09-29,2024-09-29,3
IBD030898,"Mob vs Cable Thief, Lagos",2024-09-29,2024-09-29,1
IBD030907,"Extra-Judicial Killing, Yobe",2024-09-29,2024-09-29,1
IBD030899,"Auto Crash, Zamfara",2024-09-29,2024-09-29,6
IBD030886,"Bandits Kills 2, Kaduna",2024-09-29,2024-09-29,2
IBD030905,"Banditry, Zamafara",2024-09-29,2024-09-29,2
IBD030879,"Auto Crash, Ogun",2024-09-29,2024-09-29,2
IBD030891,"Police vs Gunman, Anambra",2024-09-29,2024-09-29,1
IBD030910,"Auto Crash, FCT (Abuja)",2024-09-28,2024-09-28,2
IBD030888,"Troops vs Terrorists, Kaduna",2024-09-28,2024-09-28,2
IBD030880,"Banditry, Katsina",2024-09-28,2024-09-28,2
IBD030882,"Flooding, Imo",2024-09-28,2024-09-28,1
IBD030887,"Troops vs Terrorist, Kaduna",2024-09-28,2024-09-28,1
IBD030877,"Teenage Girls Drown, Jigawa",2024-09-28,2024-09-28,4
IBD030876,"Lion vs Handler, Ogun",2024-09-28,2024-09-28,1
IBD030889,"Banditry, Kaduna",2024-09-28,2024-09-28,1
IBD030981,"Police vs Man, Delta",2024-09-27,2024-09-27,1
IBD030864,"Masqueraders Kill 2, Enugu",2024-09-27,2024-09-27,2
IBD030897,"Building Collapse, Lagos",2024-09-27,2024-09-27,1
IBD030874,"Troops vs Bandit, Kaduna",2024-09-27,2024-09-27,1
IBD030902,"NAF Attack, Kaduna",2024-09-27,2024-09-27,25
IBD030901,"Pastor Died, FCT (Abuja)",2024-09-26,2024-09-26,1
IBD030858,"Flood Incident, Niger",2024-09-25,2024-09-25,1
IBD030831,"Assailant Kills Boy, Ogun",2024-09-25,2024-09-25,1
IBD030846,"Army vs Bandits, Zamfara",2024-09-25,2024-09-25,2
IBD030850,"Flood Incident, Niger",2024-09-25,2024-09-25,5
IBD030860,"Flood Incident, Niger",2024-09-25,2024-09-25,1
IBD030852,"Flood Incident, Niger",2024-09-25,2024-09-25,2
IBD030854,"Flood Incident, Niger",2024-09-25,2024-09-25,2
IBD030824,"Auto Crash, Kano",2024-09-24,2024-09-24,5
IBD031072,"Auto Crash, FCT (Abuja)",2024-09-24,2024-09-24,1
IBD030829,"Flood Disaster, Oyo",2024-09-24,2024-09-24,1
IBD031062,"Corpse Found, Gombe",2024-09-23,2024-09-23,1
IBD030828,"Man vs Father, Kano",2024-09-23,2024-09-23,1
IBD030812,"Auto Crash, Lagos",2024-09-23,2024-09-23,3
IBD031109,"Site Engineer Dies, Lagos",2024-09-23,2024-09-23,1
IBD030825,"Boat Mishap, Borno",2024-09-23,2024-09-23,4
IBD030814,"Army vs Vandals, Rivers",2024-09-22,2024-09-22,2
IBD030811,"Train Accident, Lagos",2024-09-22,2024-09-22,1
IBD030819,"Hippopotamus vs Guard, Kebbi",2024-09-22,2024-09-22,1
IBD030815,"Troops vs Boko Haram/ISWAP, Yobe",2024-09-22,2024-09-22,4
IBD030810,"Troops vs Boko Haram/ISWAP Terrorists, Borno",2024-09-22,2024-09-22,3
IBD030807,"Bandits vs Imam, FCT (Abuja)",2024-09-22,2024-09-22,1
IBD030822,"Troops Kill Boko Haram, Borno",2024-09-22,2024-09-22,5
IBD030817,"Mob vs Man, Edo",2024-09-22,2024-09-22,2
IBD030808,"ISWAP Fighters Drown, Yobe",2024-09-22,2024-09-22,17
IBD030813,"Troops vs Boko Haram/ISWAP Terrorist, Borno",2024-09-22,2024-09-22,1
IBD030870,"Food Poisoning, Oyo",2024-09-22,2024-09-22,5
IBD030830,"Gunmen Kill Driver, Ekiti",2024-09-22,2024-09-22,1
IBD030806,"Soldier vs NSCDC Officer, Oyo",2024-09-22,2024-09-22,1
IBD030804,"Gunmen vs LG Worker, Osun",2024-09-21,2024-09-21,1
IBD030904,"2 Killed, Lagos",2024-09-21,2024-09-21,2
IBD030816,"Bandits vs Army, Zamfara",2024-09-21,2024-09-21,1
IBD030826,"Bandits vs Vigilantes, Kaduna",2024-09-21,2024-09-21,2
IBD030809,"Banditry, Kaduna",2024-09-21,2024-09-21,4
IBD030821,"Hoodlums vs Cyclist, FCT (Abuja)",2024-09-21,2024-09-21,1
IBD030827,"Thief Inside the Tank, Rivers",2024-09-21,2024-09-21,1
IBD030805,"Electrocution, Ogun",2024-09-20,2024-09-20,1
IBD030859,"Cult Killing, Lagos",2024-09-20,2024-09-20,1
IBD031175,"Domestic Violence, Ebonyi",2024-09-20,2024-09-20,1
IBD031608,"Poland Returnee, Abia",2024-09-20,2024-09-20,1
IBD030857,"Cult Clash, Lagos",2024-09-20,2024-09-20,1
IBD030856,"Cult Clash, Lagos",2024-09-19,2024-09-19,2
IBD030802,"Generator Fume, Ogun",2024-09-19,2024-09-19,1
IBD030853,"Cult Clash, Lagos",2024-09-19,2024-09-19,1
IBD030881,"Security Operatives vs Man, Ekiti",2024-09-19,2024-09-19,1
IBD030823,"Worker vs Colleague, Bauchi",2024-09-19,2024-09-19,1
IBD030803,"Bandits vs Farmers, Kaduna",2024-09-19,2024-09-19,2
IBD030861,"Cult Clash, Lagos",2024-09-18,2024-09-20,6
IBD030849,"Cult Clash, Lagos",2024-09-18,2024-09-18,1
IBD031036,"Victims of Organ Harvesting, Benue",2024-09-18,2024-09-18,2
IBD030801,"Auto Crash, FCT (Abuja)",2024-09-18,2024-09-18,3
IBD030855,"Cult Clash, Oyo",2024-09-17,2024-09-18,2
IBD030791,"Police vs Kidnapper, Edo",2024-09-17,2024-09-17,1
IBD030798,"Woman Dies, Lagos",2024-09-17,2024-09-17,1
IBD030800,"Building Collapse, Osun",2024-09-17,2024-09-17,1
IBD030848,"Cult Clash, Imo",2024-09-16,2024-09-23,8
IBD030797,"Man vs Fiancee, Kano",2024-09-16,2024-09-16,1
IBD030790,"Gunmen vs PoS Operator, Oyo",2024-09-16,2024-09-16,1
IBD030789,"Auto Crash, Ogun",2024-09-16,2024-09-16,11
IBD030774,"Auto Crash, Kaduna",2024-09-16,2024-09-16,38
IBD030772,"IPOB/ESN vs Police, Anambra",2024-09-16,2024-09-16,2
IBD030794,"Auto Crash, Lagos",2024-09-16,2024-09-16,1
IBD030776,"IPOB/ESN vs Police, Imo",2024-09-16,2024-09-16,3
IBD030792,"Troops vs Bandits, Kaduna",2024-09-16,2024-09-16,2
IBD031067,"Domestic Violence, Kano",2024-09-16,2024-09-16,2
IBD030784,"Bandits vs Army, Kaduna",2024-09-16,2024-09-16,2
IBD030873,"Flooding kills 2, Kebbi",2024-09-15,2024-09-21,2
IBD030871,"Flooding kills 5, Kebbi",2024-09-15,2024-09-21,5
IBD030777,"Neighbours, Lagos",2024-09-15,2024-09-15,2
IBD031039,"Electrocution, FCT (Abuja)",2024-09-15,2024-09-15,1
IBD030869,"Flooding kills 8, Kebbi",2024-09-15,2024-09-21,8
IBD030867,"Flooding Kills 7, Kebbi",2024-09-15,2024-09-21,7
IBD030767,"Kidnappers Attack, Niger",2024-09-15,2024-09-15,5
IBD030782,"Auto Crash, Oyo",2024-09-15,2024-09-15,3
IBD030787,"Bike Thief, FCT (Abuja)",2024-09-15,2024-09-15,1
IBD030771,"Cult Clash, Lagos",2024-09-15,2024-09-15,1
IBD030783,"Assailants vs Man, Yobe",2024-09-15,2024-09-15,1
IBD030775,"Auto Crash, Lagos",2024-09-15,2024-09-15,1
IBD030778,"Gunmen Kill 5, Plateau",2024-09-15,2024-09-15,5
IBD030781,"Banditary, Kaduna",2024-09-15,2024-09-15,3
IBD030872,"Flooding kills 7, Kebbi",2024-09-15,2024-09-21,7
IBD030779,"Auto Crash, Ondo",2024-09-15,2024-09-15,1
IBD030768,"Banditry, Kaduna",2024-09-15,2024-09-15,2
IBD030788,"Witchcraft, Adamawa",2024-09-14,2024-09-14,3
IBD030773,"Auto Crash, Ekiti",2024-09-14,2024-09-14,1
IBD030757,"Political Violence, Rivers",2024-09-14,2024-09-14,6
IBD030758,"Auto Crash, Oyo",2024-09-14,2024-09-14,5
IBD030762,"Boat Mishap, Zamfara",2024-09-14,2024-09-14,40
IBD030786,"Soldiers vs Bandits, Niger",2024-09-14,2024-09-14,3
IBD030760,"Auto Crash, Ogun",2024-09-14,2024-09-14,1
IBD030863,"Cult Clash, Lagos",2024-09-14,2024-09-14,6
IBD031127,"Organ Harvesting, Ebonyi",2024-09-14,2024-09-14,3
IBD030765,"Vandal Electrocuted, Yobe",2024-09-14,2024-09-14,1
IBD030769,"Auto Crash, Lagos",2024-09-14,2024-09-14,1
IBD030862,"Cult Killing, Lagos",2024-09-14,2024-09-14,1
IBD030766,"Gunmen vs Market Leader, Enugu",2024-09-14,2024-09-14,1
IBD030770,"Assailant vs Man, Plateau",2024-09-14,2024-09-14,1
IBD030755,"Stampede, Borno",2024-09-13,2024-09-13,2
IBD030748,"NAF vs Bandits, Zamfara",2024-09-13,2024-09-13,39
IBD030763,"Ritual Killing, Anambra",2024-09-13,2024-09-13,2
IBD030785,"Police vs Bandits, Niger",2024-09-13,2024-09-13,2
IBD030799,"Police vs Kidnapper, Rivers",2024-09-13,2024-09-13,1
IBD030733,"Banditry, Zamfara",2024-09-12,2024-09-12,8
IBD030759,"Auto Crash, Anambra",2024-09-12,2024-09-12,1
IBD030741,"Police vs Kidnappers, Rivers",2024-09-12,2024-09-12,4
IBD030754,"Auto Crash, Edo",2024-09-12,2024-09-12,5
IBD030738,"Auto Crash, Osun",2024-09-12,2024-09-12,24
IBD030793,"Students vs Colleague, Oyo",2024-09-12,2024-09-12,1
IBD030734,"Auto Crash, Kaduna",2024-09-12,2024-09-12,21
IBD030818,"Housewife vs Stepson, Benue",2024-09-12,2024-09-12,1
IBD030752,"Auto Crash, Edo",2024-09-12,2024-09-12,7
IBD030739,"Gunmen vs Woman, Kogi",2024-09-11,2024-09-11,1
IBD030737,"Auto crash, Ondo",2024-09-11,2024-09-11,2
IBD031908,"Police vs Kidnapper, Imo",2024-09-11,2024-09-11,1
IBD030724,"Security Operatives vs Boko Haram, Niger",2024-09-11,2024-09-11,23
IBD030725,"Auto Crash, Anambra",2024-09-11,2024-09-11,3
IBD031559,"Cultists Kill Man, Rivers",2024-09-11,2024-09-11,1
IBD030726,"Army vs Bandits, Kaduna",2024-09-10,2024-09-10,4
IBD030796,"Shop Demolition, Oyo",2024-09-10,2024-09-10,1
IBD030716,"Herdsmen Attack, Benue",2024-09-10,2024-09-10,7
IBD030625,"Auto Crash, Lagos",2024-09-10,2024-09-10,1
IBD030820,"Assailant vs Girl, Kaduna",2024-09-10,2024-09-10,1
IBD030746,"Herdsmen vs Farmers, Benue",2024-09-10,2024-09-10,2
IBD030718,"Charcoal Dealers, Bauchi",2024-09-10,2024-09-10,2
IBD030727,"Hoodlum vs Man, FCT (Abuja)",2024-09-10,2024-09-10,1
IBD030744,"Gas Explosion, Ebonyi",2024-09-10,2024-09-11,2
IBD030742,"Banditry, Kaduna",2024-09-10,2024-09-10,3
IBD030728,"Auto Crash, Kano",2024-09-10,2024-09-10,6
IBD030745,"Electrocution, FCT (Abuja)",2024-09-10,2024-09-10,1
IBD030714,"Gunmen Kill 3, Anambra",2024-09-09,2024-09-09,3
IBD030723,"Flooding, Borno",2024-09-09,2024-09-09,62
IBD030721,"Girl vs Friend, Lagos",2024-09-09,2024-09-09,1
IBD030719,"Electrocution, Lagos",2024-09-09,2024-09-09,1
IBD030710,"Gunmen Attack, Delta",2024-09-09,2024-09-09,3
IBD030720,"Security Operatives vs Bandits, FCT (Abuja)",2024-09-09,2024-09-09,5
IBD030715,"Auto Crash, FCT (Abuja)",2024-09-09,2024-09-09,2
IBD030705,"Flood Disaster, Kaduna",2024-09-08,2024-09-08,2
IBD030703,"Banditary, Kaduna",2024-09-08,2024-09-08,6
IBD030708,"Gunmen vs Pastor's Aide, Imo",2024-09-08,2024-09-08,1
IBD030695,"Auto Crash, Niger",2024-09-08,2024-09-08,64
IBD030700,"Auto Crash, Lagos",2024-09-08,2024-09-08,3
IBD030707,"Auto Crash, Niger",2024-09-08,2024-09-08,1
IBD030704,"Banditry, Kaduna",2024-09-08,2024-09-08,1
IBD030712,"Banditry, Kaduna",2024-09-08,2024-09-08,6
IBD030717,"Banditry, Kaduna",2024-09-08,2024-09-08,1
IBD030709,"Ritual Killing, Oyo",2024-09-08,2024-09-08,2
IBD030706,"Banditry, Sokoto",2024-09-08,2024-09-08,1
IBD030711,"Gunmen vs Businessman, Anambra",2024-09-08,2024-09-08,1
IBD030731,"Hunter vs Teenager, Lagos",2024-09-08,2024-09-08,1
IBD030698,"Domestic Violence, Delta",2024-09-07,2024-09-07,1
IBD030697,"Boy Drowns, Kano",2024-09-07,2024-09-07,1
IBD030701,"Auto Crash, FCT (Abuja)",2024-09-07,2024-09-07,8
IBD030696,"Man Found Dead, Kano",2024-09-07,2024-09-07,1
IBD030702,"Building Collapse, Kano",2024-09-07,2024-09-07,1
IBD030699,"Drowns, Jigawa",2024-09-07,2024-09-07,1
IBD030694,"Soldiers vs IPOB Members, Anambra",2024-09-06,2024-09-06,5
IBD030691,"Gunmen Kill Man, Lagos",2024-09-06,2024-09-06,1
IBD030686,"Man vs Lover, Edo",2024-09-06,2024-09-06,1
IBD030689,"Auto Crash, Kano",2024-09-06,2024-09-06,4
IBD030692,"Police vs Bandit, Kebbi",2024-09-06,2024-09-06,1
IBD030681,"Vigilante Kills IPOB Coordinator, Anambra",2024-09-05,2024-09-05,1
IBD030680,"Boat Mishap, Nasarawa",2024-09-05,2024-09-05,4
IBD030688,"Flood Disaster, Anambra",2024-09-05,2024-09-05,2
IBD030679,"Gunmen kill 1, Oyo",2024-09-04,2024-09-04,1
IBD031122,"Domestic Violence, Ebonyi",2024-09-04,2024-09-04,1
IBD030682,"Police Officer vs Student, Kwara",2024-09-04,2024-09-04,1
IBD030664,"Building Collapse, Kano",2024-09-04,2024-09-04,3
IBD030713,"Kidnappers Kill Teenager, Ogun",2024-09-04,2024-09-04,1
IBD031173,"Domestic Violence, Ebonyi",2024-09-04,2024-09-04,1
IBD030654,"Gunmen Attack, Imo",2024-09-04,2024-09-04,3
IBD030666,"Security Operatives vs Man, Anambra",2024-09-04,2024-09-04,1
IBD030735,"Student Kidnap Colleague, Kogi",2024-09-04,2024-09-04,1
IBD030644,"IPOB/ESN vs Police, Anambra",2024-09-03,2024-09-03,1
IBD030655,"Fulani Herdsmen Attack, Plateau",2024-09-03,2024-09-03,11
IBD030656,"Gunmen vs Policeman, Imo",2024-09-03,2024-09-03,1
IBD030732,"Man Kills Teenager, Lagos",2024-09-03,2024-09-03,1
IBD030667,"Auto Crash, Ogun",2024-09-03,2024-09-03,1
IBD030647,"Gunmen vs Politician, Benue",2024-09-03,2024-09-03,1
IBD030658,"Ritual, Abia",2024-09-03,2024-09-03,1
IBD030662,"Boko Haram vs Farmers, Niger",2024-09-03,2024-09-03,2
IBD030663,"Gunmen Attack, Rivers",2024-09-03,2024-09-03,2
IBD030665,"Medical Quackery, Nasarawa",2024-09-03,2024-09-03,1
IBD030659,"Herders vs Farmer, FCT (Abuja)",2024-09-03,2024-09-03,1
IBD030736,"Cult Clash, Lagos",2024-09-03,2024-09-03,1
IBD030645,"Electrocution, Benue",2024-09-03,2024-09-03,1
IBD030660,"Mob Lynch Man, Ogun",2024-09-03,2024-09-03,1
IBD030661,"Soldiers vs Bandits, Kaduna",2024-09-02,2024-09-02,2
IBD030657,"Gunmen vs Lawyer, Abia",2024-09-02,2024-09-02,1
IBD030649,"Youths vs Couple, Imo",2024-09-02,2024-09-02,2
IBD030648,"Police vs Bandits, Sokoto",2024-09-02,2024-09-02,1
IBD030652,"Hunters vs Bandits, Kaduna",2024-09-02,2024-09-02,2
IBD030908,"Ritual Killing, Kwara",2024-09-02,2024-09-02,1
IBD030646,"Security Personnel Kills 2, Adamawa",2024-09-02,2024-09-02,2
IBD030635,"Gunmen Attack, Sokoto",2024-09-02,2024-09-02,2
IBD030637,"Kidnappers Kill 3, Delta",2024-09-02,2024-09-02,3
IBD030638,"Hoodlums Kill 1, Niger",2024-09-02,2024-09-02,1
IBD030624,"Auto Crash, Ogun",2024-09-01,2024-09-01,2
IBD030548,"Mysterious Deaths, Enugu",2024-09-01,2024-09-01,4
IBD030651,"Banditry, Kaduna",2024-09-01,2024-09-01,2
IBD030632,"Boko Haram Attack, Yobe",2024-09-01,2024-09-01,74
IBD030629,"Soldiers Kill Bandits, Kaduna",2024-09-01,2024-09-01,3
IBD030650,"Army vs Boko Haram/ISWAP Terrorists, Borno",2024-09-01,2024-09-01,2
IBD030685,"Army vs Terrorists, Kaduna",2024-09-01,2024-09-07,76
IBD030683,"Banditry, Katsina",2024-09-01,2024-09-07,76
IBD030628,"Kidnappers vs School Girl, Ogun",2024-09-01,2024-09-01,1
IBD030671,"Auto Crash, Ogun",2024-09-01,2024-09-01,1
IBD030631,"Native Doctor vs Client, Edo",2024-09-01,2024-09-01,1
IBD030636,"Auto Crash, Niger",2024-09-01,2024-09-01,2
IBD030623,"NAF vs Terrorists, Kaduna",2024-08-31,2024-08-31,5
IBD030634,"Gunmen vs Assembly's Aide, Edo",2024-08-31,2024-08-31,1
IBD030619,"Auto Crash, Osun",2024-08-31,2024-08-31,4
IBD030639,"Youths vs Bandits, Kaduna",2024-08-31,2024-08-31,1
IBD030643,"Gunmen vs Vigilantes, Kogi",2024-08-31,2024-08-31,3
IBD030630,"Auto Crash, Niger",2024-08-31,2024-08-31,4
IBD030642,"Gunmen Attack, Ekiti",2024-08-31,2024-08-31,2
IBD030626,"Cult Clash, Lagos",2024-08-31,2024-08-31,2
IBD030614,"Boko Haram vs Students, Yobe",2024-08-30,2024-08-30,3
IBD030618,"Auto Crash, Ogun",2024-08-30,2024-08-30,6
IBD030743,"Herdsmen Attack, Ondo",2024-08-30,2024-08-30,2
IBD030641,"Kidnap Victim, Nasarawa",2024-08-30,2024-09-30,1
IBD030938,"Assailant vs Lady, Ogun",2024-08-30,2024-08-30,1
IBD031023,"Assailant vs Man, Adamawa",2024-08-30,2024-08-30,1
IBD030627,"Hoodlums vs Motorcyclist, Niger",2024-08-30,2024-08-30,1
IBD030617,"Herdsmen Kill 3 Farmers, Benue",2024-08-29,2024-08-29,3
IBD030616,"Banditry, FCT (Abuja)",2024-08-29,2024-08-29,1
IBD030606,"Army vs Bandits, Kaduna",2024-08-29,2024-08-29,8
IBD030615,"Army Kills 1, Kaduna",2024-08-29,2024-08-29,1
IBD030610,"Residents vs Bandits, Zamfara",2024-08-28,2024-08-28,38
IBD030611,"Banditry, Kaduna",2024-08-28,2024-08-28,3
IBD030621,"Boat Mishap, Bauchi",2024-08-28,2024-08-28,17
IBD030747,"Flooding, Katsina",2024-08-28,2024-09-04,3
IBD030750,"Flooding, Katsina",2024-08-28,2024-09-04,3
IBD030751,"Flooding, Katsina",2024-08-28,2024-09-04,3
IBD030749,"Flooding, Katsina",2024-08-28,2024-09-04,3
IBD030753,"Flooding, Katsina",2024-08-28,2024-09-04,3
IBD030608,"Police vs Kidnap Kingpin, Cross River",2024-08-28,2024-08-28,1
IBD030622,"Building Collapse, Kano",2024-08-27,2024-08-27,1
IBD030612,"Boy Drowns, Jigawa",2024-08-27,2024-08-27,1
IBD030601,"Farmers vs Herders, Niger",2024-08-27,2024-08-27,3
IBD030579,"Train Accident, Lagos",2024-08-27,2024-08-27,1
IBD030604,"Soldier vs Bandits, Kaduna",2024-08-27,2024-08-27,2
IBD030729,"Herders vs Farmer, Oyo",2024-08-27,2024-08-27,10
IBD030597,"Man vs Neighbour's Daughter, Enugu",2024-08-27,2024-08-27,1
IBD030580,"Flooding, Jigawa",2024-08-27,2024-08-27,5
IBD030602,"Security Operatives vs Robber, Kaduna",2024-08-27,2024-08-27,1
IBD030588,"Medical Negligence, Lagos",2024-08-27,2024-08-27,1
IBD030586,"Auto Crash, Ogun",2024-08-27,2024-08-27,2
IBD030583,"Hoodlums vs Farmer, FCT (Abuja)",2024-08-26,2024-08-26,1
IBD030585,"Auto Crash, Ondo",2024-08-26,2024-08-26,16
IBD030576,"Gunmen vs Monarch's Son, Lagos",2024-08-26,2024-08-26,1
IBD030570,"Boat Capsize, Bayelsa",2024-08-25,2024-08-25,1
IBD030575,"Police vs Kidnappers, Katsina",2024-08-25,2024-08-25,2
IBD030563,"Shi'ite vs Police, FCT (Abuja)",2024-08-25,2024-08-25,12
IBD030577,"Army vs Bandits, Kaduna",2024-08-25,2024-08-25,1
IBD030605,"Mob vs Thief, FCT (Abuja)",2024-08-25,2024-08-25,1
IBD030567,"Childbirth Complications, Edo",2024-08-24,2024-08-24,1
IBD030581,"Bandits vs Vigilante, Kaduna",2024-08-24,2024-08-24,1
IBD030574,"Gunmen vs Woman, Benue",2024-08-24,2024-08-24,1
IBD030569,"Flood Incident, Adamawa",2024-08-24,2024-08-24,7
IBD030564,"Assailants vs Motorcyclist, Ondo",2024-08-24,2024-08-24,1
IBD030609,"Soldier Kill Police, Kebbi",2024-08-24,2024-08-24,1
IBD030578,"Gunmen vs Teacher, Nasarawa",2024-08-23,2024-08-23,1
IBD030566,"Auto Crash, Ogun",2024-08-23,2024-08-23,6
IBD030678,"Cult Clash, Lagos",2024-08-23,2024-08-23,1
IBD030571,"Gunmen Kill 5, Benue",2024-08-23,2024-08-23,5
IBD030620,"Domestic Violence, Lagos",2024-08-23,2024-08-23,1
IBD030558,"Auto Crash, Ogun",2024-08-23,2024-08-23,2
IBD030565,"Security Operatives vs Kidnappers, Benue",2024-08-23,2024-08-23,1
IBD030568,"Gunmen Kill 1, Benue",2024-08-23,2024-08-23,1
IBD030573,"Rape Victim, FCT (Abuja)",2024-08-23,2024-08-23,1
IBD030559,"Auto Crash, Lagos",2024-08-22,2024-08-22,1
IBD030556,"Boko Haram vs Farmers, Borno",2024-08-22,2024-08-22,4
IBD030613,"Army vs Boko Haram, Borno",2024-08-22,2024-08-26,40
IBD030554,"Auto Crash, Osun",2024-08-22,2024-08-22,1
IBD030562,"Soldiers Kills 3, Kaduna",2024-08-22,2024-08-22,3
IBD030552,"Boat Mishap, Kano",2024-08-21,2024-08-21,4
IBD030555,"Herders vs Farmers, Niger",2024-08-21,2024-08-21,5
IBD030544,"Police vs Gunmen, Enugu",2024-08-21,2024-08-21,28
IBD030550,"Boat Mishap, Taraba",2024-08-21,2024-08-21,4
IBD030543,"Terrorists vs Monarch, Sokoto",2024-08-21,2024-08-21,1
IBD030572,"NAF vs Bandits, Kaduna",2024-08-21,2024-08-21,20
IBD030522,"Bandits Kill Farmers, Niger",2024-08-21,2024-08-21,13
IBD030560,"Mysterious Death, Rivers",2024-08-20,2024-08-20,1
IBD030561,"Gunmen vs Travellers, Kaduna",2024-08-20,2024-08-20,4
PAR012636,"Driver Kill Employer, Kwara",2024-08-20,2024-08-20,1
IBD030677,"Cult Clash, Lagos",2024-08-20,2024-08-20,1
IBD030676,"Cult Killing, Lagos",2024-08-20,2024-08-20,1
IBD030584,"Fisherman, Rivers",2024-08-20,2024-08-20,1
IBD030525,"Auto Crash, Delta",2024-08-19,2024-08-19,1
IBD030531,"Banditry, Kaduna",2024-08-19,2024-08-19,2
IBD030540,"Hunters vs Herders, Ogun",2024-08-19,2024-08-19,1
IBD030582,"Tea Vendor vs Man, Jigawa",2024-08-19,2024-08-19,1
IBD030539,"Rape Victim, Kano",2024-08-19,2024-08-19,1
IBD030551,"Gunmen Kill 3, Kaduna",2024-08-19,2024-08-19,3
IBD030669,"Kidnapper vs Student, Lagos",2024-08-19,2024-08-19,1
IBD030537,"Fasting, Lagos",2024-08-19,2024-08-19,1
IBD030527,"Inferno, Lagos",2024-08-19,2024-08-19,1
IBD030546,"Army vs Bandits, Plateau",2024-08-19,2024-08-19,20
IBD030532,"Corpse Found, FCT (Abuja)",2024-08-19,2024-08-19,1
IBD031660,"Drug Addict vs Girl, Enugu",2024-08-18,2024-08-18,1
IBD030518,"Auto Crash, Ogun",2024-08-18,2024-08-18,1
IBD030530,"Gunmen Attack, Katsina",2024-08-18,2024-08-18,1
IBD030674,"Cult Clash, Lagos",2024-08-18,2024-08-18,3
IBD030534,"Gunmen vs Police, Enugu",2024-08-18,2024-08-18,4
IBD030533,"Banditry, Katsina",2024-08-18,2024-08-18,3
IBD030894,"3 Killed, Akwa Ibom",2024-08-18,2024-08-18,3
IBD030549,"Herders vs Bandits, Kaduna",2024-08-18,2024-08-18,2
IBD030526,"Mob vs Armed Robbers, Bauchi",2024-08-18,2024-08-18,3
IBD030764,"Man Kills Friend, Ogun",2024-08-18,2024-08-18,1
IBD030557,"Assailant vs Provision Seller, Nasarawa",2024-08-18,2024-08-18,1
IBD030545,"NAF vs Boko Harm, Borno",2024-08-18,2024-08-18,40
IBD030520,"Inferno, Borno",2024-08-18,2024-08-18,4
IBD030538,"Miners Killed, Niger",2024-08-17,2024-08-17,2
IBD030521,"Army vs Bandits, Kaduna",2024-08-17,2024-08-17,2
IBD030535,"Food Poison, Kwara",2024-08-17,2024-08-19,4
IBD030607,"Vigilantes vs Undergraduate, Anambra",2024-08-17,2024-08-17,1
IBD030519,"Army vs Boko Haram Commander, Borno",2024-08-17,2024-08-17,3
IBD030517,"Building Collapse, Kano",2024-08-17,2024-08-17,2
IBD030523,"Terrorists vs Governor's Aide, Katsina",2024-08-16,2024-08-16,1
IBD030524,"Food Poison, Sokoto",2024-08-16,2024-08-19,5
IBD030516,"Gunmen vs Police, Anambra",2024-08-16,2024-08-16,1
IBD030512,"Gunmen vs Project Coordinator, Nasarawa",2024-08-16,2024-08-16,1
IBD030509,"Auto Crash, Anambra",2024-08-15,2024-08-15,1
IBD030541,"Auto Crash, FCT (Abuja)",2024-08-15,2024-08-15,1
IBD030633,"Boko Haram Kills 2, Yobe",2024-08-15,2024-08-15,2
IBD030653,"Inferno, Kano",2024-08-15,2024-08-15,3
IBD030675,"Cultist Kill 1, Lagos",2024-08-15,2024-08-15,1
IBD030851,"Cult Killing, Lagos",2024-08-15,2024-08-15,1
IBD030501,"Farmers vs Herders, Adamawa",2024-08-14,2024-08-14,5
IBD030508,"Communal Clash, Kwara",2024-08-14,2024-08-14,2
IBD030500,"Auto Crash, Abia",2024-08-14,2024-08-14,11
IBD030502,"Communal Clash, Niger",2024-08-14,2024-08-14,1
IBD030505,"Man Dies, Niger",2024-08-14,2024-08-14,1
IBD030529,"Farmer vs Herders, FCT",2024-08-14,2024-08-14,1
IBD030510,"Police vs Truck Driver, Abia",2024-08-14,2024-08-14,1
IBD030722,"Pastor vs Wife, Anambra",2024-08-13,2024-08-13,1
IBD030499,"Baby Found Dead, Anambra",2024-08-13,2024-08-13,1
IBD030468,"Auto Crash, Ogun",2024-08-13,2024-08-13,12
IBD030487,"Herdsmen vs Farmer, Ondo",2024-08-13,2024-08-13,1
IBD030515,"Food Poisoning, Kano",2024-08-13,2024-08-13,6
IBD030542,"Food Poison, Nasarawa",2024-08-13,2024-08-13,6
IBD030479,"Banditry, Kaduna",2024-08-13,2024-08-13,1
IBD030507,"Man Stabs Friend, FCT (Abuja)",2024-08-13,2024-08-13,1
IBD030472,"Auto Crash, Oyo",2024-08-13,2024-08-13,16
IBD030457,"Auto Crash, Ogun",2024-08-12,2024-08-12,2
IBD030452,"Gunmen Attack, Zamfara",2024-08-12,2024-08-12,2
IBD030640,"Police vs Robber, Kaduna",2024-08-12,2024-09-02,1
IBD030471,"Flooding, Bauchi",2024-08-12,2024-08-12,1
IBD030474,"Baby Found Dead, Niger",2024-08-12,2024-08-12,1
IBD030451,"Gunmen vs Travellers, Taraba",2024-08-12,2024-08-12,7
IBD030470,"Flooding, Bauchi",2024-08-12,2024-08-12,1
IBD030504,"Boy Drowns, FCT (Abuja)",2024-08-12,2024-08-12,1
IBD030456,"Gunmen vs Doctor, Kaduna",2024-08-12,2024-08-12,1
IBD030467,"Army vs Boko Haram, Borno",2024-08-12,2024-08-12,5
IBD030478,"Communal Clash, Enugu",2024-08-12,2024-08-12,4
IBD030498,"Drowns, Jigawa",2024-08-12,2024-08-12,2
IBD030473,"Gunmen vs Monarch, Kogi",2024-08-12,2024-08-12,1
IBD030469,"Flooding, Bauchi",2024-08-12,2024-08-12,1
IBD030453,"Guard, Osun",2024-08-12,2024-08-12,1
IBD030490,"Flooding Kills 1, Jigawa",2024-08-11,2024-08-12,1
IBD030496,"Flooding, Jigawa",2024-08-11,2024-08-12,1
IBD030454,"Banditry, Niger",2024-08-11,2024-08-11,1
IBD030476,"Bandits Kill Farm Manager, Niger",2024-08-11,2024-08-11,1
IBD030492,"Flooding, Jigawa",2024-08-11,2024-08-12,1
IBD030486,"Flooding, Jigawa",2024-08-11,2024-08-11,2
IBD030450,"Flooding/Building Collapse, Jigawa",2024-08-11,2024-08-11,2
IBD030465,"Banditry, Kaduna",2024-08-11,2024-08-11,1
IBD030462,"Cult Clash, Ogun",2024-08-11,2024-08-11,1
IBD030485,"Flooding Kills 1, Jigawa",2024-08-11,2024-08-11,2
IBD030497,"Flooding, Jigawa",2024-08-11,2024-08-11,1
IBD030488,"Flooding Kills 1, Jiagawa",2024-08-11,2024-08-11,2
IBD030424,"Auto Crash, Abia",2024-08-11,2024-08-11,7
IBD030475,"Gunmen Kill 1, Benue",2024-08-11,2024-08-11,1
IBD030494,"Flooding, Jigawa",2024-08-11,2024-08-12,1
IBD030495,"Flooding, Jigawa",2024-08-11,2024-08-12,1
IBD030441,"Boat Mishap, Sokoto",2024-08-11,2024-08-11,12
IBD030489,"Flooding, Jigawa",2024-08-11,2024-08-11,1
IBD030459,"Auto Crash, Ekiti",2024-08-11,2024-08-11,1
IBD030480,"Ritual Killing, Oyo",2024-08-11,2024-08-11,1
IBD030493,"Flooding, Jigawa",2024-08-11,2024-08-11,1
IBD030482,"Hunters vs Thief, Yobe",2024-08-11,2024-08-11,2
IBD030455,"Banditry, Niger",2024-08-11,2024-08-11,1
IBD030483,"Mob vs Motorcycle Thief, FCT (Abuja)",2024-08-11,2024-08-11,1
IBD030440,"Four Die, Imo",2024-08-10,2024-08-10,4
IBD030449,"Herders vs Farmer, Ondo",2024-08-10,2024-08-10,1
IBD030506,"Banditry, Kaduna",2024-08-10,2024-08-10,1
IBD030443,"Bandit vs Army, Sokoto",2024-08-10,2024-08-10,4
IBD030447,"Drown, Jigawa",2024-08-10,2024-08-10,3
IBD030445,"Food Poisoning, Sokoto",2024-08-10,2024-08-10,7
IBD030446,"Ritual Killing, Oyo",2024-08-10,2024-08-10,1
IBD030536,"Ritual Killing, Kwara",2024-08-09,2024-08-09,1
IBD030461,"Hoodlums Clash, Niger",2024-08-09,2024-08-09,3
IBD030429,"Auto Crash, Kaduna",2024-08-09,2024-08-09,11
IBD030442,"Cult Killing, Ogun",2024-08-09,2024-08-09,2
IBD030432,"Gunmen vs Humanitarian Worker, Benue",2024-08-09,2024-08-09,1
IBD030430,"Gunmen vs Police, Anambra",2024-08-09,2024-08-09,1
IBD030416,"Gunmen Attack, FCT (Abuja)",2024-08-08,2024-08-08,1
IBD030412,"Boat Mishap, Jigawa",2024-08-08,2024-08-08,5
IBD030422,"Electrocution, Akwa Ibom",2024-08-08,2024-08-08,1
IBD030425,"Man Dies, Delta",2024-08-08,2024-08-08,1
IBD030460,"Banditry, Kaduna",2024-08-08,2024-08-08,3
IBD030423,"Electrocution, Akwa Ibom",2024-08-08,2024-08-08,1
IBD030421,"Banditry, Benue",2024-08-08,2024-08-08,50
IBD030426,"Gunmen Kill Hotelier, Kwara",2024-08-08,2024-08-08,1
IBD030448,"Boko Haram Attack, Borno",2024-08-08,2024-08-08,2
IBD030458,"Communal Clash, Kwara",2024-08-08,2024-08-08,2
IBD030418,"Vigilantes vs Bandits, Kaduna",2024-08-08,2024-08-08,9
IBD030491,"Police vs Kidnappers, Delta",2024-08-08,2024-08-08,1
IBD030431,"Auto Crash, Ogun",2024-08-08,2024-08-08,3
IBD030413,"Boat Mishap, Bayelsa",2024-08-07,2024-08-07,20
IBD030415,"Crossdresser Found Dead, FCT (Abuja)",2024-08-07,2024-08-07,1
IBD030407,"Banditry, Kaduna",2024-08-07,2024-08-07,6
IBD030419,"Cultist vs Man, Bayelsa",2024-08-07,2024-08-07,1
IBD030414,"Generator Fume Kills 5, Abia",2024-08-07,2024-08-07,5
IBD030427,"Gunmen vs Woman, Plateau",2024-08-07,2024-08-07,1
IBD030410,"Army vs Bandits, Kaduna",2024-08-07,2024-08-07,2
IBD030420,"Hoodlums vs Cyclist, FCT (Abuja)",2024-08-07,2024-08-07,1
IBD030400,"Protesters vs Security Operatives, Kaduna",2024-08-06,2024-08-06,1
IBD030444,"Security Operatives vs Man, Bauchi",2024-08-06,2024-08-06,1
IBD030411,"Auto Crash, Ogun",2024-08-06,2024-08-06,1
IBD030409,"Army vs PDP Supporters, Bauchi",2024-08-06,2024-08-06,1
IBD030404,"Food Poisoning, Kogi",2024-08-06,2024-08-06,6
IBD030401,"Cultists vs Barber, Ogun",2024-08-05,2024-08-05,1
IBD030403,"Flood Disaster, Kebbi",2024-08-05,2024-08-05,2
IBD030402,"Food Poisoning, Kwara",2024-08-05,2024-08-05,4
IBD030463,"Ex-Soldiers vs Tricycle Rider, Borno",2024-08-05,2024-08-05,1
IBD030481,"Man vs Son, Lagos",2024-08-05,2024-08-05,1
IBD030408,"Assailants vs Motorcyclists, Ondo",2024-08-05,2024-08-05,2
IBD030395,"Protesters vs Security Operatives, Bauchi",2024-08-05,2024-08-05,1
IBD030388,"Gunmen Kill Youth Leader, Kogi",2024-08-05,2024-08-05,1
IBD030406,"Bandits Kill Man, Katsina",2024-08-05,2024-08-05,1
IBD030756,"Ritual Killing, Kogi",2024-08-04,2024-08-04,1
IBD030387,"Corpse Found Inside Well, Kwara",2024-08-04,2024-08-04,1
IBD030398,"Soldiers vs Kidnappers, Kaduna",2024-08-04,2024-08-04,3
IBD030503,"Man vs Boy, Bauchi",2024-08-04,2024-08-04,1
IBD030405,"Herder vs Rustler, Benue",2024-08-03,2024-08-03,1
IBD030399,"Cult Clash, Delta",2024-08-03,2024-08-04,4
IBD030384,"Protesters vs Security Operatives, Kano",2024-08-03,2024-08-03,4
IBD030668,"Stray Bullet, Ebonyi",2024-08-03,2024-08-03,1
IBD030396,"Protesters vs Security Operatives, Kano",2024-08-03,2024-08-03,8
IBD030466,"Boko Haram vs ISWAP, Borno",2024-08-03,2024-08-03,100
IBD030386,"Gunmen Kill 7, Imo",2024-08-03,2024-08-03,7
IBD030393,"Bandits Kill Farmers, Sokoto",2024-08-02,2024-08-02,8
IBD030389,"Baby Corpse, FCT (Abuja)",2024-08-02,2024-08-02,1
IBD030417,"Army vs Boko Haram, Borno",2024-08-02,2024-08-02,10
IBD030437,"Electrocution, Lagos",2024-08-02,2024-08-02,1
IBD030372,"Protesters vs Security Operatives, Abuja",2024-08-01,2024-08-01,1
IBD030371,"Protesters vs Security Operatives, Kano",2024-08-01,2024-08-01,1
IBD031787,"Political Crisis, Kano",2024-08-01,2024-08-10,10
IBD030390,"Banditary, Kaduna",2024-08-01,2024-08-01,1
IBD030366,"Protesters vs Security Operatives, Kaduna",2024-08-01,2024-08-01,3
IBD030464,"Food Poisoning, Gombe",2024-08-01,2024-08-01,1
IBD030369,"Protesters vs Security Operatives, Jigawa",2024-08-01,2024-08-01,3
IBD030397,"Protesters vs Security Operatives, Niger",2024-08-01,2024-08-01,3
IBD030362,"Protesters vs Security Operatives, Niger",2024-08-01,2024-08-01,5
IBD030385,"Protesters vs Security Operatives, Katsina",2024-08-01,2024-08-01,1
IBD030684,"Flood Disaster, Yobe",2024-08-01,2024-08-31,20
IBD030367,"Protesters vs Security Operatives, Kebbi",2024-08-01,2024-08-01,1
IBD030364,"Protesters vs Security Operatives, Borno",2024-08-01,2024-08-01,4
IBD030374,"Boko Haram Suicide Attack, Borno",2024-07-31,2024-07-31,16
IBD030373,"Soldiers vs Bandits, Kaduna",2024-07-31,2024-07-31,2
IBD030428,"Boat Mishap, Rivers",2024-07-30,2024-07-30,1
IBD030375,"One Killed, Lagos",2024-07-30,2024-07-30,1
IBD030354,"Gunmen Attack, Imo",2024-07-30,2024-07-30,1
IBD030382,"Gunmen Attack, Imo",2024-07-30,2024-07-30,3
IBD030377,"Soldiers vs Bandit, Taraba",2024-07-30,2024-07-30,1
IBD030352,"Gunmen Attack, Delta",2024-07-30,2024-07-30,2
IBD030358,"Soldiers Kill Bandit, Benue",2024-07-30,2024-07-30,1
IBD030379,"Hoodlums Clash, Gombe",2024-07-30,2024-07-30,3
IBD030365,"Banditry, Sokoto",2024-07-30,2024-07-30,2
IBD030363,"Domestic Staff vs Boss, Lagos",2024-07-30,2024-07-30,1
IBD030380,"Food Poisoning, Anambra",2024-07-29,2024-07-29,5
IBD030360,"Domestic Violence, Niger",2024-07-29,2024-07-29,1
IBD030350,"Soldiers vs Gunmen, Abia",2024-07-29,2024-07-29,1
IBD030349,"Tiv Hoolums vs Farmer, Nasarawa",2024-07-29,2024-07-29,1
IBD030359,"Boko Haram Explosion, Borno",2024-07-29,2024-07-29,1
IBD030355,"Auto Crash, Cross River",2024-07-29,2024-07-29,3
IBD030353,"Domestic Violence, FCT (Abuja)",2024-07-29,2024-07-29,1
IBD030370,"Herder vs Farmer, FCT (Abuja)",2024-07-29,2024-07-29,1
IBD030368,"Auto Crash, Bauchi",2024-07-29,2024-07-29,4
IBD030346,"Gunmen vs Police, Imo",2024-07-29,2024-07-29,5
IBD030484,"Man Dies, Edo",2024-07-29,2024-07-29,1
IBD030342,"Army vs Boko Haram, Borno",2024-07-28,2024-07-28,8
IBD030394,"Inferno, Ogun",2024-07-28,2024-07-28,1
IBD030356,"Cult Killings, Anambra",2024-07-28,2024-07-29,4
IBD030348,"Hospital Negligence, FCT",2024-07-28,2024-07-28,1
IBD030333,"Boko Haram Attack, Borno",2024-07-28,2024-07-28,2
IBD030381,"Female Caterer Murdered, Ondo",2024-07-28,2024-07-28,1
IBD030344,"Army vs Robbers, Ebonyi",2024-07-28,2024-07-28,1
IBD030361,"Corpse Found, Kaduna",2024-07-28,2024-07-28,2
IBD030337,"Auto Crash, Ogun",2024-07-28,2024-07-28,1
IBD030338,"Auto Crash, Ogun",2024-07-28,2024-07-28,1
IBD030347,"Hunters vs Man, Taraba",2024-07-27,2024-07-27,4
IBD030332,"Building Collapse, Jigawa",2024-07-27,2024-07-27,3
IBD030341,"Mob vs Armed Robber, Benue",2024-07-27,2024-07-27,1
IBD030343,"Police vs Bandits, Benue",2024-07-27,2024-07-27,6
IBD030331,"Explosion, Yobe",2024-07-26,2024-07-26,1
IBD030336,"Female Undergraduate, Bauchi",2024-07-26,2024-07-26,1
IBD030325,"Auto Crash, Niger",2024-07-25,2024-07-25,1
IBD030320,"Vigilantes vs Kidnappers, Edo",2024-07-25,2024-07-25,1
IBD030339,"Gunmen Kill Officer, Kebbi",2024-07-25,2024-07-25,1
IBD030357,"Police vs Kidnappers, Delta",2024-07-25,2024-07-25,1
IBD030340,"Gunmen vs Vigilantes, Nasarawa",2024-07-25,2024-07-25,1
IBD030345,"Hoodlums Kill Teacher, FCT (Abuja)",2024-07-25,2024-07-25,1
IBD030322,"Medical Negligence, Oyo",2024-07-25,2024-07-25,1
IBD030310,"Building Collapse, Lagos",2024-07-25,2024-07-25,5
IBD030318,"Auto Crash, Kogi",2024-07-25,2024-07-25,5
IBD030317,"Security Operatives vs Bandits, Niger",2024-07-24,2024-07-24,65
IBD030335,"Building Collapse, Delta",2024-07-24,2024-07-24,1
IBD030321,"Gunmen Attack, Nasarawa",2024-07-24,2024-07-24,15
IBD030323,"Gunmen Kill Man, Delta",2024-07-24,2024-07-24,1
IBD030314,"Chieftaincy Tittle, Osun",2024-07-23,2024-07-23,2
IBD030319,"Soldiers vs Bandits, Kaduna",2024-07-23,2024-07-23,2
IBD030316,"Auto Crash, Edo",2024-07-23,2024-07-23,1
IBD030328,"Army vs ISWAP/Boko Haram, Borno",2024-07-23,2024-07-23,13
IBD031229,"Robbery Gang Kills Man, Oyo",2024-07-23,2024-07-23,1
IBD030311,"Corpse Found, Rivers",2024-07-23,2024-07-23,1
IBD030392,"Kidnappers Kill 1, Ekiti",2024-07-23,2024-07-23,1
IBD030313,"Boat Mishap, Ebonyi",2024-07-23,2024-07-23,1
IBD030297,"Auto Crash, Ondo",2024-07-22,2024-07-22,2
IBD030334,"Man vs Grandpa, Osun",2024-07-22,2024-07-22,1
IBD030307,"Auto Crash, FCT (Abuja)",2024-07-22,2024-07-22,2
IBD030391,"Suitor vs Woman, Kano",2024-07-22,2024-07-22,1
IBD030295,"Businessman, Bayelsa",2024-07-22,2024-07-22,1
IBD030302,"Woman Found Dead, Plateau",2024-07-21,2024-07-21,1
IBD030306,"Thugs vs Man, Anambra",2024-07-21,2024-07-21,1
IBD030299,"Man vs Friend, Adamawa",2024-07-21,2024-07-21,1
IBD030305,"Police vs Bandits, Benue",2024-07-21,2024-07-21,3
IBD030304,"Police vs Father, Borno",2024-07-21,2024-07-21,1
IBD030293,"Gunmen vs Student, Ondo",2024-07-21,2024-07-21,1
IBD030291,"Gunmen Attack, Abia",2024-07-21,2024-07-21,6
IBD030326,"Land Dispute, Nasarawa",2024-07-20,2024-07-20,2
IBD030188,"Auto Crash, Anambra",2024-07-20,2024-07-20,1
IBD030282,"Kidnappers Kill 2, Ondo",2024-07-20,2024-07-20,2
IBD030284,"Bandits Kill 18, Benue",2024-07-19,2024-07-19,18
IBD030286,"Man Kill friend, Kaduna",2024-07-19,2024-07-19,1
IBD030308,"Army vs Bandits, Kaduna",2024-07-19,2024-07-19,8
IBD030285,"Gunmen Kill Traditional Ruler, Taraba",2024-07-19,2024-07-19,2
IBD030269,"Auto Crash, Kwara",2024-07-18,2024-07-18,2
IBD030271,"Gunmen vs Policeman, Edo",2024-07-18,2024-07-18,1
IBD030315,"Flood Disaster, Ebonyi",2024-07-18,2024-07-20,1
IBD030274,"Gunmen Kill Soldier, Plateau",2024-07-17,2024-07-17,1
IBD030272,"Man vs Grandfather, Borno",2024-07-17,2024-07-17,1
IBD030273,"Woman vs Husband, Borno",2024-07-17,2024-07-17,1
IBD030309,"Witchcraft, Adamawa",2024-07-17,2024-07-17,3
IBD030327,"Gunmen Attack, Benue",2024-07-17,2024-07-17,6
IBD030260,"Inferno, Kano",2024-07-17,2024-07-17,3
IBD030378,"Kidnap VIctim, Ekiti",2024-07-16,2024-07-16,1
IBD030219,"Kidnappers vs Passenger, Ondo",2024-07-16,2024-07-16,2
IBD030278,"Hunters vs Bandits, Kaduna",2024-07-16,2024-07-16,1
IBD030267,"Man Kills Rival, Delta",2024-07-16,2024-07-16,2
IBD030266,"Bandits Attack, Kaduna",2024-07-16,2024-07-16,1
IBD030301,"Banditry, Zamfara",2024-07-16,2024-07-16,11
IBD030265,"Bandits vs Chief, Kaduna",2024-07-16,2024-07-16,1
IBD030261,"Motorcyclist, Delta",2024-07-16,2024-07-16,1
IBD030275,"Brothers Drown, FCT (Abuja)",2024-07-16,2024-07-16,1
IBD030254,"Inferno In The Hotel, Edo",2024-07-16,2024-07-16,3
IBD030603,"Electrocution, Kwara",2024-07-16,2024-07-16,1
IBD030433,"Cult Clash, Osun",2024-07-15,2024-07-15,8
IBD030257,"Herdsmen vs Rustler, FCT (Abuja)",2024-07-15,2024-07-15,1
IBD030279,"Assailant Kill 2, Osun",2024-07-15,2024-07-15,2
IBD030256,"Gunmen vs Farmer, Kaduna",2024-07-15,2024-07-15,1
IBD030300,"Banditry, Zamfara",2024-07-15,2024-07-15,10
IBD030258,"Youths vs Students, Bayelsa",2024-07-15,2024-07-15,1
IBD030252,"Auto Crash, Jigawa",2024-07-15,2024-07-15,14
IBD030223,"Cult Clash, Edo",2024-07-15,2024-07-15,1
IBD030259,"Assailants vs Activist, Edo",2024-07-14,2024-07-14,1
IBD030247,"Herders Attack, Benue",2024-07-14,2024-07-14,11
IBD030249,"Auto Crash, FCT (Abuja)",2024-07-14,2024-07-14,2
IBD030251,"Banditry, Zamfara",2024-07-14,2024-07-14,13
IBD030264,"Piracy, Rivers (Offshore)",2024-07-14,2024-07-14,1
IBD030248,"Herders Attack, Benue",2024-07-14,2024-07-14,1
IBD030245,"Man vs Neighbour's Wife, Edo",2024-07-13,2024-07-13,1
IBD030298,"Banditry, Zamfara",2024-07-13,2024-07-13,1
IBD030243,"Robbers vs Police, FCT (Abuja)",2024-07-13,2024-07-13,1
IBD030244,"Maize Farmer, Ogun",2024-07-13,2024-07-13,1
IBD030238,"Kidnap Victims, Anambra",2024-07-13,2024-07-13,1
IBD030246,"Auto Crash, Ogun",2024-07-13,2024-07-13,2
IBD030263,"Hoodlums vs NDLEA Official, FCT (Abuja)",2024-07-13,2024-07-13,1
IBD030220,"Smugglers vs Customs Officer, Jigawa",2024-07-12,2024-07-12,1
IBD030233,"NAF VS Terrorists, Kaduna",2024-07-12,2024-07-12,20
IBD030216,"Witchcraft Suspect, Kwara",2024-07-12,2024-07-12,1
IBD030235,"Armed Robber, Cross River",2024-07-12,2024-07-12,1
IBD030277,"Hoodlums vs Vigilante, Lagos",2024-07-12,2024-07-12,1
IBD030296,"Banditry, Zamfara",2024-07-12,2024-07-12,11
IBD030178,"Missing Student, Enugu",2024-07-12,2024-07-12,1
IBD030189,"Robbers Kill Security Guard, Akwa Ibom",2024-07-12,2024-07-12,1
IBD030439,"Cult Killing, Anambra",2024-07-12,2024-07-12,3
IBD030221,"Building Collapse, Plateau",2024-07-12,2024-07-12,19
IBD030255,Building Collapse FCT (Abuja),2024-07-12,2024-07-13,1
IBD030232,"NAF VS Terrorists, Kaduna",2024-07-12,2024-07-12,20
IBD030312,"Man vs Commercial Motorcyclist, Akwa Ibom",2024-07-11,2024-07-11,1
IBD030222,"Dead Corpse, Lagos",2024-07-11,2024-07-11,1
IBD030241,"Guardian vs Boy, Lagos",2024-07-11,2024-07-11,1
IBD030214,"Miners, Niger",2024-07-10,2024-07-10,12
IBD030434,"Cult Clash, Lagos",2024-07-10,2024-07-10,1
IBD030213,"Gunmen vs Vigilante, Rivers",2024-07-10,2024-07-10,1
IBD030212,"Assailants vs Student, Enugu",2024-07-10,2024-07-10,1
IBD030262,"Gunrunners vs Police, Plateau",2024-07-10,2024-07-10,1
IBD030217,"Bandits Kill Farmers, Kaduna",2024-07-10,2024-07-10,2
IBD030250,"Gunmen Attack, Benue",2024-07-10,2024-07-11,5
IBD030324,"Man vs NDLEA Officer, Kano",2024-07-10,2024-07-10,1
IBD030205,"Herdsmen vs Farmer, Delta",2024-07-09,2024-07-09,1
IBD030209,"Herdsmen Attack, Benue",2024-07-09,2024-07-09,12
IBD030208,"Army vs Terrorist, Katsina",2024-07-09,2024-07-09,1
IBD030330,"Ritual Killing, Osun",2024-07-09,2024-07-09,1
IBD030276,"Man vs Girlfriend, Lagos",2024-07-09,2024-07-09,1
IBD030303,"3 Men Kill Labourer, Kwara",2024-07-09,2024-07-09,1
IBD030199,"Auto Crash, Anambra",2024-07-09,2024-07-09,5
IBD030206,"Man vs Mother, Delta",2024-07-09,2024-07-09,1
IBD030180,"Downpour Kills 4, Edo",2024-07-08,2024-07-08,4
IBD030201,"Police vs Kidnapper, Delta",2024-07-08,2024-07-08,1
IBD030203,"Assailant vs Man, Edo",2024-07-08,2024-07-08,1
IBD030242,"Soldiers vs Boko Haram, Borno",2024-07-08,2024-07-08,2
IBD030253,"Auto Crash, Ogun",2024-07-08,2024-07-08,2
IBD030198,"Banditry, Plateau",2024-07-08,2024-07-08,3
IBD030294,"Banditry, Zamfara",2024-07-08,2024-07-08,1
IBD030191,"Auto Crash, Lagos",2024-07-08,2024-07-08,1
IBD030185,"Gunmen Kill 4, Imo",2024-07-08,2024-07-08,4
IBD030207,"Army vs Kidnapper, Taraba",2024-07-08,2024-07-08,1
IBD030182,"Cult Killing, Akwa Ibom",2024-07-07,2024-07-07,1
IBD030215,Vigilantes vs Bandits,2024-07-07,2024-07-07,2
IBD030186,"Cult Killing, Anambra",2024-07-07,2024-07-07,1
IBD030183,"Boat Mishap, Jigawa",2024-07-07,2024-07-07,2
IBD030204,"Bandits Kill 2, Kaduna",2024-07-07,2024-07-07,3
IBD030290,"Man vs Online Girlfriend, Oyo",2024-07-07,2024-07-07,1
IBD030435,"Cult Clash, Lagos",2024-07-07,2024-07-07,9
IBD030181,"Security Operatives vs Man, Abia",2024-07-07,2024-07-07,1
IBD030184,"Cult Killing, Anambra",2024-07-07,2024-07-07,1
IBD030202,"Cult Clash, Oyo",2024-07-07,2024-07-07,1
IBD030438,"Cult Clash, Rivers",2024-07-07,2024-07-07,7
IBD030289,"IPOB/ESN vs Vigilante, Imo",2024-07-07,2024-07-07,4
IBD030179,"Cult Killing, Lagos",2024-07-07,2024-07-07,2
IBD030197,"Hoodlums vs Man, Edo",2024-07-07,2024-07-07,6
IBD030195,"Tractor Driver, Yobe",2024-07-07,2024-07-07,1
IBD030187,"Cult Killing, Imo",2024-07-07,2024-07-07,4
IBD030190,"Man kills Woman, Bauchi",2024-07-07,2024-07-07,1
IBD030436,"Cult Killing, Lagos",2024-07-06,2024-07-06,3
IBD030175,"Engine Roller Kill Worker, Ogun",2024-07-06,2024-07-06,1
IBD030177,"Youths vs Kidnappers, Kwara",2024-07-06,2024-07-06,2
IBD030170,"Gas Explosion, Ogun",2024-07-06,2024-07-06,2
IBD030176,"Gunmen Kill 3, Benue",2024-07-06,2024-07-06,3
IBD030268,"Hoodlums vs Man, Lagos",2024-07-06,2024-07-06,1
IBD030174,"Extra Judicial Killing, Ogun",2024-07-06,2024-07-06,1
IBD030194,"Domestic Violence, FCT (Abuja)",2024-07-06,2024-07-06,1
IBD030167,"Robbers Kill Woman, Ekiti",2024-07-06,2024-07-06,1
IBD030171,"Boko Haram vs Army, Borno",2024-07-06,2024-07-06,11
IBD030192,"Banditry, Katsina",2024-07-06,2024-07-06,1
IBD030218,"Huter vs Trader, Kwara",2024-07-05,2024-07-05,1
IBD030270,"Man vs Apprentice, Lagos",2024-07-05,2024-07-05,1
IBD030173,"Police vs Kidnappers, Delta",2024-07-05,2024-07-05,1
IBD030166,"Man vs Friend, Osun",2024-07-04,2024-07-04,2
IBD030165,"Kidnappers vs Police, Lagos",2024-07-04,2024-07-04,9
IBD030196,"Corpse Found, FCT (Abuja)",2024-07-04,2024-07-04,1
IBD030155,"Cultists vs Final Year Student, Ogun",2024-07-04,2024-07-04,1
IBD030292,"Robbers vs Man, Oyo",2024-07-04,2024-07-04,2
IBD030200,"Bandits vs Army, Kaduna",2024-07-04,2024-07-04,5
IBD030162,"Building Collapse, Anambra",2024-07-04,2024-07-04,8
IBD030159,"Student Stabs Colleague, Gombe",2024-07-03,2024-07-03,1
IBD030149,"Flooding, Lagos",2024-07-03,2024-07-03,1
IBD030144,"Man vs Father, Delta",2024-07-03,2024-07-03,1
IBD030156,"Building Collapse, Lagos",2024-07-03,2024-07-03,1
IBD030164,"Assailants vs Ex-convict, Ogun",2024-07-03,2024-07-03,1
IBD030150,"Community Leader, Delta",2024-07-03,2024-07-03,1
IBD030145,"Auto Crash, Oyo",2024-07-03,2024-07-03,1
IBD030157,"Army vs Boko Haram, Borno",2024-07-03,2024-07-03,10
IBD030940,"Assailant vs Lady, Ogun",2024-07-03,2024-07-03,1
IBD030158,"Lightening, delta",2024-07-02,2024-07-02,2
IBD030147,"Farmers vs Herders, Jigawa",2024-07-02,2024-07-02,2
IBD030141,"Banditry, Kaduna",2024-07-02,2024-07-02,1
IBD030224,"Domestic Violence, Kebbi",2024-07-02,2024-07-02,1
IBD030139,"Kidnap Victim, Kaduna",2024-07-02,2024-07-02,1
IBD030135,"Bandits Kill Lecturer, Katsina",2024-07-02,2024-07-02,1
IBD030161,"Soldiers Kill 2 Terrorists, Kaduna",2024-07-02,2024-07-02,2
IBD030153,"Fulani Herders Attack, Benue",2024-07-01,2024-07-01,2
IBD030136,"Work-Related Violence, Oyo",2024-07-01,2024-07-01,1
IBD030143,"Cult Clash, Benue",2024-07-01,2024-07-01,9
IBD030133,"Banditry, Kaduna",2024-07-01,2024-07-01,4
IBD030134,"Auto Crash, Ogun",2024-07-01,2024-07-01,2
IBD030123,"Auto Crash, Kano",2024-07-01,2024-07-01,25
IBD030154,"Gunmen Attack, Benue",2024-07-01,2024-07-01,1
IBD030138,"Kidnap Victim, Katsina",2024-07-01,2024-07-01,5
IBD030152,"Gunmen Attack, Benue",2024-07-01,2024-07-01,3
IBD030118,"Auto Crash, FCT (Abuja)",2024-06-30,2024-06-30,11
IBD030114,"Boy Kill Friend, Niger",2024-06-30,2024-06-30,1
IBD030146,"Police vs Kidnappers, Ogun",2024-06-30,2024-06-30,2
IBD030113,"Bandits vs Policemen, Katsina",2024-06-30,2024-06-30,5
IBD031964,"Farmer vs Herder, Adamawa",2024-06-30,2024-06-30,1
IBD030129,"Auto Crash, Ogun",2024-06-30,2024-06-30,1
IBD030119,"Flooding, Yobe",2024-06-30,2024-06-30,3
IBD030127,"Police vs Bandits, Benue",2024-06-30,2024-06-30,2
IBD030115,"Auto Crash, Niger",2024-06-30,2024-06-30,2
IBD030116,"Police vs Kidnappers, Akwa Ibom",2024-06-30,2024-06-30,2
IBD030137,"Auto Crash, Borno",2024-06-30,2024-06-30,1
IBD030121,"Banditry, FCT (Abuja)",2024-06-30,2024-06-30,1
IBD030111,"Drug Addict, Oyo",2024-06-29,2024-06-29,1
IBD030117,"Farmers vs Herders, Jigawa",2024-06-29,2024-06-29,8
IBD030122,"NAF vs Terrorists, Niger",2024-06-29,2024-06-29,10
IBD030108,"Boko Haram Suicide Attacks, Borno",2024-06-29,2024-06-29,32
IBD030109,"Auto Crash, Lagos",2024-06-29,2024-06-29,1
IBD030120,"NAF vs Terrorists, Niger",2024-06-29,2024-06-29,40
IBD030112,"Corpse Found, Lagos",2024-06-29,2024-06-29,1
IBD030110,"Hoodlums Attack, Kano",2024-06-29,2024-06-29,2
IBD030172,"Woman Murdered, Ogun",2024-06-29,2024-06-29,1
IBD030105,"Electrocution, Enugu",2024-06-28,2024-06-28,1
IBD030283,"DSS vs Kidnapper, Kaduna",2024-06-28,2024-06-28,1
IBD030126,"Security Operatives Kill Herder, Plateau",2024-06-28,2024-06-28,1
IBD029930,"Gunmen vs Policemen, Abia",2024-06-28,2024-06-28,2
IBD030131,"Banditry, Katsina",2024-06-28,2024-06-28,11
IBD030102,"Auto Crash, Kano",2024-06-28,2024-06-28,14
IBD030107,"Building Collapse, Kano",2024-06-27,2024-06-27,7
IBD030101,"Troops Kill Terrorists, Sokoto",2024-06-27,2024-06-27,5
IBD030106,"Gunmen Attack, Taraba",2024-06-27,2024-06-27,3
IBD030104,"Gunmen vs Traders, Imo",2024-06-27,2024-06-27,6
IBD030287,"Mob kill Mentally Challenged Man, Oyo",2024-06-27,2024-06-27,1
IBD030128,"Electrocution, Ogun",2024-06-27,2024-06-27,1
IBD030125,"Farmers vs Herders, Ogun",2024-06-27,2024-06-27,1
IBD030098,"Police vs Gunmen, Ebonyi",2024-06-26,2024-06-26,5
IBD030099,"Ritual Killing, Ogun",2024-06-26,2024-06-26,1
IBD030211,"Ex-boyfriend vs Lady, Kano",2024-06-26,2024-06-26,1
IBD030089,"Explosion, Rivers",2024-06-25,2024-06-25,1
IBD030091,"Students Drown, Kaduna",2024-06-25,2024-06-25,7
IBD030094,"Bandits vs Vigilantes, Kaduna",2024-06-25,2024-06-25,3
IBD030103,"Assailants Kill 2, Bauchi",2024-06-25,2024-06-25,2
IBD030096,"Wife vs Husband, Yobe",2024-06-25,2024-06-25,1
IBD030085,"Rape Victim, Ebonyi",2024-06-25,2024-06-25,1
IBD030084,"Communal Clash, Nasarawa",2024-06-25,2024-06-25,6
IBD030076,"Bandits Kill Lecture, Zamfara",2024-06-24,2024-06-24,1
IBD030077,"Flood Incident, Ogun",2024-06-24,2024-06-24,1
IBD029957,"Auto Crash, Abia",2024-06-24,2024-06-24,1
IBD030092,"Mining Pit Collapse, Bauchi",2024-06-24,2024-06-24,1
IBD030093,"Auto Crash, Ogun",2024-06-24,2024-06-24,7
IBD030083,"Auto Crash, Abia",2024-06-24,2024-06-24,7
IBD030376,"Kidnap Victim, Edo",2024-06-24,2024-06-24,1
IBD030095,"Auto Crash, Ogun",2024-06-24,2024-06-24,2
IBD030140,"Siblings Kill Man, Oyo",2024-06-23,2024-06-23,1
IBD030073,"Naval School Student, Kaduna",2024-06-23,2024-06-23,1
IBD030097,"Police vs Fun-seeker, Enugu",2024-06-23,2024-06-23,1
IBD030078,"Electrocution, Lagos",2024-06-23,2024-06-23,1
IBD030100,"Communal Clash, Osun",2024-06-23,2024-06-23,1
IBD030081,"Banditary, Kaduna",2024-06-23,2024-06-23,5
IBD030080,"Gunmen Kill 6, Benue",2024-06-23,2024-06-23,3
IBD030067,"Armed Robbery, FCT (Abuja)",2024-06-22,2024-06-22,1
IBD030071,"Banditry, Katsina",2024-06-22,2024-06-22,8
IBD030063,"Naval Officer vs Police Inspector, Lagos",2024-06-22,2024-06-22,1
IBD030068,"Electrocution, Benue",2024-06-22,2024-06-22,1
IBD030075,"Police vs Kidnapper, Akwa Ibom",2024-06-22,2024-06-22,1
IBD030160,"Extra-Judicial Killing, FCT (Abuja)",2024-06-21,2024-06-21,1
IBD030060,"Army vs Bandit, Kaduna",2024-06-21,2024-06-21,30
IBD030072,"Assailants vs Man, Lagos",2024-06-21,2024-06-21,1
IBD030528,"Police vs Man, Lagos",2024-06-21,2024-06-21,1
IBD030069,"Cult Killing, Edo",2024-06-20,2024-06-20,1
IBD030070,"Boat Mishap, Niger",2024-06-20,2024-06-20,2
IBD030049,"Gunmen Kill Man, Ekiti",2024-06-20,2024-06-20,1
IBD030055,"Auto Crash, FCT (Abuja)",2024-06-20,2024-06-20,3
IBD030056,"Police vs Kidnapper, Delta",2024-06-20,2024-06-20,1
IBD030074,"Boat Mishap, Niger",2024-06-20,2024-06-20,2
IBD030054,"Soldier vs Man, FCT (Abuja)",2024-06-20,2024-06-20,1
IBD030050,"Gunmen Kill Hawker, Ekiti",2024-06-20,2024-06-20,1
IBD030058,"Boko Haram, Borno",2024-06-20,2024-06-20,1
IBD030079,"Banditry, Kaduna",2024-06-20,2024-06-20,1
IBD030057,"Assailant vs Mechanic, FCT (Abuja)",2024-06-20,2024-06-20,1
IBD030061,"Soldiers Kill Kidnapper, Kogi",2024-06-20,2024-06-20,1
IBD030062,"Gunmen Kill 1, Ekiti",2024-06-19,2024-06-19,2
IBD030059,"Flood Disaster, Kaduna",2024-06-19,2024-06-19,1
IBD030052,"Medical Negligence, Ogun",2024-06-19,2024-06-19,1
IBD030047,"Mob vs Man, Bauchi",2024-06-19,2024-06-19,1
IBD030053,"Hoodlums vs Vigilantes, Niger",2024-06-19,2024-06-19,1
IBD030041,"Gunmen Attack, Benue",2024-06-18,2024-06-18,6
IBD030032,"Political Violence, Rivers",2024-06-18,2024-06-18,2
IBD030033,"Auto Crash, FCT (Abuja)",2024-06-18,2024-06-18,3
IBD030044,"Vigilante Leader, Kano",2024-06-18,2024-06-18,1
IBD030090,"Auto Crash, Ogun",2024-06-18,2024-06-18,2
IBD030029,"Task Force vs Trader, Plateau",2024-06-18,2024-06-18,1
IBD030040,"Auto Crash, Ogun",2024-06-18,2024-06-18,2
IBD030086,"Medical Quackery, Ogun",2024-06-18,2024-06-18,1
IBD030043,"Electrocution, Kwara",2024-06-18,2024-06-18,1
IBD030028,"Banditry, Kaduna",2024-06-18,2024-06-18,6
IBD030034,"Cult Killing/Political Violence, Rivers",2024-06-18,2024-06-18,1
IBD030030,"Gunmen Kill Ticketer, Ekiti",2024-06-18,2024-06-18,1
IBD030151,"Assailant vs Woman, Edo",2024-06-17,2024-06-17,1
IBD030036,"Mob vs Man, Taraba",2024-06-17,2024-06-17,2
IBD029980,"Army vs Boko Haram, Borno",2024-06-17,2024-06-17,1
IBD030027,"Gunmen Attack, Anambra",2024-06-17,2024-06-17,3
IBD030005,"Gunmen vs Fishermen, Anambra",2024-06-17,2024-06-17,4
IBD030024,"Gunmen Attack, Anambra",2024-06-17,2024-06-17,2
IBD030088,"Auto Crash, Ogun",2024-06-17,2024-06-17,7
IBD030039,"Security Operatives vs Man, Delta",2024-06-16,2024-06-16,1
IBD030014,"Auto Crash, Ogun",2024-06-16,2024-06-16,2
IBD030011,"Gunmen Attack, Sokoto",2024-06-16,2024-06-16,6
IBD030022,"Man vs Wife, Ogun",2024-06-16,2024-06-16,1
IBD030026,"Gunmen vs Businesswoman, Oyo",2024-06-16,2024-06-16,1
IBD030025,"Herders Attack, Taraba",2024-06-16,2024-06-16,14
IBD030023,"Men vs Lady, FCT (Abuja)",2024-06-16,2024-06-16,1
IBD030017,"Auto Crash, Osun",2024-06-16,2024-06-16,3
IBD030730,"Flooding, Kano",2024-06-16,2024-06-22,23
IBD030021,"NAF vs Bandits, Katsina",2024-06-15,2024-06-15,87
IBD030015,"Robbers vs DJ, FCT (Abuja)",2024-06-15,2024-06-15,1
IBD030019,"Police vs Kidnapper, Edo",2024-06-15,2024-06-15,1
IBD030020,"Soldiers vs Bandit, Kaduna",2024-06-15,2024-06-15,3
IBD030142,"Inferno, Kano",2024-06-15,2024-06-15,5
IBD030016,"Man vs Daughter, Delta",2024-06-15,2024-06-15,1
IBD030051,"Banditry, Kaduna",2024-06-15,2024-06-15,4
IBD030045,"Bandits Kills Man, Kaduna",2024-06-15,2024-06-15,1
IBD030048,"Assailants vs Journalist, FCT (Abuja)",2024-06-14,2024-06-14,1
IBD030010,"Herders vs Guards, Benue",2024-06-14,2024-06-14,2
IBD030007,"Man vs Mother, Ondo",2024-06-14,2024-06-14,1
IBD030064,"Gunmen vs Man, Ekiti",2024-06-14,2024-06-14,1
IBD030046,"Kidnap Victim, Benue",2024-06-13,2024-06-13,1
IBD029995,"Banditry, Kaduna",2024-06-13,2024-06-13,36
IBD030035,"Assailant vs Graduate, Edo",2024-06-13,2024-06-13,1
IBD030013,"Found Dead, Ondo",2024-06-13,2024-06-13,2
IBD030031,"Security Guard, Lagos",2024-06-13,2024-06-13,1
IBD030037,"Assailants vs Security Guard, Lagos",2024-06-13,2024-06-13,1
IBD030012,"Assailants vs Man, Oyo",2024-06-13,2024-06-13,1
IBD030002,"Bank Robbers, FCT (Abuja)",2024-06-13,2024-06-13,3
IBD030004,"Auto Crash, Kwara",2024-06-13,2024-06-13,19
IBD030000,"Police Inspector vs Man, Kebbi",2024-06-13,2024-06-13,1
IBD029999,"Landslide, Niger",2024-06-13,2024-06-13,3
IBD030008,"Police vs Bandits, FCT (Abuja)",2024-06-13,2024-06-13,1
IBD030003,"Army vs Bandits, Kaduna",2024-06-13,2024-06-13,6
IBD030082,"Motorcyclist vs Guard, Lagos",2024-06-13,2024-06-13,1
IBD030006,"Man Drowns, Ogun",2024-06-12,2024-06-12,1
IBD029990,"Boko Haram Attack, Niger",2024-06-12,2024-06-12,3
IBD029922,"Car Snatcher, Lagos",2024-06-12,2024-06-12,2
IBD029989,"Police vs IPOB/ESN, Enugu",2024-06-12,2024-06-12,2
IBD029996,"Farmers vs Herders, Niger",2024-06-12,2024-06-12,3
IBD029992,"Building Collapse, Anambra",2024-06-12,2024-06-12,2
IBD029962,"Suspected Kidnapper, Benue",2024-06-11,2024-06-11,1
IBD029988,"NAF Airstrikes, Katsina",2024-06-11,2024-06-11,29
IBD029974,"Windstorm, Kebbi",2024-06-11,2024-06-11,1
IBD029997,"Armed Robbers vs Rider Manager, Bayelsa",2024-06-11,2024-06-11,1
IBD029972,"Windstorm, Kebbi",2024-06-11,2024-06-11,4
IBD029983,"Banditry, Kaduna",2024-06-11,2024-06-11,1
IBD029982,"Security Guard vs Man, Ogun",2024-06-11,2024-06-11,1
IBD029975,"Gunmen Attack, Imo",2024-06-11,2024-06-11,3
IBD029985,"Auto Crash, Enugu",2024-06-11,2024-06-11,4
IBD029960,"Banditry, Kaduna",2024-06-10,2024-06-10,2
IBD029987,"Banditry, Zamfara",2024-06-10,2024-06-10,1
IBD029970,"Mob vs Tricycle Thief, Akwa Ibom",2024-06-10,2024-06-10,1
IBD029964,"Banditry, Katsina",2024-06-10,2024-06-10,28
IBD029998,"Gunmen Attack, Delta",2024-06-10,2024-06-10,1
IBD029971,"Auto Crash, Bayelsa",2024-06-10,2024-06-10,4
IBD029966,"Soldiers vs Bandit, Niger",2024-06-10,2024-06-10,1
IBD029984,"Gunmen Attack, Katsina",2024-06-10,2024-06-10,50
IBD029986,"Army vs Terrorist, Zamfara",2024-06-10,2024-06-10,2
IBD030281,"Graduate, Anambra",2024-06-09,2024-06-09,1
IBD029977,"Corpse Found, Niger",2024-06-09,2024-06-09,2
IBD030018,"Assailant vs Bussinessman, Lagos",2024-06-09,2024-06-09,1
IBD029965,"Soldiers vs Drivers, Kwara",2024-06-09,2024-06-09,1
IBD030210,"Brother vs Dad, Adamawa",2024-06-09,2024-06-09,1
IBD029991,"Vigilante vs Kidnapper, Edo",2024-06-09,2024-06-09,1
IBD029967,"Terrorists Attack, Katsina",2024-06-09,2024-06-10,65
IBD029953,"Troops vs Banditry, Kaduna",2024-06-09,2024-06-09,5
IBD029952,"Army vs IPOB, Abia",2024-06-08,2024-06-08,6
IBD029976,"Banditry, Zamfara",2024-06-08,2024-06-08,2
IBD029954,"Flooding, Niger",2024-06-08,2024-06-08,2
IBD029955,"Banditry, Kaduna",2024-06-08,2024-06-08,2
IBD029958,"Building Collapse, Abia",2024-06-08,2024-06-08,5
IBD030009,"Police vs Kidnapper, Kogi",2024-06-08,2024-06-08,1
IBD029956,"Security Operatives vs Kidnapper, Edo",2024-06-08,2024-06-08,1
IBD029973,"Auto Crash, Lagos",2024-06-07,2024-06-07,4
IBD029950,"Police vs Bandits, Katsina",2024-06-07,2024-06-07,3
IBD029959,"Undergraduate Student, Akwa Ibom",2024-06-07,2024-06-07,1
IBD029949,"Boundary Clash, Abia",2024-06-07,2024-06-07,1
IBD029947,"Gunmen vs Politician, Enugu",2024-06-07,2024-06-07,1
IBD029951,"Banditry, Katsina",2024-06-06,2024-06-06,5
IBD029939,"Banditry, Zamfara",2024-06-06,2024-06-06,12
IBD030038,"Ritual Killings, Ondo",2024-06-06,2024-06-19,10
IBD029946,"Electrocution, Rivers",2024-06-06,2024-06-06,1
IBD030042,"Assailants vs Security Guard, Lagos",2024-06-06,2024-06-06,1
IBD029937,"Construction Workers Drown, Osun",2024-06-06,2024-06-06,2
IBD030553,"Assailants vs Man, Lagos",2024-06-06,2024-06-06,1
IBD029938,"Woman Dies, FCT (Abuja)",2024-06-06,2024-06-06,1
IBD030148,"Man Kill Farmer, Ondo",2024-06-06,2024-06-06,1
IBD029944,"Boko Haram Attack, Niger",2024-06-06,2024-06-06,12
IBD029948,"Hunters vs Teenager, Adamawa",2024-06-05,2024-06-05,1
IBD030932,"ISWAP Attack, Yobe",2024-06-05,2024-06-05,1
IBD029945,"Boko Haram vs Passengers, Borno",2024-06-05,2024-06-05,3
IBD031334,"Kidnap Victim, Rivers",2024-06-05,2024-06-05,1
IBD029929,"Police vs Kidnappers, Plateau",2024-06-04,2024-06-04,2
IBD029934,"Auto Crash, Ebonyi",2024-06-04,2024-06-04,1
IBD029979,"Auto Crash, Anambra",2024-06-04,2024-06-04,2
IBD029933,"Building Demolition, Akwa Ibom",2024-06-04,2024-06-04,2
IBD029932,"Mob vs Motorcycle Thief, FCT (Abuja)",2024-06-04,2024-06-04,2
IBD029918,"Tanker Explosion, Rivers",2024-06-04,2024-06-04,3
IBD029940,"Banditry, Katsina",2024-06-04,2024-06-04,20
IBD029942,"Banditry, Katsina",2024-06-04,2024-06-06,23
IBD029927,"Gunmen Kills Two, Ebonyi",2024-06-03,2024-06-03,2
IBD029919,"Mining Site Collapses, Niger",2024-06-03,2024-06-03,2
IBD029920,"Security Operatives vs Smugglers, Lagos",2024-06-02,2024-06-02,1
IBD029908,"Gunmen vs Monarch, Taraba",2024-06-02,2024-06-02,1
IBD029924,"Army vs Boko Terrorists, Borno",2024-06-02,2024-06-02,6
IBD029915,"Gunmen Attack, Katsina",2024-06-02,2024-06-02,1
IBD029943,"Domestic Violence, Imo",2024-06-02,2024-06-02,1
IBD029906,"Auto Crash, Anambra",2024-06-02,2024-06-02,5
IBD029963,"Domestic Violence, Imo",2024-06-02,2024-06-02,1
IBD029907,"Auto Crash, Ogun",2024-06-02,2024-06-02,1
IBD029931,"Gunmen Kill 5, Plateau",2024-06-02,2024-06-02,5
IBD029914,"Army vs Rustlers, Kaduna",2024-06-02,2024-06-02,2
IBD029911,"Assailants vs Housewife, Kano",2024-06-02,2024-06-02,1
IBD029910,"Auto Crash, Lagos",2024-06-02,2024-06-02,1
IBD029913,"Gang Kill Man, Ondo",2024-06-01,2024-06-01,1
IBD029917,"Landlord Dies, Ogun",2024-06-01,2024-06-01,1
IBD029898,"Auto Crash, Bauchi",2024-06-01,2024-06-01,2
IBD029901,"Rainstorm Kills 4, Bauchi",2024-06-01,2024-06-01,4
IBD029902,"Woman vs Husband, Ondo",2024-06-01,2024-06-01,1
IBD030001,"Kidnap Victim, Ebonyi",2024-06-01,2024-06-01,1
IBD029936,"Assailants Kills One, Delta",2024-06-01,2024-06-01,1
IBD029900,"Auto Crash, Anambra",2024-05-31,2024-05-31,1
IBD029916,"Police vs Armed Robber, Delta",2024-05-31,2024-05-31,1
IBD029896,"Youth vs Vigilante, Rivers",2024-05-31,2024-05-31,1
IBD029887,"Gunmen Attack, Imo",2024-05-30,2024-05-30,2
IBD029888,"Banditry, Zamfara",2024-05-30,2024-05-30,1
IBD029883,"IPOB vs Army, Abia",2024-05-30,2024-05-30,11
IBD029903,"Cult Clash, Edo",2024-05-30,2024-05-30,3
IBD029897,"Electrocution, Benue",2024-05-30,2024-05-30,1
IBD029899,"Fulani Militants, Benue",2024-05-30,2024-05-30,20
IBD029885,"Auto Crash, Lagos",2024-05-30,2024-05-30,1
IBD029925,"NAF vs Bandits, Kaduna",2024-05-30,2024-05-31,40
IBD029904,"Hoodlums vs Cyclist, FCT (Abuja)",2024-05-30,2024-05-30,1
IBD029894,"Banditry, Katsina",2024-05-30,2024-05-30,17
IBD029891,"Electrocution, Rivers",2024-05-30,2024-05-30,1
IBD029892,"Police vs Kidnapper, Sokoto",2024-05-29,2024-05-29,1
IBD029881,"Banditry, Kaduna",2024-05-29,2024-05-29,12
IBD029878,"Police vs Kidnappers, Benue",2024-05-29,2024-05-29,3
IBD029884,"Troops vs Bandits, Kaduna",2024-05-29,2024-05-29,6
IBD029872,"Police vs Kidnappers, Kogi",2024-05-28,2024-05-28,2
IBD029875,"Policeman Kill 2, Ekiti",2024-05-28,2024-05-28,2
IBD029912,"Gunmen Attack, Nasarawa",2024-05-28,2024-05-28,1
IBD029879,"Boko Haram Attack, Borno",2024-05-28,2024-05-28,33
IBD029893,"Auto Crash, Lagos",2024-05-28,2024-05-28,1
IBD029889,"Policeman vs Driver, Bayelsa",2024-05-27,2024-05-27,1
IBD029869,"Motorcyclist vs Police, Lagos",2024-05-27,2024-05-27,2
IBD029877,"NAF Airstrikes, Katsina",2024-05-27,2024-05-27,30
IBD030351,"Man vs Minor, Oyo",2024-05-27,2024-05-27,1
IBD029876,"Banditry, Kaduna",2024-05-26,2024-05-26,3
IBD029880,"Woman Dies, Lagos",2024-05-26,2024-05-26,1
IBD029855,"Auto Crash, Ogun",2024-05-26,2024-05-26,4
IBD030939,"Assailant vs Lady, Ogun",2024-05-26,2024-05-26,1
IBD029858,"Mosque Collapse, Lagos",2024-05-26,2024-05-26,4
IBD029867,"Auto Crash, Lagos",2024-05-26,2024-05-26,3
IBD029864,"Bandits Kill 25, Katsina",2024-05-25,2024-05-26,25
IBD029865,"Banditry, Katsina",2024-05-25,2024-05-25,15
IBD030237,"Cult Killing, Ogun",2024-05-25,2024-05-25,1
IBD029861,"Kidnappers vs Students, Kogi",2024-05-25,2024-05-25,2
IBD029868,"Gunmen Attack, Ebonyi",2024-05-25,2024-05-25,3
IBD029874,"Auto Crash, FCT (Abuja)",2024-05-25,2024-05-25,2
IBD029853,"Students Kill Colleague, Oyo",2024-05-25,2024-05-25,1
IBD029863,"Bandits Kill 16, Katsina",2024-05-25,2024-05-26,16
IBD029852,"Lightening Kill 2, Lagos",2024-05-24,2024-05-24,2
IBD029856,"Scavengers vs Man, Lagos",2024-05-24,2024-05-24,1
IBD029848,"Assailant vs Woman, Sokoto",2024-05-24,2024-05-24,1
IBD029851,"Banditry, Kaduna",2024-05-24,2024-05-24,6
IBD029859,"Cult Killing, Ogun",2024-05-24,2024-05-25,3
IBD029862,"Banditry, Niger",2024-05-24,2024-05-24,8
IBD029847,"Gunmen Attack, Nasarawa",2024-05-23,2024-05-23,7
IBD028052,"Auto Crash, Abia",2024-05-23,2023-05-23,4
IBD029845,"Auto Crash, Kogi",2024-05-23,2024-05-23,5
IBD029866,"Police vs Kidnappers, Kogi",2024-05-23,2024-05-23,1
IBD029850,"Soldiers vs NDLEA Officer, Niger",2024-05-23,2024-05-23,1
IBD029857,"Extra-Judicial Killing, Rivers",2024-05-22,2024-05-22,1
IBD029834,"Chinese Man Kills Lady, Abia",2024-05-22,2024-05-22,1
IBD029840,"Banditry, Kaduna",2024-05-22,2024-05-22,1
IBD029923,"Domestic Violence, Oyo",2024-05-22,2024-05-22,1
IBD029836,"Man Drowns, Lagos",2024-05-22,2024-05-22,1
IBD029837,"Gunmen Kill 1, Ogun",2024-05-22,2024-05-22,1
IBD029886,"Extra-Judicial Killing, FCT (Abuja)",2024-05-22,2024-05-22,1
IBD029835,"Policeman Kills Colleague, Plateau",2024-05-22,2024-05-22,1
IBD029846,"Guards Kill Driver, Ondo",2024-05-22,2024-05-22,1
IBD029969,"Youths Clash, River",2024-05-22,2024-05-22,2
IBD029849,"Extra-Judicial, FCT (Abuja)",2024-05-22,2024-05-22,1
IBD029838,"Guest Dies, Lagos",2024-05-22,2024-05-22,1
IBD029844,"Banditry, Katsina",2024-05-22,2024-05-22,1
IBD029871,"Domestic Violence, Edo",2024-05-22,2024-05-22,2
IBD029841,"Auto Crash, Ondo",2024-05-22,2024-05-22,2
IBD030288,"IPOB/ESN vs Man, Imo",2024-05-21,2024-05-21,1
IBD029909,"Gunmen Attack, Taraba",2024-05-21,2024-05-21,1
IBD029843,"Bandit's Informants, Kaduna",2024-05-21,2024-05-21,2
IBD029873,"Found Dead, Imo",2024-05-21,2024-05-21,1
IBD030234,"Cult Killing, Ogun",2024-05-21,2024-05-21,1
IBD029839,"Assailants vs Man, Ogun",2024-05-21,2024-05-21,1
IBD029829,"Security Guard vs Man, Anambra",2024-05-21,2024-05-21,1
IBD029842,"Sachet Water Vendor, Niger",2024-05-21,2024-05-21,1
IBD029828,"Generator Fume Kill 7, Bayelsa",2024-05-21,2024-05-21,7
IBD030547,"Banditry, Plateau",2024-05-21,2024-05-21,40
IBD029833,"Auto Crash, Lagos",2024-05-21,2024-05-21,1
IBD031487,"Sex Romp, Bayelsa",2024-05-21,2024-05-21,1
IBD029817,"Communal Clash, Ebonyi",2024-05-20,2024-05-20,2
IBD030065,"Cult Clash, Kwara",2024-05-20,2024-05-20,2
IBD029830,"Boko Haram/ISWAP vs Police, Borno",2024-05-20,2024-05-20,1
IBD029854,"Student vs Teacher, Anambra",2024-05-20,2024-05-20,1
IBD029905,"Businessman, Lagos",2024-05-20,2024-05-20,1
IBD029820,"Gunmen vs Traditional Ruler, Niger",2024-05-19,2024-05-19,1
IBD029824,"Community Leader, Akwa Ibom",2024-05-19,2024-05-19,1
IBD029821,"Assailants vs Man, Oyo",2024-05-19,2024-05-19,2
IBD029815,"Gunmen vs Vigilantes, Kogi",2024-05-19,2024-05-19,2
IBD029784,"Police vs Kidnapper, Delta",2024-05-19,2024-05-19,1
IBD029818,"Gunmen Kill 2, Anambra",2024-05-19,2024-05-19,1
IBD031178,"Extra-Judicial Killing, Benue",2024-05-19,2024-05-19,1
IBD029822,"Electrocution, Lagos",2024-05-19,2024-05-19,2
IBD029816,"Gunmen Attack, Kaduna",2024-05-19,2024-05-19,6
IBD029812,"Army vs Boko Haram, Borno",2024-05-18,2024-05-18,7
IBD029806,"Auto Crash, Taraba",2024-05-18,2024-05-18,6
IBD029800,"Auto Crash, Imo",2024-05-18,2024-05-18,6
IBD029981,"Army vs Boko Haram, Borno",2024-05-18,2024-05-18,2
IBD029832,"Security Operatives vs Bandits, Plateau",2024-05-18,2024-05-18,16
IBD029926,"Bandits vs Sarkin Hausawa's Son, Kaduna",2024-05-18,2024-05-18,1
IBD029809,"Man vs Friend, Lagos",2024-05-18,2024-05-18,1
IBD029978,"Army vs Terrorists, Zamfara",2024-05-18,2024-05-18,2
IBD029808,"Land Dispute, Ekiti",2024-05-18,2024-05-18,1
IBD029805,"Auto Crash, Osun",2024-05-18,2024-05-18,4
IBD029819,"Fire outbreak, Anambra",2024-05-18,2024-05-18,1
IBD030236,"Cult Killing, Ogun",2024-05-18,2024-05-18,1
IBD029807,"Army Kill 3, Imo",2024-05-17,2024-05-17,3
IBD029941,"Youth Clash, Niger",2024-05-17,2024-05-17,1
IBD029804,"Building Collapse, Niger",2024-05-17,2024-05-17,25
IBD029802,"Communal Clash, Ebonyi",2024-05-17,2024-05-17,2
IBD029813,"Hoodlums vs Man, Niger",2024-05-17,2024-05-17,1
IBD030193,"Medical Negligence, Ogun",2024-05-17,2024-05-17,1
IBD029801,"Electrocution, Bayelsa",2024-05-17,2024-05-17,1
IBD030168,"Kidnappers vs Man, Delta",2024-05-17,2024-05-17,1
IBD029814,"Police vs Bandit, Kaduna",2024-05-17,2024-05-17,2
IBD020679,"Auto Crash, Oyo",2024-05-17,2024-05-17,7
IBD029794,"Auto Crash, Oyo",2024-05-16,2024-05-16,7
IBD029795,"One Killed, Oyo",2024-05-16,2024-05-16,1
IBD029803,"Gunmen Attack, Abia",2024-05-16,2024-05-16,2
IBD029799,"Gunmen vs Guard, Oyo",2024-05-16,2024-05-16,1
IBD029793,"Auto Crash, Abia",2024-05-16,2024-05-16,13
IBD029831,"Woman Found Dead, FCT (Abuja)",2024-05-16,2024-05-16,1
IBD029789,"Seminarian vs Housewife, Imo",2024-05-16,2024-05-16,1
IBD029797,"Bandits Kill 2, Kaduna",2024-05-15,2024-05-15,2
IBD029796,"Cult Clash, Benue",2024-05-15,2024-05-15,2
IBD029777,"Man vs Girlfriend, Akwa Ibom",2024-05-14,2024-05-14,1
IBD029783,"Mosque Attack, Kano",2024-05-14,2024-05-14,19
IBD029788,"Seminarian vs Housewife, Abia",2024-05-14,2024-05-14,1
IBD030169,"Man vs Woman, Rivers",2024-05-14,2024-05-14,1
IBD029792,"Extrajudicial Killing, Anambra",2024-05-14,2024-05-14,1
IBD029785,"Cult Clash, Ogun",2024-05-14,2024-05-14,1
IBD029786,"Scavengers Killed 3, FCT (Abuja)",2024-05-14,2024-05-14,3
IBD029787,"Herdsmen vs Residents, Benue",2024-05-14,2024-05-14,10
IBD030163,"Sex Romp, Rivers",2024-05-14,2024-05-14,1
IBD029779,"Hoodlums Kill Beggar, Osun",2024-05-13,2024-05-13,1
IBD029772,"Domestic Violence, Anambra",2024-05-13,2024-05-13,1
IBD029781,"Banditry, Zamfara",2024-05-13,2024-05-13,150
IBD029790,"Army vs Terrorists, Borno",2024-05-13,2024-05-13,1
IBD029827,"Gunmen Attack, Plateau",2024-05-13,2024-05-13,46
IBD029750,"Banditry, Niger",2024-05-13,2024-05-13,2
IBD029780,"Army vs Boko Haram, Borno",2024-05-13,2024-05-13,1
IBD029768,"Gunmen vs PoS Operator, Ogun",2024-05-12,2024-05-12,1
IBD029771,"Bandits Kill Soldier, Kaduna",2024-05-12,2024-05-12,1
IBD029764,"Generator Fume, Delta",2024-05-12,2024-05-12,2
IBD029770,"Banditry, Katsina",2024-05-12,2024-05-12,46
IBD029775,"Rival Gangs, Kano",2024-05-12,2024-05-12,3
IBD029765,"Kidnappers vs Travelers, Oyo",2024-05-12,2024-05-12,1
IBD029773,"Gunmen Kill Pregnant Woman and Others, Benue",2024-05-12,2024-05-12,11
IBD029774,"Train Crash, Delta",2024-05-12,2024-05-12,1
IBD029763,"Hoodlums Attack, Edo",2024-05-12,2024-05-12,1
IBD029778,"Terrorists vs Army, Zamfara",2024-05-12,2024-05-12,4
IBD029810,"Communal Clash, Ebonyi",2024-05-12,2024-05-12,1
IBD029776,"Fulani Militia Kill Man, Plateau",2024-05-12,2024-05-12,1
IBD029766,"Army vs Bandits, Kaduna",2024-05-12,2024-05-12,4
IBD029738,"Auto Crash, Ogun",2024-05-11,2024-05-11,3
IBD029758,"Gas Explosion, Lagos",2024-05-11,2024-05-11,11
IBD029756,"Auto Crash, Lagos",2024-05-11,2024-05-11,1
IBD029754,"Fulani Herders vs Farmers, Benue",2024-05-10,2024-05-10,4
IBD029739,"Auto Crash, Kano",2024-05-10,2024-05-10,1
IBD029748,"Tanker Explosion, Lagos",2024-05-10,2024-05-10,2
IBD029757,"Gunmen vs Security Operatives, Enugu",2024-05-10,2024-05-10,4
IBD029767,"Communal Clash, Abia",2024-05-10,2024-05-11,1
IBD029760,"Herdsmen Attack, Benue",2024-05-10,2024-05-10,4
IBD029751,"Gunmen vs FIRS Official, FCT (Abuja)",2024-05-10,2024-05-10,1
IBD029747,"IPOB/ESN vs Police, Enugu",2024-05-10,2024-05-10,3
IBD030231,"Cult Killing, Ogun",2024-05-10,2024-05-10,1
IBD029753,"Bandits Kill 2, Sokoto",2024-05-10,2024-05-10,2
IBD029882,"Domestic Violence, Ondo",2024-05-10,2024-05-10,1
IBD029685,"Decomposing Corpse, Kaduna",2024-05-10,2024-05-10,1
IBD029791,"Decomposing Corpse, Kaduna",2024-05-10,2024-05-10,3
IBD029782,"Communal Crisis, Benue",2024-05-10,2024-05-11,4
IBD029740,"Banditry, Zamfara",2024-05-09,2024-05-09,18
IBD029729,"Communal Dispute, Delta",2024-05-09,2024-05-09,1
IBD029741,"Farmers vs Banditry, Zamfara",2024-05-09,2024-05-09,20
IBD030230,"Cult Killing, Ogun",2024-05-08,2024-05-08,1
IBD029745,"Kidnappers Kill Man, Taraba",2024-05-08,2024-05-08,1
IBD029762,"Auto Crash, Ogun",2024-05-08,2024-05-08,1
IBD029742,"Gunmen vs Herders, Plateau",2024-05-08,2024-05-08,2
IBD029744,"Generator Fume Kill 3, Delta",2024-05-08,2024-05-08,3
IBD029735,"Banditry vs Football Fans, Kaduna",2024-05-08,2024-05-08,3
IBD029732,"Student Dies, Plateau",2024-05-08,2024-05-08,1
IBD029761,"Communal Clash, Benue",2024-05-07,2024-05-07,1
IBD029730,"Gas Explosion, Lagos",2024-05-07,2024-05-07,2
IBD029723,"Domestic Violence, Delta",2024-05-07,2024-05-07,1
IBD029734,"Gunmen Kill 5, Plateau",2024-05-07,2024-05-07,4
IBD029728,"Inmate Dies, FCT (Abuja)",2024-05-07,2024-05-07,1
IBD029721,"Hawkers Clash, Lagos",2024-05-07,2024-05-07,1
IBD029736,"Robber Kill 2, Ogun",2024-05-07,2024-05-07,1
IBD029752,"Banditry, Zamfara",2024-05-07,2024-05-11,49
IBD029722,"Kidnappers, Ogun",2024-05-07,2024-05-07,3
IBD029737,"Found Dead, Ogun",2024-05-07,2024-05-07,1
IBD029731,"2 Died, Delta",2024-05-07,2024-05-07,2
IBD029718,"Man vs Co-worker, Ondo",2024-05-06,2024-05-06,1
IBD029711,"Herbal Concoction, Ondo",2024-05-06,2024-05-06,2
IBD029717,"Gunmen Kill 3, Edo",2024-05-06,2024-05-06,3
IBD029719,"Banditry, Zamfara",2024-05-06,2024-05-06,9
IBD029726,"Suspected Herders Kill NSCDC Officer, Benue",2024-05-06,2024-05-06,1
IBD029716,"Terrorists Attack, Katsina",2024-05-06,2024-05-06,1
IBD029724,"Windstorm, Gombe",2024-05-06,2024-05-06,1
IBD029935,"Auto Crash, Ebonyi",2024-05-05,2024-05-05,1
IBD029710,"Banditry, Kaduna",2024-05-05,2024-05-05,6
IBD029689,"Tanker Explosion, Delta",2024-05-04,2024-05-04,8
IBD029733,"Vigilante vs Police Officer, Taraba",2024-05-04,2024-05-04,1
IBD029720,"Army vs Bandits, Kaduna",2024-05-04,2024-05-04,2
IBD029699,"Boko Haram Explosion, Borno",2024-05-04,2024-05-04,4
IBD029692,"Banditry, katisna",2024-05-04,2024-05-04,3
IBD029743,"Man vs Friend, Kano",2024-05-04,2024-05-04,1
IBD029703,"Gunmen vs Monarch, Ebonyi",2024-05-03,2024-05-03,1
IBD029681,"Banditry, Katsina",2024-05-03,2024-05-03,2
IBD029708,"Bandits vs Community Protection Guards, Zamfara",2024-05-03,2024-05-03,3
IBD029693,"Banditry, Katsina",2024-05-03,2024-05-03,24
IBD029702,"Banditry, Kebbi",2024-05-03,2024-05-03,7
IBD029695,"NAF vs Boko Haram, Borno",2024-05-03,2024-05-03,20
IBD029704,"Gunmen vs Farmers, Benue",2024-05-03,2024-05-03,3
IBD029698,"Extra Judicial Killing, Enugu",2024-05-03,2024-05-05,5
IBD029683,"Robbers Kill Woman, FCT (Abuja)",2024-05-03,2024-05-03,1
IBD029697,"Assailant vs Man, Delta",2024-05-03,2024-05-03,1
IBD029994,"Kidnap Victim, Adamawa",2024-05-03,2024-05-03,1
IBD029696,"NAF vs Boko Haram/ISWAP, Niger",2024-05-03,2024-05-03,20
IBD029712,"Kidnappers Kill 1, Ogun",2024-05-03,2024-05-03,1
IBD030761,"Woman vs Son, Delta",2024-05-02,2024-05-02,1
IBD029701,"Medical Quackery, Plateau",2024-05-02,2024-05-02,1
IBD029715,"Kidnappers vs Chief, FCT (Abuja)",2024-05-02,2024-05-02,1
IBD029684,"Rape Victim, Kano",2024-05-02,2024-05-02,1
IBD029690,"Auto Crash, Anambra",2024-05-02,2024-05-02,1
IBD029679,"Hoodlums Clash, Lagos",2024-05-02,2024-05-02,1
IBD029671,"Banditry, Kaduna",2024-05-02,2024-05-02,8
IBD029694,"Bandits vs Community Leader, Kaduna",2024-05-02,2024-05-02,1
IBD029700,"Military Officer vs Man, Kano",2024-05-02,2024-05-02,1
IBD029680,"Corpse, Kwara",2024-05-01,2024-05-01,1
IBD029798,"Heat Waves, Adamawa",2024-05-01,2024-05-13,210
IBD029670,Man Shot at Fuel Station,2024-05-01,2024-05-01,1
IBD029667,"Auto Crash, Ogun",2024-05-01,2024-05-01,3
IBD029725,"Vigilantes Kill 2 Brothers, Rivers",2024-05-01,2024-05-01,2
IBD029668,"Communal Clash, Ebonyi",2024-05-01,2024-05-01,10
IBD029686,"Car Pusher, Lagos",2024-05-01,2024-05-01,1
IBD029682,"Banditry, Zamfara",2024-05-01,2024-05-01,3
IBD029676,"Communal Clash, Nasarawa",2024-05-01,2024-05-02,5
IBD029677,"Abducted Boy, Yobe",2024-05-01,2024-05-01,1
IBD029714,"Troops vs IPOB Fighters, Imo",2024-05-01,2024-05-01,3
IBD030124,"Police Officer vs Man, Lagos",2024-05-01,2024-05-01,1
IBD029674,"Undergraduate Student, FCT (Abuja)",2024-04-30,2024-04-30,1
IBD029655,"Boat Mishap, Kano",2024-04-30,2024-04-30,2
IBD029664,"Auto Crash, Enugu",2024-04-30,2024-04-30,16
IBD029666,"Auto Crash, Lagos",2024-04-30,2024-04-30,3
IBD029665,"Fulani Herdsmen Attack, Kogi",2024-04-30,2024-04-30,3
IBD029663,"Mob Kill Motorcycle Thief, Osun",2024-04-29,2024-04-29,1
IBD029675,"2 Drowns, Ogun",2024-04-29,2024-04-29,2
IBD029661,"Herdsmen Kill PDP Ward Chairman, Delta",2024-04-29,2024-04-29,2
IBD029657,"Cult Killing, Kwara",2024-04-29,2024-04-30,2
IBD029639,"Building Collapse, Ebonyi",2024-04-29,2024-04-29,2
IBD029641,"Soldiers vs Bandits, Sokoto",2024-04-28,2024-04-28,10
IBD029633,"Auto Crash, Anambra",2024-04-28,2024-04-28,1
IBD029648,"Fulani Herdsmen Attack, Benue",2024-04-28,2024-04-28,5
IBD029672,"Domestic Violence, Delta",2024-04-28,2024-04-28,1
IBD029646,"Herdsmen Attack, Benue",2024-04-28,2024-04-28,5
IBD029642,"Gunmen Attack, Kaduna",2024-04-28,2024-04-28,1
IBD029496,"Herdsmen/Communal Clash , Enugu",2024-04-28,2024-04-28,10
IBD029630,"Auto Crash, kogi",2024-04-28,2024-04-28,19
IBD029660,"Man in Hotel, Delta",2024-04-28,2024-04-28,1
IBD029640,"NAF vs Bandits, Zamfara",2024-04-28,2024-04-28,40
IBD029627,"Electrocution, Plateau",2024-04-27,2024-04-27,1
IBD029636,"Boko Haram IED, Borno",2024-04-27,2024-04-27,9
IBD029628,"Political Violence, Ondo",2024-04-27,2024-04-27,1
IBD029644,"Bandits Kill Hunter, Kaduna",2024-04-27,2024-04-27,3
IBD029656,"Man vs Housewife, Edo",2024-04-27,2024-04-27,1
IBD029632,"Domestic Violence, Ekiti",2024-04-27,2024-04-27,1
IBD029961,"Hook-Up Girls, Abia",2024-04-27,2024-04-27,2
IBD029634,"NAF vs Bandits, Niger",2024-04-27,2024-04-27,40
IBD029626,"Gas Explosion, Ogun",2024-04-27,2024-04-27,2
IBD029623,"Extra-Judicial Killing, Anambra",2024-04-27,2024-04-27,1
IBD029629,"Auto Crash, Osun",2024-04-26,2024-04-26,2
IBD029647,"Auto Crash, FCT (Abuja)",2024-04-26,2024-04-26,4
IBD029624,"Tanker Explosion, Rivers",2024-04-26,2024-04-26,19
IBD029618,"Building Collapse, Kano",2024-04-26,2024-04-26,3
IBD029631,"Police vs Kidnappers, Delta",2024-04-26,2024-04-26,1
IBD029890,"Assailants v Girl, Bauchi",2024-04-26,2024-04-26,1
IBD029619,"Banditry, Zamfara",2024-04-26,2024-04-26,2
IBD030329,"Kidnap Victim, Taraba",2024-04-26,2024-04-26,1
IBD029659,"Boy Drowns, Ogun",2024-04-26,2024-04-26,1
IBD029662,"Ritual Killing, Cross River",2024-04-26,2024-04-26,1
IBD029621,"Auto Crash, Ondo",2024-04-26,2024-04-26,3
IBD029645,"Bandits vs Army Officer, Katsina",2024-04-25,2024-04-25,1
IBD029616,"Pregnancy Complications, Ogun",2024-04-25,2024-04-25,1
IBD029614,"Kidnapper, Taraba`",2024-04-25,2024-04-25,1
IBD029613,"Baby Dies, FCT (Abuja)",2024-04-25,2024-04-25,1
IBD029637,"Guests Beat Policewoman, Rivers",2024-04-25,2024-04-25,1
IBD029625,"Banditry, Sokoto",2024-04-25,2024-04-25,7
IBD029687,"Medical Negligence, FCT (Abuja)",2024-04-25,2024-04-25,1
IBD029606,"Terrorists Attack, Zamfara",2024-04-24,2024-04-24,3
IBD029604,"Gunmen Attack, Katsina",2024-04-24,2024-04-24,2
IBD029620,"Boko Haram vs ISWAP, Borno",2024-04-24,2024-04-25,118
IBD029658,"Cult Clash, Edo",2024-04-24,2024-04-26,2
IBD029605,"Terrorists Attack, Zamfara",2024-04-24,2024-04-24,1
IBD029603,"Security Operatives vs Cultists, Ondo",2024-04-24,2024-04-24,1
IBD029609,"Auto Crash, FCT (Abuja)",2024-04-24,2024-04-24,1
IBD029607,"Terrorists Attack, Zamfara",2024-04-24,2024-04-24,1
IBD029601,"1 Drowns, Kano",2024-04-23,2024-04-23,1
IBD029602,"Bandits vs Army, Zamfara",2024-04-23,2024-04-23,2
IBD029600,"NAF vs Boko Haram, Borno",2024-04-23,2024-04-23,20
IBD029595,"Accidental Discharge, Taraba",2024-04-23,2024-04-23,1
IBD029823,"Medical Negligence, Ogun",2024-04-23,2024-04-23,1
IBD029599,"Gunmen vs Farmers, Benue",2024-04-23,2024-04-23,3
IBD029591,"Banditry, Sokoto",2024-04-23,2024-04-23,5
IBD029584,"Banditry, Kaduna",2024-04-23,2024-04-23,3
IBD029583,"Security Operatives vs Corper, Oyo",2024-04-23,2024-04-23,1
IBD029598,"Flood Disaster, Ogun",2024-04-23,2024-04-23,1
IBD029596,"Cult Killing, Edo",2024-04-23,2024-04-23,2
IBD029593,"Building Collapse, Lagos",2024-04-23,2024-04-23,1
IBD029585,"Auto Crash, Ogun",2024-04-22,2024-04-22,1
IBD029611,"Kidnappers vs Security Operatives, Bauchi",2024-04-22,2024-04-22,8
IBD029586,"Commercial Rider, Niger",2024-04-22,2024-04-22,1
IBD029594,"Passenger vs Bandits, Zamfara",2024-04-22,2024-04-22,1
IBD029597,"Electrocution, Ogun",2024-04-22,2024-04-22,2
IBD029592,"Vigilantes vs Youths, Imo",2024-04-21,2024-04-21,1
IBD029568,"Auto Crash, Kogi",2024-04-21,2024-04-21,20
IBD029578,"Cult Clash, Ogun",2024-04-21,2024-04-21,2
IBD030239,"Cult Killing, Ogun",2024-04-21,2024-04-21,1
IBD029579,"Children in Car, Niger",2024-04-21,2024-04-21,5
IBD029587,"Gunmen vs Police Escort, Nasarawa",2024-04-21,2024-04-21,1
IBD030229,"Cult Killing, Ogun",2024-04-21,2024-04-21,1
IBD029589,"Banditry, Zamfara",2024-04-21,2024-04-21,3
IBD029582,"3 Died, Kano",2024-04-21,2024-04-21,3
IBD029968,"Land Dispute, Nasarawa",2024-04-21,2024-04-21,2
IBD029575,"Hospital Negligence, FCT (Abuja)",2024-04-20,2024-04-20,3
IBD029558,"Auto Crash, Ogun",2024-04-20,2024-04-20,2
IBD029573,"Police Stab Man, Lagos",2024-04-20,2024-04-20,1
IBD029555,"Burrow Pit Collapse, Kebbi",2024-04-20,2024-04-20,8
IBD029581,"Herdsmen Attack, Benue",2024-04-20,2024-04-20,2
IBD029557,"Auto Crash, Ogun",2024-04-20,2024-04-20,2
IBD029580,"Cult Killing, Rivers",2024-04-20,2024-04-20,3
IBD029590,"Terrorists Attack, Katsina",2024-04-20,2024-04-21,15
IBD029563,"Auto Crash, Kano",2024-04-20,2024-04-20,11
IBD029565,"Auto Crash, Kaduna",2024-04-19,2024-04-19,13
IBD029559,"Mob vs Motorbike Thief, Benue",2024-04-19,2024-04-19,2
IBD029556,"Man Kills Another, Ogun",2024-04-19,2024-04-19,1
IBD029577,"Gunmen vs Lecturer, Ogun",2024-04-19,2024-04-19,1
IBD029615,"Boko Haram Attack, Borno",2024-04-19,2024-04-19,2
IBD029562,"Gunmen Kill Vice Principal, Plateau",2024-04-19,2024-04-19,1
IBD029576,"Security vs Drug Kingpin, Kogi",2024-04-19,2024-04-19,1
IBD029560,"Auto Crash, Ogun",2024-04-19,2024-04-19,2
IBD029572,"Auto Crash, Imo",2024-04-19,2024-04-19,4
IBD029574,"Communal Issue, Ogun",2024-04-18,2024-04-18,1
IBD029588,"Man Killed, Abia",2024-04-18,2024-04-18,1
IBD029554,"Banditry, Sokoto",2024-04-18,2024-04-18,60
IBD029673,"Kidnappers Kill Pastor, Oyo",2024-04-18,2024-05-18,1
IBD029553,"Boko Haram, Niger",2024-04-18,2024-04-18,48
IBD029669,"Medical Negligence, Osun",2024-04-18,2024-04-18,1
IBD029571,"Fulani Gunmen Attack, Plateau",2024-04-18,2024-04-18,5
IBD029564,"Gunmen Attack, Plateau",2024-04-18,2024-04-18,14
IBD029749,"Kidnap Victims, Oyo",2024-04-18,2024-05-18,10
IBD029570,"Gunmen Attack, Plateau",2024-04-18,2024-04-18,2
IBD029551,"Gunmen Kill Traffic Officer, Anambra",2024-04-18,2024-04-18,1
IBD029552,"Auto crash, Anambra",2024-04-17,2024-04-17,1
IBD029548,"ISWAP IED, Borno",2024-04-17,2024-04-17,11
IBD029545,"Mob vs Customs Officer, Katsina",2024-04-17,2024-04-17,2
IBD029561,"Extra-Judicial Killing, Abia",2024-04-17,2024-04-17,1
IBD029549,"Bandits Kill Villagers, Kaduna",2024-04-17,2024-04-17,23
IBD030795,"Student Killed, Edo",2024-04-17,2024-04-17,1
IBD029544,"Police vs Bandit, Katsina",2024-04-17,2024-04-17,1
IBD029534,"Students, Plateau",2024-04-17,2024-04-17,1
IBD029547,"Cult Killing, Enugu",2024-04-16,2024-04-16,1
IBD029550,"Army vs Terrorists, Benue",2024-04-16,2024-04-16,3
IBD029537,"Electrocution, Edo",2024-04-16,2024-04-16,1
IBD029542,"Assailants vs Farmer, Kwara",2024-04-16,2024-04-16,1
IBD029608,"NURTW Clash, Lagos",2024-04-16,2024-04-16,1
IBD029540,"Bandits Kill 3, Kaduna",2024-04-16,2024-04-16,3
IBD029610,"Auto Crash, Kaduna",2024-04-16,2024-04-16,1
IBD029546,"Auto Crash, FCT ( Abuja)",2024-04-16,2024-04-16,1
IBD029539,"Inferno, Cross River",2024-04-15,2024-04-15,2
IBD029535,"Bandit vs PDP Secretary, Zamfara",2024-04-15,2024-04-15,1
IBD029543,"Auto Crash, Osun",2024-04-15,2024-04-15,1
IBD029921,"Man vs Woman, Osun",2024-04-15,2024-04-15,1
IBD030780,"Communal Clash, Enugu",2024-04-15,2024-04-15,20
IBD029538,"Vigilante Operative Kills Man, Enugu",2024-04-15,2024-04-15,1
IBD029517,"Vigilante vs Herdsmen, Delta",2024-04-15,2024-04-15,3
IBD029510,"Auto Crash, Oyo",2024-04-14,2024-04-14,19
IBD029511,"Soldiers vs Youths, Yobe",2024-04-14,2024-04-14,3
IBD029519,"Auto Crash, Bauchi",2024-04-14,2024-04-14,6
IBD029521,"Girl Strangled, Kebbi",2024-04-14,2024-04-14,1
IBD029531,"Army vs Kidnapper, Benue",2024-04-14,2024-04-14,1
IBD029536,"Herdsmen Attack, Benue",2024-04-13,2024-04-15,26
IBD029515,"Soldier vs Lover, Enugu",2024-04-13,2024-04-13,1
IBD029533,"Gunmen Attack, Kaduna",2024-04-13,2024-04-13,4
IBD029532,"NAF vs Boko Haram, Borno",2024-04-13,2024-04-13,33
IBD029501,"Police vs Yoruba Nation Agitators, Oyo",2024-04-13,2024-04-13,3
IBD029523,"Boat Mishap, Niger",2024-04-13,2024-04-13,2
IBD029518,"Domestic Violence, Osun",2024-04-13,2024-04-13,1
IBD029508,"Gunmen vs Mourner, Benue",2024-04-13,2024-04-13,1
IBD029541,"Bandits Attack, Kaduna",2024-04-13,2024-04-13,2
IBD029530,"Banditry, Kaduna",2024-04-13,2024-04-13,2
IBD029498,"Auto Crash, Ogun",2024-04-13,2024-04-13,2
IBD029499,"Army vs Bandits, Zamfara",2024-04-12,2024-04-12,12
IBD029505,"Kidnappers Kill 14, Delta",2024-04-12,2024-04-12,14
IBD029504,"Cultists Kill 2, Ebonyi",2024-04-12,2024-04-12,2
IBD029497,"Fulani Herdsmen Attack, Benue",2024-04-12,2024-04-12,15
IBD029471,"Auto Crash, Lagos",2024-04-12,2024-04-12,1
IBD029507,"Gunmen Attack, Lagos",2024-04-12,2024-04-12,1
IBD029509,"Auto Crash, Nasarawa",2024-04-12,2024-04-12,3
IBD029506,"Hoodlums Clash, Niger",2024-04-12,2024-04-12,2
IBD029566,"Auto Crash, Ogun",2024-04-12,2024-04-12,2
IBD029493,"Cult Clash, Lagos",2024-04-12,2024-04-12,1
IBD029502,"Gunmen Attack, Plateau",2024-04-12,2024-04-12,13
IBD029524,"Cult Clash, Kwara",2024-04-12,2024-04-13,2
IBD029485,"Herdsmen Attack, Benue",2024-04-11,2024-04-11,2
IBD029492,"Man Drowns, Lagos",2024-04-11,2024-04-11,1
IBD029482,"Boy Beheaded, Kano",2024-04-11,2024-04-11,1
IBD029478,"Auto Crash, FCT (Abuja)",2024-04-11,2024-04-11,1
IBD029512,"Vigilante Operatives kills Prince, Bauchi",2024-04-11,2024-04-11,1
IBD029500,"Gunmen Kill 4, Anambra",2024-04-11,2024-04-11,3
IBD029528,"Police vs IPOB/ESN, Enugu",2024-04-11,2024-04-11,2
IBD029516,"Gunmen attack, Delta",2024-04-11,2024-04-11,3
IBD029480,"Gunmen vs Policemen, Ebonyi",2024-04-11,2024-04-11,1
IBD029481,"Auto Crash, Anambra",2024-04-10,2024-04-10,2
IBD031712,"Domestic Violence, Borno",2024-04-10,2024-04-10,1
IBD029567,"Man vs Wife, Imo",2024-04-10,2024-04-10,1
IBD029475,"Police vs Assassin, Rivers",2024-04-10,2024-04-10,1
IBD029490,"1 Drowns, Lagos",2024-04-10,2024-04-10,1
IBD029472,"NSCDC vs Worshipper, Zamfara",2024-04-10,2024-04-10,1
IBD029461,"Auto Crash, Ogun",2024-04-10,2024-04-10,2
IBD029470,"Auto Crash, Ogun",2024-04-10,2024-04-10,3
IBD029483,"Man vs Girlfriend, Delta",2024-04-10,2024-04-10,1
IBD029465,"Auto Crash, Lagos",2024-04-10,2024-04-10,2
IBD029463,"Boat Mishap, Anambra",2024-04-10,2024-04-10,4
IBD029487,"2 Drowns, Lagos",2024-04-10,2024-04-10,2
IBD029488,"1 Drowns, Lagos",2024-04-10,2024-04-10,1
IBD029476,"NAF vs Terrorists, Zamfara",2024-04-10,2024-04-10,30
IBD029491,"Cadet Drowns, Abia",2024-04-09,2024-04-09,2
IBD029477,"Fulani Herdsmen Kill Farmers, Benue",2024-04-09,2024-04-09,2
IBD029453,"Cult Clash, Akwa Ibom",2024-04-09,2024-04-09,1
IBD029520,"Domestic Violence, Akwa Ibom",2024-04-09,2024-04-09,1
IBD029473,"Gunmen vs Motorcyclist, Ogun",2024-04-09,2024-04-09,1
IBD029462,"Cult Clash, Bayelsa",2024-04-09,2024-04-09,1
IBD030383,"Medical Negligence, Anambra",2024-04-09,2024-04-09,1
IBD029467,"Motorcycle Thieves, FCT (Abuja)",2024-04-08,2024-04-08,2
IBD029486,"Gunmen vs Passengers, Taraba",2024-04-08,2024-04-08,3
IBD029444,"Assailants vs Politician Aide, Rivers",2024-04-08,2024-04-08,2
IBD029469,"Expired Drugs Victims, Kaduna",2024-04-08,2024-04-08,3
IBD029474,"Man vs Wife, Adamawa",2024-04-08,2024-04-08,1
IBD029440,"Fulani Herdsmen vs Catechist, Enugu",2024-04-08,2024-04-08,1
IBD029448,"Police vs Kidnappers, Rivers",2024-04-08,2024-04-08,2
IBD029452,"Corpse Found, Niger",2024-04-07,2024-04-07,2
IBD029464,"Gang Battle, Zamfara",2024-04-07,2024-04-07,3
IBD029447,"Cult Clash, Anambra",2024-04-07,2024-04-07,3
IBD029489,"Boko Haram vs Police, Borno",2024-04-07,2024-04-07,1
IBD029460,"Gunmen Kill Man, Benue",2024-04-07,2024-04-07,1
IBD029445,"Auto Crash, Ogun",2024-04-07,2024-04-07,2
IBD029446,"Auto Crash, Ogun",2024-04-07,2024-04-07,3
IBD029442,"Gunmen Attack, Enugu",2024-04-07,2024-04-07,2
IBD029443,"Banditry, Niger",2024-04-07,2024-04-07,37
IBD029434,"Extra Judicial Killing, Imo",2024-04-07,2024-04-07,1
IBD029432,"Auto Crash, Taraba",2024-04-07,2024-04-07,2
IBD029450,"Auto Crash, Ogun",2024-04-07,2024-04-07,1
IBD029457,"Hospital Negligence, Kogi",2024-04-07,2024-04-07,1
IBD029459,"Gunmen Attack, Benue",2024-04-07,2024-04-07,4
IBD030988,"Robbers vs Motorcyclists, Ogun",2024-04-07,2024-04-14,8
IBD029435,"NAF vs Boko Haram, Borno",2024-04-06,2024-04-06,20
IBD029433,"Auto Crash, Edo",2024-04-06,2024-04-06,4
IBD029495,"Gunmen Kill Businessman, Akwa Ibom",2024-04-06,2024-04-06,1
IBD029466,"Kidnappers vs Policeman, FCT (Abuja)",2024-04-06,2024-04-06,2
IBD029439,"Gunmen vs Vigilante, Rivers",2024-04-06,2024-04-06,1
IBD029455,"Flood Disaster, Taraba",2024-04-06,2024-04-06,1
IBD029431,"Auto Crash, Ogun",2024-04-06,2024-04-06,1
IBD029427,"Auto Crash, Ondo",2024-04-06,2024-04-06,2
IBD029437,"Gunmen vs Vigilantes, Rivers",2024-04-06,2024-04-06,1
IBD029441,"Footballer Dies, Delta",2024-04-06,2024-04-06,1
IBD029612,"Cult Killings, Anambra",2024-04-05,2024-04-26,31
IBD029438,"Gunmen Kill 2, Niger",2024-04-05,2024-04-05,1
IBD029430,"Police vs Armed Robber, Nasarawa",2024-04-05,2024-04-05,1
IBD029436,"Military Airstrikes, Katsina",2024-04-05,2024-04-05,20
IBD030740,"Police Kill Kidnapper, Delta",2024-04-05,2024-04-05,1
IBD029405,"Army vs Bandits, Kaduna",2024-04-05,2024-04-05,3
IBD029429,"Sallah Stampede, Sokoto",2024-04-05,2024-04-05,9
IBD029503,"Gunmen Attack, Plateau",2024-04-05,2024-04-05,1
IBD029993,"Police Inspector vs Man, Delta",2024-04-05,2024-04-05,1
IBD029425,"Auto Crash, Osun",2024-04-05,2024-04-05,2
IBD029422,"Police vs Shiite, Kaduna",2024-04-05,2024-04-05,5
IBD029484,"Man vs Family, Delta",2024-04-05,2024-04-05,1
IBD029456,"Kidnapped Lawyer, Imo",2024-04-05,2024-04-05,1
IBD029423,"Youths vs Men, Cross River",2024-04-04,2024-04-04,3
IBD029513,"Son Kill Mother, Akwa Ibom",2024-04-04,2024-04-04,1
IBD029428,"Boko Haram vs Soldiers, Borno",2024-04-04,2024-04-04,7
IBD029638,"Cult Killing, Akwa Ibom",2024-04-04,2024-04-04,1
IBD029421,"Gunmen Attack, Kogi",2024-04-04,2024-04-04,20
IBD029418,"Gunmen Attack, FCT (Abuja)",2024-04-04,2024-04-04,1
IBD029419,"Unijos Student, Plateau",2024-04-04,2024-04-04,1
IBD029678,"Cult Killing, Abia",2024-04-03,2024-04-03,1
IBD029417,"Football Match, Ebonyi",2024-04-03,2024-04-03,1
IBD029411,"Rainstorm Kill 1, Osun",2024-04-03,2024-04-03,1
IBD029402,"Auto Crash, Osun",2024-04-03,2024-04-03,1
IBD029398,"Auto Crash, Kwara",2024-04-03,2024-04-03,4
IBD029414,"Auto Crash, Osun",2024-04-03,2024-04-03,1
IBD029420,"Kidnapper, Nasarawa",2024-04-03,2024-04-03,1
IBD029412,"Transformer Explosion, Ogun",2024-04-03,2024-04-03,1
IBD029401,"Auto Crash, Ogun",2024-04-03,2024-04-03,1
IBD029415,"Bandits vs Village Head, Kaduna",2024-04-03,2024-04-03,1
IBD029397,"Army vs Terrorists, Taraba",2024-04-02,2024-04-02,5
IBD029479,"Missing Boy, Kano",2024-04-02,2024-04-02,2
IBD029400,"Windstorm Kills 1, Nasarawa",2024-04-02,2024-04-02,1
IBD029386,"Hunter vs Man, Osun",2024-04-02,2024-04-02,1
IBD029391,"Man vs Farm Security Guard, Plateau",2024-04-02,2024-04-02,1
IBD029384,"Auto Crash, Ogun",2024-04-02,2024-04-04,1
IBD029399,"Windstorm Kills 3, Taraba",2024-04-02,2024-04-03,3
IBD029408,"Security Operatives vs Gunmen, Anmabra",2024-04-02,2024-04-02,5
IBD030228,"Cult Killing, Ogun",2024-04-02,2024-04-02,1
IBD029529,"Kidnappers vs Farmers, Edo",2024-04-02,2024-04-02,1
IBD029406,"Security Operatives vs Bandits, Plateau",2024-04-01,2024-04-01,3
IBD030847,"Assailants vs Council Worker, Lagos",2024-04-01,2024-04-01,1
IBD029389,"Mysterious Death, Oyo",2024-04-01,2024-04-01,1
IBD029387,"Banditry, Zamfara",2024-04-01,2024-04-01,1
IBD029388,"Auto Crash, Lagos",2024-04-01,2024-04-01,1
IBD029403,"Assailant vs Couple, FCT (Abuja)",2024-04-01,2024-04-01,2
IBD029382,"Cult Killing, Edo",2024-04-01,2024-04-01,3
IBD029372,"Man vs Brother, Bauchi",2024-03-31,2024-03-31,1
IBD029364,"Boko Haram vs Soldiers, Borno",2024-03-31,2024-03-31,3
IBD029376,"Communal Clash, Benue",2024-03-31,2024-04-01,2
IBD029373,"Mob vs Thief, Kwara",2024-03-31,2024-03-31,1
IBD029379,"Cult Clash, Anambra",2024-03-31,2024-04-04,13
IBD029370,"Electrocution, Ogun",2024-03-31,2024-03-31,1
IBD029368,"Auto Crash, Kogi",2024-03-31,2024-03-31,13
IBD029380,"Banditry, Kaduna",2024-03-31,2024-03-31,25
IBD029371,"Army vs Looter, Kebbi",2024-03-31,2024-03-31,1
IBD029362,"Accidental Discharge, Taraba",2024-03-31,2024-03-31,3
IBD029468,"Naval Personnel vs Civilian Staff, Lagos",2024-03-31,2024-03-31,1
IBD031337,"Kidnappers vs Shell Staff, Rivers",2024-03-31,2024-03-31,2
IBD029374,"Cult Killing, Ogun",2024-03-31,2024-03-31,1
IBD029369,"Assailants vs Lecturer, Borno",2024-03-31,2024-03-31,1
IBD029426,"Teenager Dies in Hotel, Bayelsa",2024-03-31,2024-03-31,1
IBD029394,"Gunmen Attack, Benue",2024-03-30,2024-03-30,4
IBD029353,"Sorcery, Ondo",2024-03-30,2024-03-30,3
IBD029355,"Suspected Motorcycle Thief, Kwara",2024-03-30,2024-03-30,1
IBD029363,"Man Drowns, Ogun",2024-03-30,2024-03-30,1
IBD029360,"Police vs IPOB/ESN, Enugu",2024-03-30,2024-03-30,2
IBD029347,"Soldier vs Trader, Ondo",2024-03-30,2024-03-30,1
IBD029375,"Assailant vs Fashion Designer, Ogun",2024-03-30,2024-03-30,1
IBD029378,"Banditry, Katsina",2024-03-30,2024-03-30,8
IBD029350,"Police vs Gunmen, Anambra",2024-03-30,2024-03-30,3
IBD029705,"Kidnappers vs Girl, Edo",2024-03-30,2024-03-30,1
IBD029342,"Man vs Wife, Lagos",2024-03-29,2024-03-29,1
IBD029377,"Banditry, Zamfara",2024-03-29,2024-03-29,5
IBD029351,"Cattle Herder, Plateau",2024-03-29,2024-03-29,1
IBD029354,"Inferno, Taraba",2024-03-29,2024-03-29,4
IBD029352,"Teenager vs Friend, Bauchi",2024-03-28,2024-03-28,1
IBD029396,"Banditry, Kaduna",2024-03-28,2024-03-28,2
IBD029395,"Vigilantes vs Kidnappers, FCT, Abuja",2024-03-28,2024-03-28,4
IBD029348,"Boy vs Playmate, Lagos",2024-03-28,2024-03-28,1
IBD029346,"Neighbours vs Woman, Ogun",2024-03-28,2024-03-28,1
IBD029339,"Auto Crash, FCT (Abuja)",2024-03-27,2024-03-27,2
IBD029404,"Assailants vs Police Officer, Edo",2024-03-27,2024-03-27,1
IBD029335,"Police vs Bandits, Benue",2024-03-27,2024-03-27,2
IBD029341,"Bandits vs Abductees, Niger",2024-03-27,2024-03-27,9
IBD029381,"Kidnappers vs Farmer, Edo",2024-03-27,2024-03-27,1
IBD029713,"Domestic Violence, Ondo",2024-03-27,2024-03-27,1
IBD029407,"Army vs Bandits, Taraba",2024-03-27,2024-03-27,1
IBD029328,"Banditry, Zamfara",2024-03-26,2024-03-26,1
IBD029340,"Army vs Bandit Leader, Sokoto",2024-03-26,2024-03-26,1
IBD029385,"Bandits vs Security Operatives, Katsina",2024-03-26,2024-03-29,10
IBD029337,"Army vs Boko Haram, Borno",2024-03-26,2024-03-26,1
IBD029333,"Army vs Boko Haram, Borno",2024-03-26,2024-03-26,1
IBD029332,"Man vs Friend, Bauchi",2024-03-26,2024-03-26,1
IBD029336,"Banditry, Katsina",2024-03-26,2024-03-26,2
IBD029344,"Mob vs Car Snatchers, Rivers",2024-03-25,2024-03-25,2
IBD029345,"Ebubeagu vs Man, Imo",2024-03-25,2024-03-25,1
IBD029356,"Auto Crash, Lagos",2024-03-25,2024-03-25,1
IBD029322,"Auto Crash, Ogun",2024-03-25,2024-03-25,2
IBD029383,"Bandits Kill 9, Katsina",2024-03-25,2024-03-31,9
IBD029138,"Mob vs Car Vandal, Lagos",2024-03-25,2024-03-25,1
IBD029359,"Inferno, Lagos",2024-03-25,2024-03-25,1
IBD029330,"Ritual Killing, Osun",2024-03-25,2024-03-25,1
IBD029320,"Police vs Cult Commander, Rivers",2024-03-25,2024-03-25,1
IBD029325,"Auto Crash, Kogi",2024-03-24,2024-03-24,2
IBD029314,"Suspected Kidnapper, Edo",2024-03-24,2024-03-24,1
IBD029323,"Banditry, Zamfara",2024-03-24,2024-03-24,2
IBD029349,"Army vs Bandits, Zamfara",2024-03-24,2024-03-24,41
IBD029319,"Man vs Brother, Niger",2024-03-24,2024-03-24,1
IBD029309,"Stampede, Bauchi",2024-03-24,2024-03-24,6
IBD029358,"Herdsmen Kill 10, Benue",2024-03-24,2024-03-24,10
IBD029331,"Boko Haram vs Soldier, Yobe",2024-03-23,2024-03-23,1
IBD029306,"Gunmen vs Policemen, Imo",2024-03-23,2024-03-23,2
IBD029310,"Inferno, Yobe",2024-03-23,2024-03-23,1
IBD029327,"Robbery Kill Cyclist, FCT (Abuja)",2024-03-23,2024-03-23,1
IBD029317,"Cult Clash, Kwara",2024-03-23,2024-03-23,1
IBD029307,"Bandits Kill 2, Katsina",2024-03-23,2024-03-23,2
IBD029343,"Hausa vs Fulani, Sokoto",2024-03-23,2024-03-23,4
IBD029318,"Mob vs Kidnapper, Edo",2024-03-23,2024-03-23,1
IBD029316,"Assailants vs Man, Ogun",2024-03-23,2024-03-23,1
IBD029334,"Auto Crash, Bauchi",2024-03-23,2024-03-23,4
IBD029311,"Communal Clash, Plateau",2024-03-23,2024-03-23,10
IBD029312,"Army vs Terrorists, Borno",2024-03-22,2024-03-22,5
IBD029313,"Gunmen vs Farmers, Nasarawa",2024-03-22,2024-03-24,6
IBD029300,"Stampede, Nasarawa",2024-03-22,2024-03-22,2
IBD029458,"Security Operatives vs Man, Lagos",2024-03-22,2024-03-22,1
IBD029305,"Assailants vs Suya Seller, Imo",2024-03-22,2024-03-22,1
PAR012633,"Police vs Kidnappers, Ogun",2024-03-21,2024-03-21,5
IBD029276,"Tricycle Riders vs Motorcyclists, Delta",2024-03-21,2024-03-21,2
IBD029299,"Herdsmen Kill 7, Benue",2024-03-21,2024-03-21,7
IBD029302,"Police vs Armed Robbers, Rivers",2024-03-21,2024-03-21,3
IBD029304,"Police vs Gunmen, Ebonyi",2024-03-21,2024-03-21,3
IBD029301,"Auto Crash, Abia",2024-03-21,2024-03-21,3
IBD029315,"Auto Crash, FCT (Abuja)",2024-03-21,2024-03-21,2
IBD029296,"Banditary, Niger",2024-03-21,2024-03-21,31
IBD029297,"Gunmen Attack, Benue",2024-03-21,2024-03-21,2
IBD029274,"Auto Crash, FCT (Abuja)",2024-03-20,2024-03-20,10
IBD029291,"Banditry, Sokoto",2024-03-20,2024-03-20,1
PAR012634,"Security Operatives vs Man, Bayelsa",2024-03-20,2024-03-20,1
IBD029294,"Cult Killing, Delta",2024-03-20,2024-03-20,2
IBD029329,"Police vs Robbers, Akwa Ibom",2024-03-20,2024-03-20,3
IBD029290,"Gunmen vs Transporter, Ogun",2024-03-20,2024-03-20,1
IBD029324,"Man Dies, Kwara",2024-03-20,2024-03-20,1
IBD029292,"Banditry, Taraba",2024-03-20,2024-03-20,1
IBD029409,"Ritual Killing, Imo",2024-03-20,2024-03-20,3
IBD029295,"Terrorists Attack, Katsina",2024-03-19,2024-03-20,6
IBD029285,"Auto Crash, Oyo",2024-03-19,2024-03-19,2
IBD029288,"Miners, Cross River",2024-03-19,2024-03-19,2
IBD029357,"Teenager vs Friend, Niger",2024-03-19,2024-03-19,1
IBD029282,"Herdsmen Attack, Benue",2024-03-19,2024-03-20,20
IBD029287,"Herdsmen Attack, Benue",2024-03-19,2024-03-19,2
IBD029298,"Gunmen Attack, Niger",2024-03-19,2024-03-19,5
IBD029270,"Army Attack, Bayelsa",2024-03-18,2024-03-18,14
IBD029283,"Cult Clash, Ogun",2024-03-18,2024-03-18,2
IBD029280,"Medical Negligence, Ekiti",2024-03-18,2024-03-18,1
IBD029286,"Soldiers vs IPOB, Imo",2024-03-18,2024-03-18,1
IBD029569,"Ritual Killing, Oyo",2024-03-18,2024-03-18,1
IBD029277,"Fire Incident, Bauchi",2024-03-17,2024-03-17,2
IBD029278,"Mob vs Thief, Bauchi",2024-03-17,2024-03-17,1
IBD029272,"Kidnappers vs Security Operative, Abia",2024-03-17,2024-03-17,1
IBD029284,"Gunmen Attack, Benue",2024-03-17,2024-03-17,1
IBD029269,"Gunmen vs Businessman, Rivers",2024-03-17,2024-03-17,1
IBD029260,"One Killed, Edo",2024-03-16,2024-03-16,1
IBD029263,"Forklift Accident, Lagos",2024-03-16,2024-03-16,1
IBD029281,"Cult Attack, Rivers",2024-03-16,2024-03-16,1
IBD029268,"Inferno, Kaduna",2024-03-16,2024-03-16,1
IBD029262,"Communal Clash, Kogi",2024-03-15,2024-03-16,4
IBD029256,"Army vs Bandits, Kaduna",2024-03-15,2024-03-15,2
IBD029275,"Gunmen vs Traditional Ruler, Bauchi",2024-03-15,2024-03-15,1
IBD029454,"Cult Killing, Rivers",2024-03-15,2024-03-15,10
IBD029279,"Gunmen vs Pastors, Akwa Ibom",2024-03-15,2024-03-15,2
IBD029361,"Suspected Motorcycle Thief, Ondo",2024-03-15,2024-03-15,1
PAR012632,"Corpse Found, Ekiti",2024-03-15,2024-03-15,1
IBD029259,"Army vs Bandits, Katsina",2024-03-15,2024-03-15,2
IBD031336,"Kidnappers vs Policemen, Rivers",2024-03-15,2024-03-15,2
IBD029241,"Hoodlum vs Man, Anambra",2024-03-14,2024-03-14,1
IBD029252,"Rape Victim, Plateau",2024-03-14,2024-03-14,1
IBD029271,"Bandit Kingpin, Katsina",2024-03-14,2024-03-14,1
IBD029266,"Cultists vs Man, Rivers",2024-03-14,2024-03-14,1
IBD029248,"Army vs Terrorists, Taraba",2024-03-14,2024-03-14,2
IBD029255,"Youths vs Army, Delta",2024-03-14,2024-03-14,29
IBD029253,"Organ Harvesting Victim, Plateau",2024-03-14,2024-03-14,1
IBD029264,"Ritual Killing, Bauchi",2024-03-14,2024-03-14,1
IBD029289,"Domestic Violence, Ondo",2024-03-13,2024-03-13,1
IBD029261,"Co-tenant vs Student, FCT (Abuja)",2024-03-13,2024-03-13,1
IBD029240,"Man vs In-law, Kano",2024-03-13,2024-03-13,1
IBD029424,"Man vs Woman, Ondo",2024-03-13,2024-03-13,1
IBD029254,"Assailants vs Baker, Lagos",2024-03-13,2024-03-13,1
IBD029265,"Son vs Father, Akwa Ibom",2024-03-13,2024-03-13,1
IBD029244,"Gunmen vs Commuters, Taraba",2024-03-13,2024-03-13,8
IBD029250,"Inferno, Borno",2024-03-12,2024-03-12,2
IBD029257,"Banditry, Kaduna",2024-03-12,2024-03-12,1
IBD029246,"Communal Clash, Adamawa",2024-03-12,2024-03-13,2
IBD029229,"Police Officer Kills One, FCT (Abuja)",2024-03-12,2024-03-12,1
IBD029231,"Auto Crash, Ogun",2024-03-12,2024-03-12,1
IBD029247,"Communal Clash, Adamawa",2024-03-12,2024-03-13,2
IBD029413,"Bandits Kill 5, Kaduna",2024-03-12,2024-03-12,5
IBD029251,"Inferno, Bauchi",2024-03-12,2024-03-12,2
IBD029258,"Assailants vs Man, Kano",2024-03-12,2024-03-12,1
IBD029239,"Herdsmen vs Farmer, Delta",2024-03-11,2024-03-11,1
IBD029227,"Bandits Kill 7, Plateau",2024-03-11,2024-03-11,7
IBD029238,"Communal Clash, Niger",2024-03-11,2024-03-11,2
IBD029234,"Communal Clash, Bayelsa",2024-03-11,2024-03-11,1
IBD029232,"Cult Killing, Abia",2024-03-11,2024-03-11,1
IBD029236,"Auto Crash, Ondo",2024-03-11,2024-03-11,3
IBD029224,"Rape Victim, Ondo",2024-03-10,2024-03-10,1
IBD029223,"Army vs Bandits, Zamfara",2024-03-10,2024-03-10,2
IBD029233,"Gunmen Attack, Ebonyi",2024-03-10,2024-03-10,1
IBD029242,"Man vs Mediator, Ekiti",2024-03-10,2024-03-10,1
IBD029222,"Army vs Bandits, Katsina",2024-03-10,2024-03-10,2
IBD029220,"Army vs Boko Haram, Borno",2024-03-10,2024-03-10,8
IBD029215,"Communal Clash, Cross River",2024-03-10,2024-03-10,3
IBD029237,"Gunmen vs Farmer, Benue",2024-03-10,2024-03-10,1
IBD029230,"Bandits Kill 2, Katsina",2024-03-10,2024-03-10,2
IBD029225,"Kidnappers, Enugu",2024-03-10,2024-03-10,1
IBD029235,"Auto Crash, Ogun",2024-03-10,2024-03-10,2
IBD029219,"Banditry, Sokoto",2024-03-09,2024-03-09,1
IBD029228,"Ritual Killing, Edo",2024-03-09,2024-03-09,1
IBD029210,"Auto Crash, Ondo",2024-03-09,2024-03-09,5
PAR012630,"Building Collapse, Anambra",2024-03-09,2024-03-09,5
IBD029249,"House Help vs Boss, Lagos",2024-03-09,2024-03-09,1
IBD029214,"Cultists vs Man, Edo",2024-03-09,2024-03-09,1
IBD029216,"Communal Crisis, Imo",2024-03-08,2024-03-08,4
IBD029206,"Mosque Attack, Kaduna",2024-03-08,2024-03-08,2
IBD029208,"Soldiers vs Boko Haram, Borno",2024-03-08,2024-03-08,1
IBD029213,"Herdsmen vs Farmer, Edo",2024-03-08,2024-03-08,1
IBD029226,"Corpse Found, Kwara",2024-03-08,2024-03-08,1
IBD029494,"River Drown Many, Oyo",2024-03-08,2024-03-15,10
IBD029221,"Army vs Boko Haram, Borno",2024-03-08,2024-03-08,3
IBD029207,"Soldiers vs Boko Haram, Borno",2024-03-08,2024-03-08,3
IBD029643,"Medical Negligence, Lagos",2024-03-08,2024-03-08,2
IBD029243,"Police vs Lawyer, Kogi",2024-03-07,2024-03-07,1
IBD029202,"School Kidnap, Kaduna",2024-03-07,2024-03-07,2
IBD029201,"Armed Robbers Attack, Kogi",2024-03-07,2024-03-07,2
IBD029211,"Herdsmen Attack, Benue",2024-03-07,2024-03-07,17
IBD029321,"Kidnap Victim, Kaduna",2024-03-07,2024-03-07,1
IBD029212,"Soldiers vs IPOB, Anambra",2024-03-07,2024-03-07,40
IBD029209,"Gunmen Attack, Ebonyi",2024-03-07,2024-03-07,6
IBD031903,"Bureau De Change Operator, FCT (Abuja)",2024-03-07,2024-03-07,1
IBD029203,"Soldiers vs Bandits, Sokoto",2024-03-06,2024-03-06,2
IBD029189,"Auto Crash, Lagos",2024-03-06,2024-03-06,1
IBD029245,"Assailants vs Man, Delta",2024-03-06,2024-03-06,1
IBD029200,"Assailants vs Student, Kwara",2024-03-06,2024-03-06,1
IBD029194,"Man vs Uncle, Bayelsa",2024-03-06,2024-03-06,1
IBD029184,"Cultists vs Technician, Ogun",2024-03-06,2024-03-06,1
IBD029180,"Auto Crash, Anambra",2024-03-05,2024-03-05,1
IBD029185,"Cult Killing, Ogun",2024-03-05,2024-03-05,1
IBD029193,"Man vs Wife, Rivers",2024-03-05,2024-03-05,1
IBD029191,"Auto Crash, Abia",2024-03-05,2024-03-05,1
IBD029199,"Robbers Attack, Jigawa",2024-03-05,2024-03-05,3
IBD029187,"Gunmen vs Herder, Plateau",2024-03-05,2024-03-05,1
IBD029190,"Assailant vs Islamic Scholar, Zamfara",2024-03-05,2024-03-05,1
IBD029196,"NAF vs Bandits, Zamfara",2024-03-05,2024-03-05,40
IBD029451,"Cult Killing, Rivers",2024-03-05,2024-03-05,4
IBD029186,"Army vs ESN, Imo",2024-03-05,2024-03-05,5
IBD029204,"NAF vs Bandits, Katsina",2024-03-05,2024-03-05,22
IBD029183,"Militia Clash, Benue",2024-03-05,2024-03-05,40
IBD031335,"Kidnap Victims, Rivers",2024-03-05,2024-03-05,3
IBD029198,"Kidnappers vs Family, Kaduna",2024-03-04,2024-03-04,5
IBD029176,"Gunmen Kill 2, Benue",2024-03-04,2024-03-04,2
IBD029182,"Banditry, Zamfara",2024-03-04,2024-03-04,1
IBD029177,"Army vs Bandits, Katsina",2024-03-04,2024-03-04,4
IBD029174,"Police vs Armed Robber, Delta",2024-03-04,2024-03-04,1
IBD029170,"Auto Crash, Kaduna",2024-03-04,2024-03-04,14
IBD029273,"Banditry, Katsina",2024-03-04,2024-03-04,200
IBD029178,"Communal Clash, Lagos",2024-03-04,2024-03-05,15
IBD029179,"Banditry, Zamfara",2024-03-03,2024-03-03,3
IBD029167,"Auto Crash, Lagos",2024-03-03,2024-03-03,1
IBD029173,"Electrocution, Delta",2024-03-03,2024-03-03,1
IBD029171,"Herdsmen Attack, Benue",2024-03-03,2024-03-03,5
IBD029172,"Herdsmen vs Soldier, Benue",2024-03-03,2024-03-03,1
IBD029162,"Auto Crash, Lagos",2024-03-02,2024-03-02,1
IBD029367,"Assailants vs Man, Edo",2024-03-02,2024-03-02,1
IBD029166,"Fire Outbreak, Lagos",2024-03-02,2024-03-02,1
IBD029158,"Security Operatives Kills Two, Delta",2024-03-02,2024-03-02,2
IBD029159,"Auto Crash/Crime, Edo",2024-03-02,2024-03-02,4
IBD029168,"Banditry, Kaduna",2024-03-02,2024-03-02,2
IBD029192,"Decomposed Body, Ebonyi",2024-03-02,2024-03-02,1
IBD029205,"Army vs Gunmen, Imo",2024-03-02,2024-03-02,20
IBD029410,"Auto Crash, Ogun",2024-03-02,2024-04-02,4
IBD029164,"Auto Crash, Lagos",2024-03-02,2024-03-02,1
IBD029175,"3 Drowns, Benue",2024-03-02,2024-03-02,3
IBD029154,"Auto Crash, Anambra",2024-03-01,2024-03-01,2
IBD029365,"Kidnap Victims, Imo",2024-03-01,2024-02-01,5
IBD029163,"Auto Crash, Ogun",2024-03-01,2024-03-01,3
IBD029169,"Army vs Gunmen, Imo",2024-03-01,2024-03-01,1
IBD029155,"Gunmen Attack, Benue",2024-03-01,2024-03-01,5
IBD029156,"Gunmen Attack, Benue",2024-02-29,2024-02-29,4
IBD029145,"Explosion, FCT (Abuja)",2024-02-29,2024-02-29,3
IBD029141,"Auto Crash, Ogun",2024-02-29,2024-02-29,5
IBD029142,"Gunmen Kill 2 Siblings, Akwa ibom",2024-02-29,2024-02-29,2
IBD029153,"ISWAP/Boko Haram IED, Borno",2024-02-29,2024-02-29,3
IBD029152,"Army vs Boko Haram, Borno",2024-02-29,2024-02-29,3
IBD029151,"Students Kills One, Imo",2024-02-29,2024-02-29,1
IBD029144,"Food Poisoning, Oyo",2024-02-28,2024-02-28,1
IBD029133,"Auto Crash, Osun",2024-02-28,2024-02-28,3
IBD029181,"Electrocution, FCT (Abuja)",2024-02-28,2024-02-28,1
IBD029149,"Assailants vs POS Operator, Ebonyi",2024-02-28,2024-02-28,1
IBD029140,"Troops vs Bandits, Zamfara",2024-02-28,2024-02-28,20
IBD029134,"Auto Crash, Lagos",2024-02-28,2024-02-28,3
IBD029143,"Police vs Man, Edo",2024-02-28,2024-02-28,1
IBD029128,"Auto Crash, Ogun",2024-02-28,2024-02-28,5
IBD029135,"Ritual killing, Abia",2024-02-28,2024-02-28,1
IBD029127,"Security Operatives vs Rustler, Kebbi",2024-02-27,2024-02-27,1
IBD029131,"Assailants vs Guard, Benue",2024-02-27,2024-02-27,1
IBD029088,"Gunmen vs Photographer, Niger",2024-02-27,2024-02-27,1
IBD029129,"Boy Drowns, Lagos",2024-02-27,2024-02-27,1
IBD029132,"Assailants vs NYSC Member, Benue",2024-02-27,2024-02-27,1
IBD029217,"Assailants vs Community Leader, Kaduna",2024-02-27,2024-02-27,1
IBD029139,"Explosive Device Kills Two, Borno",2024-02-27,2024-02-27,2
IBD029122,"Boat Mishap, Lagos",2024-02-26,2024-02-26,4
IBD029136,"Communal Clash, Akwa Ibom",2024-02-26,2024-02-26,11
IBD029118,"Evangelist vs Pastor, Osun",2024-02-26,2024-02-26,1
IBD029148,"Vigilante vs Man, Kano",2024-02-26,2024-02-26,1
IBD029126,"Rape Victim, Ogun",2024-02-26,2024-02-26,1
IBD029121,"Gunmen vs Village Head, Nasarawa",2024-02-26,2024-02-26,19
IBD029120,"Herdsmen vs Farmers, Benue",2024-02-26,2024-02-26,3
IBD029119,"Building Collapse, Anambra",2024-02-26,2024-02-26,7
IBD029125,"Security Operatives vs Kidnappers, Taraba",2024-02-26,2024-02-26,15
IBD029147,"Gunmen Kill 5, Kaduna",2024-02-26,2024-02-26,5
IBD029124,"Banditry, Katsina",2024-02-26,2024-02-26,1
IBD029107,"Cult Clash, Delta",2024-02-25,2024-02-25,1
IBD029267,Son vs Grand Mother Akwa Ibom,2024-02-25,2024-02-25,1
IBD029114,"Security Operatives vs Gunmen, Kwara",2024-02-25,2024-02-25,1
IBD029113,"Suffocation, Kwara",2024-02-25,2024-02-25,3
IBD029130,"Man vs Son, Abia",2024-02-25,2024-02-25,1
IBD029111,"Gunmen Attack, Enugu",2024-02-25,2024-02-25,2
IBD029102,"Bandits Kill Policeman, Zamfara",2024-02-25,2024-02-25,1
IBD029105,"Army vs Bandits, Zamfara",2024-02-24,2024-02-24,30
IBD029104,"Bandits Kill 1, Oyo",2024-02-24,2024-02-24,1
IBD029106,"Bandits Clash, Zamfara",2024-02-24,2024-02-24,41
IBD029110,"Cult Clash, Benue",2024-02-24,2024-02-26,7
IBD029109,"Youths vs Militia, Rivers",2024-02-24,2024-02-24,1
IBD029097,"Bandits Kill 2, Kaduna",2024-02-23,2024-02-23,2
IBD029096,"Youths Clash, Lagos",2024-02-23,2024-02-23,1
IBD029101,"Students Killed, Bauchi",2024-02-23,2024-02-23,2
IBD029308,Kidnappers vs Policemen Delta,2024-02-23,2024-02-26,9
IBD029112,"Man vs Friend, Ondo",2024-02-23,2024-02-23,1
IBD029100,"Stampede, Lagos",2024-02-23,2024-02-23,7
IBD029098,"Kidnappers Kill Man, Imo",2024-02-23,2024-02-23,1
IBD029094,"Hoodlums vs Community Leader, Anambra",2024-02-23,2024-02-23,1
IBD029085,"Cultists Kill 2, Kwara",2024-02-22,2024-02-22,2
IBD029095,"Man Dies, Kwara",2024-02-22,2024-02-22,1
IBD029150,"Ritual/Rape Victim, Kwara",2024-02-22,2024-02-22,1
IBD029087,"Hoodlums vs Police, Rivers",2024-02-21,2024-02-21,2
IBD029091,"Security Operatives vs Bandits, Katsina",2024-02-21,2024-02-21,15
IBD029115,"Gunmen Attack, Nasarawa",2024-02-21,2024-02-21,5
IBD029082,"Boat Mishap, Lagos",2024-02-21,2024-02-21,2
IBD029076,"Auto Crash, Benue",2024-02-21,2024-02-21,12
IBD029086,"Police vs Kidnapper, Niger",2024-02-21,2024-02-21,1
IBD029084,"Army vs Bandits, Kaduna",2024-02-21,2024-02-21,10
IBD029083,"Herdsmen Kill 24, Benue",2024-02-21,2024-02-21,24
IBD029080,"Gunmen Attack, Zamfara",2024-02-20,2024-02-20,9
IBD029089,"Gunmen Attack, Ebonyi",2024-02-20,2024-02-20,4
IBD029073,"Auto Crash, Ogun",2024-02-20,2024-02-20,9
IBD029218,"Medical Quackery, Oyo",2024-02-20,2024-02-20,1
IBD029081,"Domestic Violence, Ebonyi",2024-02-20,2024-02-20,1
IBD029688,"Domestic Violence, Rivers",2024-02-20,2024-02-20,1
IBD029077,"Army vs Terrorists, Kaduna",2024-02-20,2024-02-20,1
IBD030227,"Cult Killing, Ogun",2024-02-20,2024-02-20,1
IBD029066,"Land Crisis, Bayelsa",2024-02-19,2024-02-19,2
IBD029070,"Terrorists Kill 6, Katsina",2024-02-19,2024-02-19,7
IBD029065,"Lion Attack, Osun",2024-02-19,2024-02-19,1
IBD029146,"Soldiers vs Military, Borno",2024-02-19,2024-02-19,25
IBD029075,"Herders Attack, Benue",2024-02-19,2024-02-19,1
IBD029069,"Hoodlums vs Man, Ogun",2024-02-19,2024-02-19,1
IBD029165,"Cult Killing, Imo",2024-02-19,2024-02-19,1
IBD029053,"Bandits vs Police, Zamfara",2024-02-18,2024-02-18,4
IBD029103,"Domestic Violence, Edo",2024-02-18,2024-02-18,3
IBD029064,"Gunmen Attack, Plateau",2024-02-18,2024-02-18,2
IBD029057,"Banditry, Kaduna",2024-02-18,2024-02-18,12
IBD029068,"Auto Crash, FCT (Abuja)",2024-02-18,2024-02-18,6
IBD029052,"Gunmen Attack, Plateau",2024-02-17,2024-02-17,1
IBD029051,"Rainstorm, Ondo",2024-02-17,2024-02-17,1
IBD029048,"Auto Crash, FCT (Abuja)",2024-02-17,2024-02-17,1
IBD029054,"Police vs Kidnapper, Rivers",2024-02-17,2024-02-17,1
IBD029061,"Banditry, Katsina",2024-02-17,2024-02-17,2
IBD029050,"Communal Clash, Ebonyi",2024-02-17,2024-02-17,2
IBD029047,"Auto Crash, Ogun",2024-02-17,2024-02-17,3
IBD029060,Police vs Bandit,2024-02-17,2024-02-17,1
IBD029044,"Auto Crash, Ondo",2024-02-16,2024-02-16,4
IBD029046,"Bandits Kill 3, Kaduna",2024-02-16,2024-02-16,3
IBD029056,"Suspected Phone Thief, Benue",2024-02-16,2024-02-17,1
IBD029039,"Gunmen Kill Man, Plateau",2024-02-16,2024-02-16,1
IBD029043,"Bandits Kill 6, Kaduna",2024-02-16,2024-02-16,8
IBD029071,"Boko Haram Attack, Yobe",2024-02-16,2024-02-16,1
IBD029059,"Army vs ISWAP, Yobe",2024-02-16,2024-02-16,4
IBD029049,"Security Operatives Kills One, Anambra",2024-02-16,2024-02-16,1
IBD031639,"Auto Crash, Benue",2024-02-15,2024-02-15,45
IBD029042,"Banditry, Zamfara",2024-02-15,2024-02-15,7
IBD029063,"Gunmen vs Students, Delta",2024-02-15,2024-02-16,1
IBD029123,"Son vs Father, Plateau",2024-02-15,2024-02-15,1
IBD029074,"Naval Personnel vs Man, Abia",2024-02-15,2024-02-15,1
IBD029062,"Gunmen Kill 6, Katsina",2024-02-14,2024-02-15,5
IBD029079,"Prophet Drowns, Lagos",2024-02-14,2024-02-14,1
IBD029033,"Herdsmen Kill 4, Benue",2024-02-14,2024-02-16,6
IBD029023,"Auto Crash, Plateau",2024-02-13,2024-02-13,4
IBD029022,"Auto Crash, Ogun",2024-02-13,2024-02-13,5
IBD029032,"Auto Crash, Ogun",2024-02-13,2024-02-13,2
IBD029026,"Bandits vs Policemen, Zamfara",2024-02-13,2024-02-13,4
IBD029072,"Police vs Bandit, Sokoto",2024-02-13,2024-02-13,1
IBD029030,"Teenager Drowns, Delta",2024-02-13,2024-02-13,1
IBD029416,"Assailant vs Kenyan National, Lagos",2024-02-13,2024-02-13,1
IBD029011,"Domestic Violence, Niger",2024-02-12,2024-02-12,1
IBD029034,"Man vs Neighbour, Ogun",2024-02-12,2024-02-12,1
IBD029014,"Auto Crash, Kwara",2024-02-12,2024-02-12,1
IBD029021,"Gunmen Kill Lawyer, Anambra",2024-02-12,2024-02-12,1
IBD029041,"Female Market Leader, Jigawa",2024-02-12,2024-02-12,1
IBD029031,"Herdsmen Attack, Yobe",2024-02-12,2024-02-12,1
IBD029015,"Gunmen vs Police Officer, Imo",2024-02-12,2024-02-12,1
IBD029755,"Domestic Violence, Kaduna",2024-02-12,2024-02-12,1
IBD029012,"Gunmen Kill 4, Plateau",2024-02-11,2024-02-11,4
IBD029027,"Armed Robbers vs Motorcyclist, FCT (Abuja)",2024-02-11,2024-02-11,1
IBD029020,"Banditry, Katsina",2024-02-11,2024-02-11,9
IBD029029,"Security Operatives vs Guard, Zamfara",2024-02-11,2024-02-11,1
IBD029025,"Mob vs Cultist, Akwa Ibom",2024-02-11,2024-02-11,2
IBD029013,"Woman vs Neigbour, Lagos",2024-02-11,2024-02-11,1
IBD029019,"Inferno, Plateau",2024-02-11,2024-02-11,2
IBD029017,"Police vs Kidnappers, Bauchi",2024-02-11,2024-02-11,5
IBD029008,"Boko Haram Explosion, Borno",2024-02-10,2024-02-10,2
IBD029188,"Assailants vs Police Corporal, Ebonyi",2024-02-10,2024-02-10,1
IBD029018,"Gunmen vs Lawyer, Imo",2024-02-10,2024-02-10,1
PAR012629,"Gunmen Attack, Ogun",2024-02-10,2024-02-10,4
IBD029036,"Banditry, Niger",2024-02-09,2024-02-09,1
IBD029010,"Police vs Kidnappers, FCT (Abuja)",2024-02-09,2024-02-09,16
IBD029038,"Hoodlums vs Teenager, Kano",2024-02-08,2024-02-08,1
IBD029037,"Village Head, FCT (Abuja)",2024-02-08,2024-02-08,1
IBD029045,"Police vs Kidnappers, Ekiti",2024-02-08,2024-02-08,1
IBD030225,"Cult Killing, Ogun",2024-02-07,2024-02-07,3
IBD028985,"Assailants vs Traditional Ruler, Kogi",2024-02-07,2024-02-07,1
IBD030240,"Cult Killing, Ogun",2024-02-07,2024-02-07,3
IBD029006,"Gunmen Kill 3, Benue",2024-02-06,2024-02-06,2
IBD028977,"Auto Crash, Plateau",2024-02-06,2024-02-06,3
IBD029058,"Assailants vs Sex Worker, Ekiti",2024-02-06,2024-02-06,1
IBD029195,"Beaten to Death, Ogun",2024-02-05,2024-02-05,1
IBD028979,"Gas Explosion, Lagos",2024-02-04,2024-02-04,2
IBD028968,"Army vs Bandits, Katsina",2024-02-04,2024-02-04,20
IBD028966,"Boko Haram vs Construction Workers, Yobe",2024-02-04,2024-02-04,3
IBD028965,"Lovers Die, Lagos",2024-02-04,2024-02-04,2
IBD028950,"Auto Crash, Lagos",2024-02-03,2024-02-03,1
IBD028960,"Political Violence, Kaduna",2024-02-03,2024-02-03,1
IBD028962,"Man vs Lover, Bayelsa",2024-02-03,2024-02-03,1
IBD028959,"Gunmen vs Driver, Ekiti",2024-02-03,2024-02-03,1
IBD028969,"Inferno, Oyo",2024-02-03,2024-02-03,1
IBD028964,"Auto Crash, Katsina",2024-02-03,2024-02-03,1
IBD028963,"Assailants vs Student, Ondo",2024-02-03,2024-02-03,1
IBD028955,"Banditry, Katsina",2024-02-03,2024-02-03,1
IBD028946,"ISWAP vs Police, Borno",2024-02-02,2024-02-02,4
IBD029016,"Assailants vs Truck Driver, Edo",2024-02-02,2024-02-02,2
IBD029024,"Man vs Friend, Ondo",2024-02-02,2024-02-02,1
IBD029028,"Medical Negligence, Rivers",2024-02-02,2024-02-02,1
IBD029040,"Army vs Bandits, Zamfara",2024-02-02,2024-02-02,5
IBD028958,"Banditry, Katsina",2024-02-02,2024-02-02,2
IBD028967,"Cult Clash, Ogun",2024-02-01,2024-02-01,3
IBD028941,"Auto Crash, Ogun",2024-02-01,2024-02-01,2
IBD028949,"Assailants Kills Two, Katsina",2024-02-01,2024-02-01,2
IBD028942,"Gunmen vs Monarch, Kwara",2024-02-01,2024-02-01,1
IBD029727,"Assailants vs Gunmen, Ekiti",2024-02-01,2024-04-22,23
IBD028944,"Gunmen Kill Policeman, Ebonyi",2024-02-01,2024-02-01,1
IBD028939,"Hoodlums vs Policeman, Uyo",2024-02-01,2024-02-01,1
IBD028943,"Triplet Die, Benue",2024-02-01,2024-02-01,3
IBD028935,"Cult Clash, Ebonyi",2024-01-31,2024-01-31,3
IBD028938,"Herdsmen Attack, Benue",2024-01-31,2024-01-31,15
IBD028884,"Auto Crash, Ogun",2024-01-30,2024-01-30,4
IBD028937,"Inferno, Zamfara",2024-01-30,2024-01-30,1
IBD028932,"Gunmen Attack, Benue",2024-01-30,2024-01-30,10
IBD028933,"Pipeline Explosion, Imo",2024-01-30,2024-01-30,28
IBD028911,"Gunmen Kill 4, Imo",2024-01-29,2024-01-29,4
IBD028923,"Ritual Killing, Akwa Ibom",2024-01-29,2024-01-29,1
IBD028926,"Boat Accident, Rivers",2024-01-29,2024-01-29,25
IBD028920,"Kidnappers vs Monarchs, Ekiti",2024-01-29,2024-01-29,2
IBD028913,"Kidnappers Kill 3, FCT (Abuja)",2024-01-29,2024-01-29,3
IBD028954,"Director, Enugu",2024-01-29,2024-01-29,1
IBD028912,"Communal Clash, Osun",2024-01-29,2024-01-29,2
IBD028919,"Boko Haram Explosion, Borno",2024-01-29,2024-01-29,10
IBD028931,"Army vs Bandits, Zamfara",2024-01-29,2024-01-29,20
IBD028934,"Communal Clash, Niger",2024-01-29,2024-01-30,2
IBD028928,"Herdsmen vs Farmer, Oyo",2024-01-29,2024-01-29,1
IBD028908,"Land Dispute, Delta",2024-01-28,2024-01-28,5
IBD028896,"Army vs Gunmen, Plateau",2024-01-28,2024-01-28,30
IBD028918,"Female Corpse, Benue",2024-01-28,2024-01-28,1
IBD028909,"Auto Crash, Ekiti",2024-01-28,2024-01-28,3
IBD028915,"Police vs Kidnapper/Pirate, Rivers",2024-01-28,2024-01-28,1
IBD028910,"NAF vs Bandits, Kaduna",2024-01-28,2024-01-28,30
IBD028914,"Auto Crash, Lagos",2024-01-28,2024-01-28,2
IBD028917,"Bandits vs Man, Kaduna",2024-01-28,2024-01-28,2
IBD028948,"Cult Clash/Political Violence, Delta",2024-01-28,2024-02-02,3
IBD028945,"Pregnant Woman vs Woman, Rivers",2024-01-28,2024-01-28,1
IBD028936,"Vandals vs NSCDC Official, Lagos",2024-01-27,2024-01-27,1
IBD028890,"Guard Kills Politician, Osun",2024-01-27,2024-01-27,2
IBD028907,"Drug Overdose, Rivers",2024-01-27,2024-01-27,1
IBD028897,"Herdsmen Attack, Benue",2024-01-27,2024-01-27,9
IBD028893,"Ritual Killing, Kaduna",2024-01-27,2024-01-27,1
IBD028895,"Boko Haram Attack, Borno",2024-01-27,2024-01-27,6
IBD028898,"Army vs Bandits, Katsina",2024-01-26,2024-01-26,7
IBD028891,"Auto Crash, Niger",2024-01-26,2024-01-26,13
IBD028905,"Police vs Kidnappers, FCT (Abuja)",2024-01-26,2024-01-26,3
IBD028903,"Gunmen Attack, Katsina",2024-01-26,2024-01-26,4
IBD028899,"Army vs Bandits, Zamfara",2024-01-26,2024-01-26,2
IBD028900,"Army vs Bandits, Katsina",2024-01-26,2024-01-26,1
IBD028902,"Gunmen vs Police, Katsina",2024-01-25,2024-01-25,2
IBD028906,"Kidnap Victims, Imo",2024-01-25,2024-01-25,4
IBD028892,"Police vs Kidnappers, Ogun",2024-01-25,2024-01-25,1
IBD028886,"Teacher vs Pupil, Lagos",2024-01-25,2024-01-25,1
IBD028876,"Army vs Bandits, Taraba",2024-01-25,2024-01-25,3
IBD028887,"Auto Crash, Anambra",2024-01-25,2024-01-25,1
IBD028882,"Auto Crash, Delta",2024-01-25,2024-01-25,4
IBD028883,"Police vs Robbers, Ogun",2024-01-25,2024-01-25,1
IBD028951,"Banditry, Kaduna",2024-01-24,2024-01-24,1
IBD028879,"Police vs Bandits, FCT (Abuja)",2024-01-24,2024-01-24,1
IBD028927,"Miners, Bauchi",2024-01-24,2024-01-24,4
IBD028872,"Gunmen vs Couple, Anambra",2024-01-24,2024-01-24,2
IBD029108,"Medical Negligence, Lagos",2024-01-24,2024-01-24,1
IBD028871,"Gunmen Attack, Plateau",2024-01-24,2024-01-24,28
IBD028904,"Kidnap Victims, Niger",2024-01-24,2024-01-24,2
IBD028925,"Police vs Kidnapper, Nasarawa",2024-01-24,2024-01-24,1
IBD028878,"Decompose Body, Delta",2024-01-23,2024-01-23,1
IBD028877,"Herdsmen Attack, Benue",2024-01-23,2024-01-23,30
IBD028873,"Herdsmen Attack, Benue",2024-01-23,2024-01-23,2
IBD028888,"Gunmen Kill 5, Plateau",2024-01-23,2024-01-23,5
IBD028881,"Banditry, Katsina",2024-01-23,2024-01-23,3
IBD028874,"Miners Killed, Nasarawa",2024-01-23,2024-01-23,3
IBD028870,"Security Operatives vs Bandits, Kebbi",2024-01-22,2024-01-22,25
IBD028901,"Army vs bandits, Zamfara",2024-01-22,2024-01-29,40
IBD028868,"Fulani Herdsmen Attack, Plateau",2024-01-22,2024-01-22,8
IBD028956,"Pastor Killed, Akwa Ibom",2024-01-22,2024-01-22,1
IBD028875,"Assailants vs Woman, Akwa Ibom",2024-01-21,2024-01-21,1
IBD028869,"Assailants vs Man, Ogun",2024-01-21,2024-01-21,1
IBD028867,"Sex Romp, Ondo",2024-01-21,2024-01-21,1
IBD028859,"Auto Crash, Kaduna",2024-01-21,2024-01-21,16
IBD028864,"Cult Killing, Edo",2024-01-21,2024-01-21,3
IBD028861,"Man Dies in Scuffle, Kano",2024-01-21,2024-01-21,1
IBD028885,"Auto Crash, Lagos",2024-01-21,2024-01-21,1
IBD028854,"Explosion, Kaduna",2024-01-20,2024-01-20,1
IBD028862,"Auto Crash, Lagos",2024-01-20,2024-01-20,1
IBD028860,"Inferno, Benue",2024-01-20,2024-01-20,1
IBD028863,"Banditry, Niger",2024-01-19,2024-01-20,1
IBD028866,"Mysterious Death, Ogun",2024-01-19,2024-01-19,1
IBD028851,"Man vs Kidnapper, Taraba",2024-01-19,2024-01-19,2
IBD028852,"Auto Crash, Jigawa",2024-01-18,2024-01-18,10
IBD028855,"Banditry, Kebbi",2024-01-18,2024-01-18,11
IBD028808,"Herdsmen vs Soldiers, Benue",2024-01-18,2024-01-18,6
IBD028853,"Banditry, Taraba",2024-01-18,2024-01-18,3
IBD028856,"NAF vs Bandits, Kaduna",2024-01-18,2024-01-18,15
IBD028857,"Assailants vs Lady, Adamawa",2024-01-18,2024-01-18,1
IBD028849,"Auto Crash, Kogi",2024-01-18,2024-01-18,2
IBD028848,"Skit Maker, Nasarawa",2024-01-18,2024-01-18,1
IBD028842,"Banditry, Kaduna",2024-01-18,2024-01-18,1
IBD028850,"Assailants vs Herder, Plateau",2024-01-18,2024-01-18,1
IBD028847,"Cult Clash, Ogun",2024-01-17,2024-01-17,2
IBD028837,"Security Agents vs Bandits, Benue",2024-01-17,2024-01-17,2
IBD028840,"Auto Crash, Rivers",2024-01-17,2024-01-17,1
IBD028846,"Communal Clash, Kogi",2024-01-17,2024-01-17,1
IBD028924,"Rape Victim, Ondo",2024-01-17,2024-01-17,1
IBD028827,"Police vs Robbers, Osun",2024-01-16,2024-01-16,3
IBD028828,"Auto Crash, Osun",2024-01-16,2024-01-16,7
IBD028841,"Policeman Kills Colleagues, Delta",2024-01-16,2024-01-16,1
IBD028829,"Pregnant Woman Dies, Lagos",2024-01-16,2024-01-16,1
IBD028832,"Farmers vs Herders, Plateau",2024-01-16,2024-01-16,2
IBD028830,"Auto Crash, Kwara",2024-01-16,2024-01-16,1
IBD028833,"Vigilantes vs Boko Haram, Yobe",2024-01-16,2024-01-16,4
IBD028823,"Explosion, Oyo",2024-01-16,2024-01-16,9
IBD028835,"Gunmen vs Vigilante, Ebonyi",2024-01-16,2024-01-16,1
IBD028838,"Auto Crash, Osun",2024-01-16,2024-01-16,1
IBD028839,"Auto Crash, Oyo",2024-01-16,2024-01-16,4
IBD028836,"Robbery Attack, Kwara",2024-01-16,2024-01-16,13
IBD028820,"Negligence, Ekiti",2024-01-15,2024-01-15,1
IBD028818,"Boat Mishap, Niger",2024-01-15,2024-01-15,28
IBD028816,"Auto Crash, Ogun",2024-01-15,2024-01-15,5
IBD028813,"Auto Crash, Anambra",2024-01-15,2024-01-15,3
IBD028845,"Communal Clash, Benue",2024-01-15,2024-01-17,9
IBD028825,"Land Dispute, Nasarawa",2024-01-15,2024-01-15,7
IBD028834,"Bandits vs NIS Operatives, Kebbi",2024-01-15,2024-01-15,3
IBD028821,"Auto Crash, Kwara",2024-01-15,2024-01-15,3
IBD028844,"Soldier Kills Colleague, Ogun",2024-01-15,2024-01-15,1
IBD028831,"Revenue Collectors Clash, Akwa Ibom",2024-01-15,2024-01-15,1
IBD028824,"Auto Crash, FCT (Abuja)",2024-01-15,2024-01-15,1
IBD028819,"Bandits Kill 3, Zamfara",2024-01-14,2024-01-14,3
IBD028814,"Inferno, Kano",2024-01-14,2024-01-14,7
IBD028815,"Police vs Robbers, Anambra",2024-01-14,2024-01-14,2
IBD028812,"Youths vs Herder, Plateau",2024-01-14,2024-01-14,1
IBD028817,"Retired Nurse, Benue",2024-01-14,2024-01-14,2
IBD028809,"Auto Crash, Ogun",2024-01-14,2024-01-14,3
IBD028807,"Domestic Violence, Niger",2024-01-13,2024-01-13,1
IBD028805,"Auto Crash, Ogun",2024-01-13,2024-01-13,1
IBD028811,"Gunmen vs Community Chairman, Rivers",2024-01-13,2024-01-13,1
IBD028822,"Police vs Robbers, Anambra",2024-01-13,2024-01-13,1
IBD028802,"Auto crash, Lagos",2024-01-13,2024-01-13,3
IBD028803,"Kidnappers Kill 2, FCT (Abuja)",2024-01-12,2024-01-12,2
IBD028804,"Doctor vs Baby, Oyo",2024-01-11,2024-01-11,1
IBD028792,"Banditry, Katsina",2024-01-11,2024-01-11,10
IBD028794,"Gunmen Attack, Niger",2024-01-11,2024-01-11,1
IBD028806,"Police vs Cultists, Rivers",2024-01-11,2024-01-11,2
IBD028796,"Army vs Bandits, FCT (Abuja)",2024-01-10,2024-01-10,10
IBD028797,"Army vs Bandits, Niger",2024-01-10,2024-01-10,20
IBD028779,"Auto Crash, Oyo",2024-01-09,2024-01-09,6
IBD028795,"Auto Crash, Ogun",2024-01-09,2024-01-09,1
IBD028790,"Vigilante vs Motorcyclist, Edo",2024-01-09,2024-01-09,1
IBD028780,"Auto Crash, Akwa Ibom",2024-01-08,2024-01-08,2
IBD028777,"Gunmen Kill Traditional Ruler, Ogun",2024-01-08,2024-01-08,1
IBD028783,"Police vs Bank Robbers, Benue",2024-01-08,2024-01-08,5
IBD028785,"Boko Haram Attack, Borno",2024-01-08,2024-01-08,9
IBD028770,"Inferno, Kano",2024-01-08,2024-01-08,1
IBD029116,"Gunmen Attack, Nasarawa",2024-01-08,2024-01-08,8
IBD028784,"Boat Capsizes, Rivers",2024-01-08,2024-01-08,13
IBD028782,"Boko Haram Attack, Borno",2024-01-08,2024-01-08,6
IBD028772,"Gunmen Attack, Benue",2024-01-07,2024-01-07,10
IBD028826,"Army vs Boko Haram, Borno",2024-01-07,2024-01-13,20
IBD028774,"Auto Crash, Lagos",2024-01-07,2024-01-07,1
IBD028766,"Auto Crash, Kwara",2024-01-07,2024-01-07,10
IBD029055,"Man vs Girlfriend, Imo",2024-01-07,2024-01-07,1
IBD028765,"Boat Mishap, Anambra",2024-01-07,2024-01-07,8
IBD028801,"Neighour vs Man, Ogun",2024-01-07,2024-01-07,1
IBD028781,"Found Dead, Bayelsa",2024-01-07,2024-01-07,1
IBD028769,"Son vs Father, Kano",2024-01-06,2024-01-06,1
IBD028767,"Couple vs Man, Ogun",2024-01-06,2024-01-06,1
IBD028793,"Found Dead, Ogun",2024-01-06,2024-01-06,1
IBD028843,"Banditry, Kaduna",2024-01-06,2024-01-06,1
IBD028763,"Woman Dies, Lagos",2024-01-05,2024-01-05,1
IBD028778,"Bandits vs Farmers, Kaduna",2024-01-05,2024-01-05,1
IBD028759,"Banditry, Katsina",2024-01-05,2024-01-05,8
IBD028776,"Bandits vs Village Head, Taraba",2024-01-05,2024-01-05,1
IBD028757,"Banditry, Kaduna",2024-01-05,2024-01-05,17
IBD028798,"Army vs Boko Haram/ISWAP, Borno",2024-01-05,2024-01-05,20
IBD028756,"Auto Crash, Bayelsa",2024-01-05,2024-01-05,1
IBD028799,"Army vs Terrorists, Zamfara",2024-01-05,2024-01-05,69
IBD028764,"NAF Air Strike, Borno",2024-01-05,2024-01-05,19
IBD028752,"Domestic Violence, Yobe",2024-01-04,2024-01-04,1
IBD028768,"Man Dies, Lagos",2024-01-04,2024-01-04,1
IBD028753,"Boko Haram Attack, Yobe",2024-01-04,2024-01-04,10
IBD028754,"Arsonists Kill 2, Kogi",2024-01-04,2024-01-04,2
IBD028761,"Man vs Friend, Kebbi",2024-01-04,2024-01-04,1
IBD028762,"Boko Haram vs Pastor, Yobe",2024-01-04,2024-01-04,6
IBD028800,"Auto Crash, Katsina",2024-01-04,2024-01-04,2
IBD028744,"Auto Crash, Niger",2024-01-03,2024-01-03,19
IBD028740,"Auto Crash, Sokoto",2024-01-03,2024-01-03,2
IBD028741,"Army vs Bandits, Katsina",2024-01-03,2024-01-03,5
IBD028737,"Man vs Imam, Kano",2024-01-03,2024-01-03,1
IBD028735,"Auto Crash, Ogun",2024-01-03,2024-01-03,3
IBD028755,"Mysterious Deaths, Oyo",2024-01-03,2024-01-03,4
IBD028742,"Banditry, Katsina",2024-01-03,2024-01-03,5
IBD029390,"Stepson vs Widow, Anambra",2024-01-03,2024-01-03,1
IBD028734,"Robbery/ISWAP Attack, Nasarawa",2024-01-03,2024-01-03,4
IBD028719,"Auto Crash, Kwara",2024-01-02,2024-01-02,10
IBD028748,"Auto Crash, Edo",2024-01-02,2024-01-02,1
IBD028726,"Auto Crash, Kaduna",2024-01-02,2024-01-02,6
IBD028747,"Boko Haram Attack, Borno",2024-01-02,2024-01-02,2
IBD028729,"Cultists Kill , Rivers",2024-01-02,2024-01-02,2
IBD028775,"Electrocution, Lagos",2024-01-02,2024-01-02,1
IBD028758,"Soldiers vs ISWAP, Borno",2024-01-02,2024-01-02,17
IBD028739,"Kidnappers Kill 1, Plateau",2024-01-02,2024-01-02,1
IBD028760,"Kidnappers Kill 3, Kogi",2024-01-02,2024-01-04,3
IBD028751,"Banditry, Zamfara",2024-01-02,2024-01-02,6
IBD030226,"Kidnap Victims, Ogun",2024-01-02,2024-01-02,2
IBD030595,"Flood Disaster, Zamfara",2024-01-01,2024-08-28,13
IBD030130,"Cult Clash, Akwa Ibom",2024-01-01,2024-01-01,1
IBD028717,"Fulani Herdsmen Attack, Plateau",2024-01-01,2024-01-01,3
IBD030594,"Flood Disaster, Kano",2024-01-01,2024-08-28,23
IBD030587,"Flood Disaster, Bauchi",2024-01-01,2024-08-28,20
IBD028750,"Kidnappers Kill 1, Ebonyi",2024-01-01,2024-01-01,1
IBD028721,"Auto Crash, Ogun",2024-01-01,2024-01-01,2
IBD028723,"Man Kills Another, Ondo",2024-01-01,2024-01-01,1
IBD030596,"Flood Disaster, Sokoto",2024-01-01,2024-08-28,10
IBD028730,"Hoodlums vs Police, Adamawa",2024-01-01,2024-01-01,1
IBD028789,"Army Kills 11, Kaduna",2024-01-01,2024-01-07,11
IBD029622,"Ritual Killing, Lagos",2024-01-01,2024-04-29,10
IBD030600,"Flood Disaster, Kadun",2024-01-01,2024-08-28,1
IBD030591,"Flood Disaster, Borno",2024-01-01,2024-08-28,2
IBD030593,"Flood Disaster, Bayelsa",2024-01-01,2024-08-28,25
IBD030598,"Flood Disaster, Ebonyi",2024-01-01,2024-08-28,1
IBD030592,"Flood Disaster, Jigawa",2024-01-01,2024-08-28,18
IBD030589,"Flood Disaster, Taraba",2024-01-01,2024-08-28,7
IBD030590,"Flood Disaster, Yobe",2024-01-01,2024-08-28,7
IBD028732,"Boko Haram Attack, Borno",2024-01-01,2024-01-01,11
IBD031249,"Auto Crash, Anambra",2024-01-01,2024-10-31,12
IBD028749,"Men vs Neighbour, Kwara",2024-01-01,2024-01-01,1
IBD028718,"Auto Crash, Lagos",2023-12-31,2023-12-31,1
IBD028720,"Hoodlums vs Vigilante Commander, Edo",2023-12-31,2023-12-31,1
IBD028727,"Man vs Sex Worker, Delta",2023-12-31,2023-12-31,1
IBD028724,"Police vs Gunmen, Anambra",2023-12-31,2023-12-31,3
IBD028728,"Inferno, Delta",2023-12-31,2023-12-31,1
IBD028713,"Auto Crash, Ogun",2023-12-30,2023-12-30,1
IBD028710,"Tanker Explosion, Ebonyi",2023-12-30,2023-12-30,2
IBD028715,"Auto Crash, Niger",2023-12-30,2023-12-30,2
IBD028714,"Auto Crash, Niger",2023-12-30,2023-12-30,4
IBD028722,"Police vs Kidnappers, Delta",2023-12-30,2023-12-30,2
IBD028712,"Auto Crash, Ogun",2023-12-30,2023-12-30,1
IBD028711,"Gunmen Kill 3, Plateau",2023-12-29,2023-12-29,3
IBD028706,"Auto Crash, Imo",2023-12-29,2023-12-29,8
IBD028731,"Domestic Violence, Ogun",2023-12-29,2023-12-29,1
IBD028705,"Auto Crash, Gombe",2023-12-29,2023-12-29,6
IBD028746,"Banditry, Niger",2023-12-29,2023-12-29,3
IBD028707,"Vandals Kill NSCDC Officer, Borno",2023-12-28,2023-12-28,1
IBD029769,"One Killed, Lagos",2023-12-28,2023-12-28,1
IBD028725,"Banditry, Nasarawa",2023-12-28,2023-12-28,2
IBD028709,"Gunmen vs Policemen, Anambra",2023-12-28,2023-12-28,2
IBD028786,"Found Dead, FCT (Abuja)",2023-12-27,2023-12-27,1
IBD028703,"Auto Crash, Benue",2023-12-27,2023-12-27,3
IBD028699,"Marathon Race, Kogi",2023-12-26,2023-12-26,3
IBD028694,"Ritual Killing, Ogun",2023-12-26,2023-12-26,3
IBD028700,"Banditry, Kaduna",2023-12-26,2023-12-26,2
IBD028685,"Domestic Violence, Imo",2023-12-26,2023-12-26,1
IBD028683,"Banditry, Sokoto",2023-12-26,2023-12-26,12
IBD028689,"Police vs Kidnappers, Bauchi",2023-12-26,2023-12-26,6
IBD028677,"Auto Crash, Ogun",2023-12-26,2023-12-26,2
IBD028702,"Soldier Kills Driver, Borno",2023-12-26,2023-12-26,1
IBD028678,"Auto Crash, Kaduna",2023-12-26,2023-12-26,4
IBD028692,"Auto Crash, Ogun",2023-12-26,2023-12-26,1
IBD028681,"Fire Outbreak, Akwa Ibom",2023-12-25,2023-12-25,2
IBD028743,"Telephone Hawker, Edo",2023-12-25,2023-12-25,1
IBD028704,"Kidnappers, FCT (Abuja)",2023-12-25,2023-12-26,6
IBD028701,"Siblings Drown, Lagos",2023-12-25,2023-12-25,2
IBD028684,"Auto Crash, Osun",2023-12-25,2023-12-25,9
IBD028771,"Electrocution, Ogun",2023-12-25,2023-12-25,1
IBD028697,"Auto Crash, Rivers",2023-12-25,2023-12-25,1
IBD028698,"Fulani Herdsmen vs Farmers, Benue",2023-12-25,2023-12-25,4
IBD028773,"Electrocution, Ogun",2023-12-25,2023-12-25,1
IBD029078,"Masquerader vs Man, Anambra",2023-12-25,2023-12-25,1
IBD028690,"Guard Kills Man, Rivers",2023-12-25,2023-12-25,1
IBD028687,"Boko Haram Attack, Adamawa",2023-12-25,2023-12-25,2
IBD028669,"Cult Killing, Edo",2023-12-24,2023-12-24,4
IBD028665,"Auto Crash, FCT (Abuja)",2023-12-24,2023-12-24,1
IBD028666,"Terrorists Attack, Katsina",2023-12-24,2023-12-24,7
IBD028679,"Man vs Friend, Cross River",2023-12-24,2023-12-24,1
IBD028674,"Gunmen Attack, Plateau",2023-12-24,2023-12-24,23
IBD028696,"Hoodlums vs Worshippers, Ebonyi",2023-12-24,2023-12-24,3
IBD028682,"Pipeline Explosion, Rivers",2023-12-24,2023-12-24,22
IBD028670,"Soldiers vs Bandits, Kaduna",2023-12-24,2023-12-24,5
IBD028680,"Police Officer vs Colleague, Edo",2023-12-24,2023-12-24,1
IBD028673,"Army vs Bandits, Kaduna",2023-12-24,2023-12-24,1
IBD028668,"Soldiers vs Bandits, Kaduna",2023-12-23,2023-12-23,3
IBD028656,"Auto Crash, Ogun",2023-12-23,2023-12-23,2
IBD028686,"Man vs Neighbour, Ogun",2023-12-23,2023-12-23,1
IBD028662,"Fulani Herdsmen Attack, Plateau",2023-12-23,2023-12-23,17
IBD028663,"Kidnapping, Kwara",2023-12-23,2023-12-24,2
IBD028667,"Soldiers vs Bandits, Niger",2023-12-23,2023-12-23,2
IBD028695,"Hoodlums Kills Traditional Ruler, Enugu",2023-12-23,2023-12-23,1
IBD028708,"Banditry, FCT (Abuja)",2023-12-23,2023-12-29,4
IBD028659,"Gunmen Kill 12, Plateau",2023-12-23,2023-12-23,83
IBD028660,"Auto Crash, Jigawa",2023-12-23,2023-12-23,11
IBD028658,"Businesswoman, Benue",2023-12-23,2023-12-23,1
IBD028657,"Building Collapse, Lagos",2023-12-22,2023-12-22,3
IBD028693,"Domestic Violence, Rivers",2023-12-22,2023-12-22,1
IBD028672,"Vigilante vs Man, Abia",2023-12-21,2023-12-21,1
IBD028661,"Couple vs Man, Kano",2023-12-21,2023-12-21,1
IBD028671,"Soldiers vs Bandits, Kaduna",2023-12-21,2023-12-21,3
IBD028691,"One Drowns, Lagos",2023-12-21,2023-12-21,1
IBD029092,"Man vs Mother, Cross River",2023-12-21,2023-12-21,1
IBD028655,"Assailants vs Man, Edo",2023-12-20,2023-12-20,1
IBD028650,"Police vs Armed Robbery, Kwara",2023-12-20,2023-12-20,1
IBD028654,"Bandits Kill Man, Zamfara",2023-12-20,2023-12-20,1
IBD028791,"Security Operatives vs Youth, Delta",2023-12-20,2023-12-20,2
IBD028646,"Auto Crash, Anambra",2023-12-20,2023-12-20,1
IBD028664,"Ritual Killing, Ogun",2023-12-20,2023-12-20,2
IBD028648,"Fulani Militants Attack, Plateau",2023-12-20,2023-12-20,2
IBD028736,"Quackery, Kano",2023-12-20,2023-12-20,1
IBD028642,"Domestic Issue, Kwara",2023-12-19,2023-12-19,1
IBD028635,"Police vs Kidnapper, Enugu",2023-12-19,2023-12-19,1
IBD028645,"Boko Haram Attack, Borno",2023-12-19,2023-12-19,2
IBD028637,"Auto Crash, Ogun",2023-12-19,2023-12-19,3
IBD028636,"Bandits Kill 1, Sokoto",2023-12-19,2023-12-19,1
IBD028638,"Police vs Bandits, Taraba",2023-12-19,2023-12-19,4
IBD028641,"Police vs Bandit, Enugu",2023-12-19,2023-12-19,1
IBD028639,"Boyfriend and Girlfriend, Bauchi",2023-12-18,2023-12-18,1
IBD028632,"Gunmen vs Police, Akwa Ibom",2023-12-18,2023-12-18,1
IBD028634,"Farmers vs Herders, Kano",2023-12-18,2023-12-18,1
IBD028624,"Police vs Bank Robbers, Benue",2023-12-18,2023-12-18,2
IBD028647,"Mob vs Man, Ogun",2023-12-18,2023-12-18,1
IBD028616,"Cult Clash, Ogun",2023-12-18,2023-12-18,1
IBD028623,"Inferno, Oyo",2023-12-18,2023-12-18,2
IBD028626,"Police vs Hoodlums, Delta",2023-12-17,2023-12-17,2
IBD028629,"Police Kill Colleague, Rivers",2023-12-17,2023-12-17,1
IBD028628,"Bandits vs Ansaru Militants, Kaduna",2023-12-17,2023-12-17,35
IBD028738,"Park Official Kills Preacher, Ogun",2023-12-17,2023-12-17,1
IBD028622,"Auto Crash, Ogun",2023-12-17,2023-12-17,2
IBD028615,"Auto Crash, Ogun",2023-12-17,2023-12-17,2
IBD028621,"Landlord vs Student, Delta",2023-12-16,2023-12-16,1
IBD028612,"Auto Crash, Ogun",2023-12-16,2023-12-16,3
IBD028643,"Boko Haram Attack, Yobe",2023-12-16,2023-12-16,1
IBD028619,"Police vs Hoodlums, Rivers",2023-12-16,2023-12-16,2
IBD028618,"Banditry, Zamfara",2023-12-16,2023-12-16,4
IBD028614,"Banditry, Katsina",2023-12-16,2023-12-16,4
IBD028653,"Vigilantes vs Herders, FCT (Abuja)",2023-12-16,2023-12-20,3
IBD028644,"Auto Crash, Enugu",2023-12-15,2023-12-15,1
IBD031332,"Kidnap Victim, RIvers",2023-12-15,2023-12-15,1
IBD028652,"Banditry, Plateau",2023-12-15,2023-12-15,1
IBD028929,"Auto Crashes, Delta",2023-12-15,2024-01-15,3
IBD029617,"Domestic Violence, Adamawa",2023-12-15,2023-12-15,1
IBD028633,"Assailants vs Businessman, Ogun",2023-12-15,2023-12-15,1
IBD028610,"Army vs Bandits, Sokoto",2023-12-14,2023-12-14,3
IBD028640,"Police vs Kidnappers, Rivers",2023-12-14,2023-12-14,2
IBD028625,"Police vs Kidnappers, Katsina",2023-12-14,2023-12-15,2
IBD028627,"Domestic Violence, Lagos",2023-12-14,2023-12-14,1
IBD028608,"Inferno, Zamfara",2023-12-13,2023-12-13,2
IBD028601,"Auto Crash, Zamfara",2023-12-13,2023-12-13,6
IBD028600,"Water Tank Collapse, Ondo",2023-12-13,2023-12-13,2
IBD028603,"Inferno, Enugu",2023-12-13,2023-12-13,1
IBD028649,"Domestic Violence, Lagos",2023-12-13,2023-12-13,1
IBD028589,"Auto Crash, Ogun",2023-12-12,2023-12-12,10
IBD028594,"Boat Mishap, Adamawa",2023-12-12,2023-12-12,2
IBD028595,"Found Dead, Ondo",2023-12-12,2023-12-12,1
IBD028593,"Auto Crash, Osun",2023-12-12,2023-12-12,1
IBD028604,"Robbery Attack, Ekiti",2023-12-12,2023-12-12,3
IBD028602,"Electrocution, Ogun",2023-12-11,2023-12-11,1
IBD028596,"Generator Fume, Delta",2023-12-11,2023-12-11,2
IBD028607,"Kidnappers Kill 1, Ogun",2023-12-11,2023-12-11,1
IBD028581,"Gunmen Attack, Anambra",2023-12-11,2023-12-11,8
IBD028590,"Gunmen vs Soldiers, Rivers",2023-12-11,2023-12-11,6
IBD028599,"Soldiers vs Bouncer, Bonny",2023-12-11,2023-12-11,1
IBD028591,"Security Operatives vs Gunmen, Anambra",2023-12-11,2023-12-11,1
IBD028587,"Auto Crash, Anambra",2023-12-10,2023-12-10,1
IBD028592,"NAF vs Bandit Leader, Niger",2023-12-10,2023-12-10,1
IBD028578,"NAF vs Bandits, Niger",2023-12-10,2023-12-10,40
IBD028582,"Gunmen vs Guard, FCT (Abuja)",2023-12-10,2023-12-10,1
IBD028576,"Auto Crash, Kaduna",2023-12-10,2023-12-10,17
IBD028585,"Auto Crash, Delta",2023-12-10,2023-12-10,3
IBD028524,"Domestic Violence, Adamawa",2023-12-10,2023-12-10,1
IBD028597,"Gunmen vs Monarch's Aide, Cross River",2023-12-10,2023-12-10,6
IBD028584,"Fulani Herdsmen, Plateau",2023-12-10,2023-12-10,4
IBD028533,"Tanker Explosion, Nasarawa",2023-12-09,2023-12-09,6
IBD028605,"Police vs Kidnappers, Delta",2023-12-09,2023-12-09,1
IBD028579,"Kidnappers Kill Vigilante, Bauchi",2023-12-09,2023-12-09,1
IBD028575,"Ritual Killing, Ondo",2023-12-09,2023-12-09,1
IBD028583,"Driver vs Baker, Lagos",2023-12-08,2023-12-08,1
IBD028572,"Auto Crash, Ogun",2023-12-08,2023-12-08,1
IBD028586,"Man vs Friend, Lagos",2023-12-08,2023-12-08,1
IBD028566,"Security Operative vs Graduate, Anambra",2023-12-07,2023-12-07,3
IBD028574,"Miners, Zamfara",2023-12-07,2023-12-07,3
IBD028620,"Boy Die in Elevator, Lagos",2023-12-06,2023-12-06,1
IBD028547,"Auto Crash, Kogi",2023-12-05,2023-12-05,1
IBD028553,"Auto Crash, Lagos",2023-12-05,2023-12-05,1
IBD028554,"Drown, Edo",2023-12-05,2023-12-05,1
IBD028577,"Man Kills Mother, Enugu",2023-12-04,2023-12-04,2
IBD028556,"Youths vs Barber, Delta",2023-12-04,2023-12-04,1
IBD028548,"Cultists Attack, Rivers",2023-12-04,2023-12-04,3
IBD028745,"Cultism, Rivers",2023-12-04,2023-12-04,1
IBD028539,"Inferno, Lagos",2023-12-04,2023-12-04,1
IBD028546,"Soldiers vs Bandits, Kaduna",2023-12-04,2023-12-04,3
IBD028675,"Man vs Woman, Abia",2023-12-04,2023-12-04,1
IBD028544,"Auto Crash, Lagos",2023-12-04,2023-12-04,4
IBD028588,"Auto Crash, Lagos",2023-12-04,2023-12-04,1
IBD028930,"Domestic Violence, Abia",2023-12-04,2023-12-04,1
IBD028552,"Police vs Gunmen, Imo",2023-12-04,2023-12-04,1
IBD028542,"Army Bombs Villagers, Kaduna",2023-12-03,2023-12-04,127
IBD028549,"Bandits Kill Driver, Niger",2023-12-03,2023-12-03,1
IBD028550,"Gunmen Attack, Taraba",2023-12-03,2023-12-03,33
IBD028545,"Police vs Kidnappers, Adamawa",2023-12-03,2023-12-03,2
IBD028538,"Cult Killing, Rivers",2023-12-03,2023-12-03,1
IBD028528,"Piracy, Bayelsa (Offshore)",2023-12-02,2023-12-02,1
IBD028567,"Bandits vs Soldier, Kaduna",2023-12-02,2023-12-02,1
IBD028562,"Footballer Slumped, Ogun",2023-12-02,2023-12-02,1
IBD028557,"Auto Crash, Ogun",2023-12-02,2023-12-02,1
IBD028529,"Man vs Neighbour, Edo",2023-12-02,2023-12-02,1
IBD028532,"Suspect Kills Policeman, Worshipper, Delta",2023-12-02,2023-12-02,3
IBD028530,"Kidnappers vs Boy, FCT (Abuja)",2023-12-02,2023-12-02,1
IBD028536,"Petrol Tanker, Lagos",2023-12-02,2023-12-02,1
IBD028531,"Auto Crash, Akwa Ibom",2023-12-02,2023-12-02,5
IBD028534,"Herdsmen Attack, Benue",2023-12-02,2023-12-02,11
IBD028551,"Yam Farmer, Kwara",2023-12-02,2023-12-02,1
IBD028561,"Robbers Raid Hostel, Ogun",2023-12-02,2023-12-02,1
IBD028537,"Banditry, Sokoto",2023-12-02,2023-12-02,3
IBD028540,"Robbers Kill Student, Bauchi",2023-12-02,2023-12-02,1
IBD028558,"Auto Crash, Ogun",2023-12-02,2023-12-02,1
IBD028570,"Ritual Killings, Bayelsa",2023-12-01,2023-12-10,10
IBD028606,"Auto Crash, Ebonyi",2023-12-01,2023-12-01,1
IBD028535,"Banditry, Sokoto",2023-12-01,2023-12-01,5
IBD028564,"Pastor vs Newborn, Ondo",2023-12-01,2023-12-01,1
IBD028522,"Wheelbarrow Pusher vs Revenue Collector, Edo",2023-12-01,2023-12-01,1
IBD028523,"Vigilantes vs Bandit, Kebbi",2023-12-01,2023-12-01,1
IBD028563,"Assailants vs Lady, Lagos",2023-12-01,2023-11-01,1
IBD028526,"Auto Crash, Oyo",2023-12-01,2023-12-01,3
IBD028516,"Herdsmen Attack, Plateau",2023-11-30,2023-11-30,7
IBD028520,"Auto Crash, Ogun",2023-11-30,2023-11-30,1
IBD028543,"Sorcery, Nasarawa",2023-11-30,2023-11-30,1
IBD028521,"Gunmen vs Businessman, Imo",2023-11-30,2023-11-30,1
IBD028512,"Police vs Teenager, Kano",2023-11-29,2023-11-29,1
IBD028517,"Pastor Kills Wife, Ekiti",2023-11-29,2023-11-29,1
IBD028511,"Accountant Kill by Robbers, Ogun",2023-11-29,2023-11-29,1
IBD028518,"Police vs Kidnapper, Bauchi",2023-11-29,2023-11-29,1
IBD028519,"Boko Haram, Borno",2023-11-29,2023-11-29,4
IBD028514,"Auto Crash, Ogun",2023-11-29,2023-11-29,1
IBD028573,"Man vs Guard, FCT (Abuja)",2023-11-28,2023-11-28,1
IBD028507,"Police vs Gunmen, Anambra",2023-11-28,2023-11-28,4
IBD028513,"Herdsmen Kill Farmers, Taraba",2023-11-28,2023-11-28,2
IBD028510,"Auto Crash, Kwara",2023-11-28,2023-11-28,25
IBD028515,"Bandits vs Hunters, Taraba",2023-11-28,2023-11-28,39
IBD028506,"Police vs gunmen, Delta",2023-11-28,2023-11-28,3
IBD028502,"Corpse Found, Kwara",2023-11-27,2023-11-27,1
IBD028501,"Cult Killing, Lagos",2023-11-27,2023-11-27,2
IBD028505,"Gunmen vs Mechanic, Nasarawa",2023-11-27,2023-11-27,1
IBD028503,"Auto Crash, Kebbi",2023-11-27,2023-11-27,11
IBD028496,"Construction Worker, Lagos",2023-11-27,2023-11-27,1
IBD028494,"Gunmen vs Policemen, Imo",2023-11-27,2023-11-27,3
IBD028493,"Armed Robbery, Enugu",2023-11-26,2023-11-26,3
IBD029090,"Ritual Killing, Ogun",2023-11-26,2023-11-26,1
IBD028504,"Boy in Canal, Lagos",2023-11-26,2023-11-26,1
IBD028509,"Boko Haram Attack, Borno",2023-11-26,2023-11-26,11
IBD028498,"Herders vs Farmers, Kebbi",2023-11-25,2023-11-27,1
IBD028495,"Soldier Drowns, Rivers",2023-11-25,2023-11-25,1
IBD028497,"Auto Crash, Kebbi",2023-11-25,2023-11-25,1
IBD028508,"Security Operatives vs Bandits, Katsina",2023-11-25,2023-11-25,3
IBD028488,"Auto Crash, Lagos",2023-11-25,2023-11-25,1
IBD028490,"Building Collapse, FCT (Abuja)",2023-11-25,2023-11-25,1
IBD028485,"Bandits Kill 1, Zamfara",2023-11-25,2023-11-25,1
IBD028491,"Gunmen Kill Traditional Ruler, Imo",2023-11-25,2023-11-25,1
IBD028489,"Bandits Kill 2, Taraba",2023-11-24,2023-11-24,3
IBD028492,"Cultist Dies, Ogun",2023-11-24,2023-11-24,1
IBD028484,"NAF vs Terrorists, Borno",2023-11-24,2023-11-24,60
IBD028481,"Banditry, Taraba",2023-11-24,2023-11-24,10
IBD028486,"Banditry, Zamfara",2023-11-24,2023-11-24,2
IBD028483,"Soldiers vs Boko Haram, Borno",2023-11-24,2023-11-24,100
IBD028487,"Auto Crash, Kwara",2023-11-24,2023-11-24,8
IBD028480,"Farmer vs Herder, Osun",2023-11-23,2023-11-23,1
IBD028476,"Auto Crash, Edo",2023-11-23,2023-11-23,4
IBD028482,"Gunmen vs Ward Chairman, Imo",2023-11-23,2023-11-23,1
IBD028477,"Army vs Bandits, Zamfara",2023-11-22,2023-11-22,4
IBD028565,"Man Kills Another, Oyo",2023-11-22,2023-11-22,1
IBD028555,"Youths Clash, Anambra",2023-11-22,2023-11-22,2
IBD028467,"Sorcery, Ogun",2023-11-22,2023-11-22,1
IBD028472,"Auto Crash, Lagos",2023-11-22,2023-11-22,1
IBD028479,"Cultist Attack, Rivers",2023-11-22,2023-11-22,1
IBD028475,"Gunmen Kill 4, Plateau",2023-11-22,2023-11-22,4
IBD028443,"Security Operatives vs Kidnappers, Plateau",2023-11-22,2023-11-22,1
IBD028478,"Gunmen Attack, FCT (Abuja)",2023-11-22,2023-11-22,1
IBD028469,"Deafman vs Farmer, Ekiti",2023-11-21,2023-11-21,1
IBD028466,"Army vs Police, Adamawa",2023-11-21,2023-11-21,1
IBD028471,"Auto Crash, Niger",2023-11-21,2023-11-21,20
IBD028810,"One Found Dead, Rivers",2023-11-21,2023-11-21,1
IBD028474,"Gunmen vs Locals, Plateau",2023-11-20,2023-11-20,4
IBD028465,"Army vs Bandits, Kaduna",2023-11-20,2023-11-20,1
IBD028462,"Landlord, Rivers",2023-11-20,2023-11-22,1
IBD028464,"Army vs Bandits, Kaduna",2023-11-20,2023-11-20,5
IBD028463,"Banditry, Zamfara",2023-11-19,2023-11-19,1
IBD028630,"Carpenter vs Woman, Lagos",2023-11-19,2023-11-19,1
IBD028609,"Ritual Killing, Ogun",2023-11-19,2023-11-19,6
IBD028441,"Cult Killing, Kwara",2023-11-18,2023-11-18,2
IBD028451,"Boko Haram Attack, Borno",2023-11-18,2023-11-18,1
IBD028445,"Boko Haram vs ISWAP, Borno",2023-11-18,2023-11-18,60
IBD028468,"Gunmen vs Vigilantes, FCT (Abuja)",2023-11-18,2023-11-18,2
IBD028452,"Boko Haram Attack, Borno",2023-11-18,2023-11-18,3
IBD028454,"Kidnappers Kill 1, FCT (Abuja)",2023-11-18,2023-11-18,1
IBD028473,"Vigilante Chairman, Delta",2023-11-18,2023-11-18,1
IBD028455,"Army vs ISWAP, Borno",2023-11-18,2023-11-18,20
IBD028442,"Auto Crash, Kogi",2023-11-18,2023-11-18,7
IBD028470,"Cult Clash, Lagos",2023-11-18,2023-11-18,1
IBD028437,"Master vs Apprentice, Delta",2023-11-17,2023-11-17,1
IBD028453,"Bandits vs Pastor, Kaduna",2023-11-17,2023-11-17,1
IBD028438,"Gunmen vs Policemen, Ebonyi",2023-11-17,2023-11-17,5
IBD028459,"Cult Killing, Nasaraawa",2023-11-17,2023-11-17,1
IBD028613,"Birth Complications, Ogun",2023-11-17,2023-11-17,1
IBD028449,"Soldiers vs Boko Haram, Kaduna",2023-11-16,2023-11-16,24
IBD028433,"Shi'ites Protest, Kaduna",2023-11-16,2023-11-16,1
IBD028431,"Building Collapse, Lagos",2023-11-16,2023-11-16,1
IBD028440,"Boat Mishap, Niger",2023-11-16,2023-11-16,10
IBD028444,"Domestic Violence, Gombe",2023-11-16,2023-11-16,1
IBD028439,"Army vs Bandits, Kaduna",2023-11-16,2023-11-16,6
IBD028424,"Domestic Violence, Kaduna",2023-11-15,2023-11-15,1
IBD029137,"Kidnappers vs Aide, FCT (Abuja)",2023-11-15,2023-11-15,1
IBD028559,"Pregnant Woman, Rivers",2023-11-15,2023-11-15,1
IBD029093,"Gunmen vs Vigilantes, Ebonyi",2023-11-15,2023-11-15,2
IBD031648,"Assailants vs Woman, Kano",2023-11-15,2023-11-15,1
IBD028447,"Banditry, Sokoto",2023-11-15,2023-11-15,6
IBD028430,"Hoodlums Kill Woman, Ondo",2023-11-15,2023-11-15,1
IBD028428,"Fire Incidents, Borno",2023-11-15,2023-11-15,2
IBD028418,"Auto Crash, Ogun",2023-11-14,2023-11-14,6
IBD028414,"Auto Crash, Abia",2023-11-14,2023-11-14,7
IBD028432,"Kidnappers Kill Pastor, Kogi",2023-11-14,2023-11-14,1
IBD028382,"Army vs Terrorists, Kaduna",2023-11-14,2023-11-14,1
IBD028450,"Auto Crash, Edo",2023-11-13,2023-11-13,1
IBD028396,"Domestic Violence, Benue",2023-11-13,2023-11-13,1
IBD028403,"Boat Mishap, Taraba",2023-11-13,2023-11-13,20
IBD028422,"Army vs Bandits, Kaduna",2023-11-13,2023-11-13,2
IBD028420,"Cult Clash, Delta",2023-11-13,2023-11-13,1
IBD028409,"Gunmen Kill 2, Oyo",2023-11-13,2023-11-13,2
IBD028408,"Auto Crash, Lagos",2023-11-13,2023-11-13,2
IBD028416,"Auto Crash, Cross River",2023-11-13,2023-11-13,3
IBD028395,"Political Violence, Bayelsa",2023-11-12,2023-11-12,1
IBD028401,"Gunmen Attack, Kwara",2023-11-12,2023-11-12,2
IBD028394,"Cultists Kill 5, RIvers",2023-11-12,2023-11-12,6
IBD028411,"Police vs Bandits, Zamfara",2023-11-12,2023-11-12,28
IBD028405,"Cult Killing, Ogun",2023-11-12,2023-11-12,3
IBD028392,"Auto Crash, Ogun",2023-11-12,2023-11-12,5
IBD028458,"Banditry, Sokoto",2023-11-12,2023-11-15,4
IBD028410,"Robbers vs Motorcyclist, Oyo",2023-11-12,2023-11-12,1
IBD028651,"Auto Crash, Lagos",2023-11-12,2023-11-12,3
IBD028456,"Banditry, Sokoto",2023-11-12,2023-11-15,4
IBD028400,"Auto Crash, Kano",2023-11-12,2023-11-12,12
IBD028425,"Corpse Found, Ondo",2023-11-11,2023-11-11,1
IBD028399,"Female Peacemaker, Lagos",2023-11-11,2023-11-11,1
IBD028389,"Political Violence, Kogi",2023-11-11,2023-11-11,2
IBD028421,"Hoodlums vs Politician, Lagos",2023-11-11,2023-11-11,1
IBD028500,"Auto Crash, Ondo",2023-11-11,2023-11-11,1
IBD028404,"Army vs Bandits, Kaduna",2023-11-11,2023-11-11,2
IBD028407,"Girl Dies Inside Well, FCT (Abuja)",2023-11-11,2023-11-11,1
IBD028393,"Police vs Kidnapper, Katsina",2023-11-11,2023-11-11,1
IBD028390,"Political Violence, Bayelsa",2023-11-11,2023-11-11,1
IBD028402,"Political Violence, Anambra",2023-11-11,2023-11-11,1
IBD028406,"Herders Kill 10, Benue",2023-11-11,2023-11-12,10
IBD028427,"Auto Crash, Bauchi",2023-11-11,2023-11-11,2
IBD028426,"Auto Crash, Bauchi",2023-11-11,2023-11-11,1
IBD028415,"Political Violence, Kogi",2023-11-11,2023-11-11,1
IBD028380,"Ritual Killing, Oyo",2023-11-10,2023-11-10,1
IBD028398,"Assailants vs Teenager, FCT (Abuja)",2023-11-10,2023-11-10,1
IBD028423,"Retired Permanent Secretory, Oyo",2023-11-10,2023-11-10,1
IBD028384,"Auto Crash, Lagos",2023-11-10,2023-11-10,1
IBD028377,"Auto Crash, Ogun",2023-11-10,2023-11-10,2
IBD028383,"Cult Clash, Ogun",2023-11-10,2023-11-10,2
IBD028379,"Herdsmen Attack, Enugu",2023-11-10,2023-11-10,1
IBD028413,"Security Guard, Ogun",2023-11-10,2023-11-10,1
IBD028434,"Gunmen vs Motorcyclist, Lagos",2023-11-10,2023-11-10,1
IBD028387,"Security Operatives vs Kidnappers, Kebbi",2023-11-10,2023-11-10,3
IBD028429,"Motorist Dies, Lagos",2023-11-10,2023-11-10,1
IBD028385,"Auto Crash, Lagos",2023-11-09,2023-11-09,1
IBD028362,"Boko Haram/ISWAP Mine Explosion, Borno",2023-11-09,2023-11-09,6
IBD028560,"OAU Student, Ogun",2023-11-08,2023-11-08,1
IBD028368,"Banditry, Sokoto",2023-11-08,2023-11-08,5
IBD028370,"Student vs Teacher, Taraba",2023-11-08,2023-11-08,1
IBD028361,"Vigilante Group vs Fulani, Niger",2023-11-08,2023-11-08,4
IBD028373,"Ritual Killing, Ondo",2023-11-08,2023-11-08,2
IBD028366,"Scavenger, Rivers",2023-11-08,2023-11-08,1
IBD028397,"NAF vs Boko Haram, Borno",2023-11-08,2023-11-08,20
IBD028461,"Man vs Okada Rider, Benue",2023-11-08,2023-11-08,1
IBD028360,"Banditry, Kaduna",2023-11-07,2023-11-07,2
IBD028363,"Commercial Motorcyclist, FCT (Abuja)",2023-11-07,2023-11-07,1
IBD028369,"Man Drowns, Kwara",2023-11-07,2023-11-07,1
IBD028353,"Electrocution, Ogun",2023-11-07,2023-11-07,1
IBD028367,"Corpse Found, Rivers",2023-11-07,2023-11-07,1
IBD028378,"Motorcycle Thief Lynched, Benue",2023-11-07,2023-11-07,1
IBD028357,"Political Violence, Kogi",2023-11-07,2023-11-07,10
IBD028571,"Man Killed, Lagos",2023-11-07,2023-11-07,1
IBD028419,"Man vs Police, Plateau",2023-11-07,2023-11-07,1
IBD028349,"Cult Clash, Lagos",2023-11-07,2023-11-07,2
IBD028460,"Banditry, FCT (Abuja)",2023-11-07,2023-11-09,36
IBD028787,"Security Operatives vs Woman, Nasarawa",2023-11-07,2023-11-07,1
IBD028351,"Landlord Election, Anambra",2023-11-07,2023-11-07,2
IBD028381,"Detainee vs Police Officer, Lagos",2023-11-06,2023-11-06,1
IBD028339,"Inferno at Embassy, FCT (Abuja)",2023-11-06,2023-11-06,3
IBD028347,"Gunmen Attack, Benue",2023-11-06,2023-11-06,10
IBD028365,"Banditry, Sokoto",2023-11-06,2023-11-06,11
IBD028417,"Assailants vs Man, Plateau",2023-11-06,2023-11-06,1
IBD028346,"Herdsmen Attack, Benue",2023-11-06,2023-11-06,5
IBD028348,"Bullet Proof Charm, Bauchi",2023-11-06,2023-11-06,1
IBD028354,"Boat Mishap, Nasarawa",2023-11-06,2023-11-06,4
IBD028356,"Boy Drowns, Kwara",2023-11-06,2023-11-06,1
IBD028350,"Bandits Kill 5, Katsina",2023-11-06,2023-11-06,5
IBD028359,"Army vs Terrorists, Plateau",2023-11-06,2023-11-06,4
IBD028332,"Boko Haram vs Businessman, Borno",2023-11-05,2023-11-05,1
IBD028341,"Banditry, Niger",2023-11-05,2023-11-05,1
IBD028331,"Banditry, Zamfara",2023-11-05,2023-11-05,2
IBD028244,"Boko Haram Attack, Borno",2023-11-05,2023-11-05,12
IBD028343,"Army vs Bandits, Kaduna",2023-11-05,2023-11-05,1
IBD028333,"Mob Kill Bike Thief, Niger",2023-11-05,2023-11-05,1
IBD028336,"Banditry, Katsina",2023-11-05,2023-11-05,20
IBD028345,"Troops vs Bandits, Kaduna",2023-11-05,2023-11-05,3
IBD028342,"Army vs Bandits, Kaduna",2023-11-05,2023-11-05,2
IBD028364,"Mob Kill Suspected Thief, Bauchi",2023-11-04,2023-11-04,1
IBD028330,"Lightning Kills 3, Anambra",2023-11-04,2023-11-04,3
IBD028328,"Soldiers vs Bandits, Zamfara",2023-11-04,2023-11-04,40
IBD028358,"Political Violence, Bayelsa",2023-11-04,2023-11-04,1
IBD028323,"Piracy, Rivers (Offshore)",2023-11-03,2023-11-03,4
IBD028326,"Gang War, Benue",2023-11-03,2023-11-03,21
IBD028371,"Army vs Bandits, Kaduna",2023-11-03,2023-11-03,2
IBD028412,"Worshipper Dies During Revival, Ogun",2023-11-03,2023-11-03,1
IBD028320,"Auto Crash, Kebbi",2023-11-03,2023-11-03,11
IBD028322,"Soldiers vs Boko Haram, Borno",2023-11-03,2023-11-03,80
IBD031259,"Kidnappers Kill Man, Niger",2023-11-02,2023-11-02,1
IBD028315,"Auto Crash, FCT (Abuja)",2023-11-02,2023-11-02,8
IBD028321,"Soldiers vs Boko Haram, Yobe",2023-11-02,2023-11-02,80
IBD028318,"Banditry, Sokoto",2023-11-02,2023-11-02,6
IBD028344,"Woman Inside Canal, Ogun",2023-11-02,2023-11-02,1
IBD028334,"Hoodlums vs Man, Bauchi",2023-11-02,2023-11-02,2
IBD028374,"Army vs Bandits, Kaduna",2023-11-02,2023-11-02,1
IBD028733,"Gunmen Kill 2, Plateau",2023-11-02,2023-11-02,2
IBD028569,"Inferno, Kano",2023-11-01,2023-11-30,2
IBD028325,"Police vs Armed Robbers, Rivers",2023-11-01,2023-11-01,1
IBD028311,"Terrorists vs Travelers, Zamfara",2023-11-01,2023-11-01,15
IBD028319,"Police Kill Kidnapper, Bauchi",2023-11-01,2023-11-01,1
IBD028314,"Security Operatives vs Kidnappers, Plateau",2023-11-01,2023-11-01,2
IBD028307,"Mob vs Thugs, Anambra",2023-11-01,2023-11-01,2
IBD028617,"Assailants vs Man, Enugu",2023-11-01,2023-11-01,1
IBD028324,"Soldiers vs Bandits, Zamfara",2023-11-01,2023-11-01,10
IBD028309,"1 Killed, Imo",2023-11-01,2023-11-01,1
IBD028375,"Army vs Bandits, Kaduna",2023-11-01,2023-11-01,4
IBD028292,"Building Collapse, Ekiti",2023-10-31,2023-10-31,1
IBD028295,"Auto Crash, Lagos",2023-10-31,2023-10-31,3
IBD028306,"Villagers vs Bandits, Bauchi",2023-10-31,2023-10-31,1
IBD028296,"Banditry, Kaduna",2023-10-31,2023-10-31,1
IBD028327,"Soldiers vs Bandits, Katsina",2023-10-31,2023-11-01,10
IBD028298,"Sex Romp, Kwara",2023-10-31,2023-10-31,1
IBD028313,"Mysterious Death, Lagos",2023-10-31,2023-10-31,1
IBD028310,"Boko Haram Attack, Yobe",2023-10-31,2023-10-31,22
IBD028304,"Auto Crash, Zamfara",2023-10-31,2023-10-31,12
IBD028297,"Army vs Terrorists, Zamfara",2023-10-30,2023-10-30,3
IBD028293,"Boko Haram vs Police, Borno",2023-10-30,2023-10-30,1
IBD028302,"Soldiers vs Bandit, Kaduna",2023-10-30,2023-10-30,1
IBD028300,"Gunmen vs Traditional Ruler, Taraba",2023-10-30,2023-10-30,1
IBD028317,"Protester Killed, Rivers",2023-10-30,2023-10-30,1
IBD028335,"Boko Haram Attack, Borno",2023-10-30,2023-10-31,39
IBD028299,"Army vs Bandits, Kebbi",2023-10-30,2023-10-30,3
IBD028303,"Boko Haram Attack, Yobe",2023-10-30,2023-10-30,25
IBD028272,"Assailants vs Lecturer, Niger",2023-10-29,2023-10-29,1
IBD028286,"Herdsmen Attack, Benue",2023-10-29,2023-10-29,3
IBD028290,"Security Operatives vs Gunmen, Anambra",2023-10-29,2023-10-29,2
IBD028278,"Bandits Kill Teacher, Kaduna",2023-10-29,2023-10-29,3
IBD028281,"Boko Haram Attack, Borno",2023-10-29,2023-10-29,1
IBD028285,"Herdsmen Attack, Benue",2023-10-29,2023-10-29,4
IBD028289,"NAF vs Boko Haram Terrorists, Borno",2023-10-29,2023-10-29,22
IBD028271,"Boat Mishap, Taraba",2023-10-28,2023-10-28,95
IBD028316,"Bandits Kill 2, Kaduna",2023-10-28,2023-10-28,2
IBD028329,"Herdsmen vs Man, Plateau",2023-10-28,2023-10-28,1
IBD028355,"Assailants vs Motorcyclist, Plateau",2023-10-28,2023-10-28,3
IBD028277,"Kidnappers Kill Baby, Kwara",2023-10-28,2023-10-28,1
IBD028279,"Army vs Terrorists, Anambra",2023-10-28,2023-10-28,2
IBD028275,"Two Men Die, Kano",2023-10-28,2023-10-28,2
IBD028352,"Robbery Gang Killed, Ondo",2023-10-28,2023-10-28,1
IBD028274,"Gunmen Kill 1, Benue",2023-10-28,2023-10-28,1
IBD028276,"Sea Pirates vs Fishermen, Akwa Ibom (Offshore)",2023-10-28,2023-10-28,9
IBD029525,"Gunmen vs Policemen, Abia",2023-10-27,2023-10-27,2
IBD031414,"Man Kills Baby, Delta",2023-10-27,2023-10-27,1
IBD028273,"Cult Clash, Edo",2023-10-27,2023-10-27,4
IBD028312,"Man Drowns in Beach, Lagos",2023-10-27,2023-10-27,1
IBD028280,"Farmer Killed, FCT (Abuja)",2023-10-26,2023-10-26,1
IBD028264,"Army vs Boko Haram, Yobe",2023-10-26,2023-10-26,4
IBD028270,"Banditry, Zamfara",2023-10-26,2023-10-26,6
IBD028301,"Boat Mishap, Lagos",2023-10-26,2023-10-26,2
IBD028283,"Electrocution, Edo",2023-10-26,2023-10-26,1
IBD028269,"Herdsmen Attack, Benue",2023-10-26,2023-10-27,3
IBD028284,"Communal Clash, Cross River",2023-10-26,2023-10-26,20
IBD028254,"Assailants vs Motorcyclist, Osun",2023-10-25,2023-10-25,1
IBD028261,"Gunmen vs Policeman, Abia",2023-10-25,2023-10-25,1
IBD028263,"Army vs Boko Haram, Yobe",2023-10-25,2023-10-25,6
IBD028265,"Police Kill 1, Rivers",2023-10-25,2023-10-25,1
IBD028259,"Ritual Killing, Rivers",2023-10-25,2023-10-25,1
IBD028268,"Soldiers vs Bandits, Kaduna",2023-10-25,2023-10-25,2
IBD028291,"Bandits Kill Woman, Katsina",2023-10-24,2023-10-24,1
IBD028257,"Bandits Attack, Kaduna",2023-10-24,2023-10-24,2
IBD028258,"Bandits Attack, Kaduna",2023-10-24,2023-10-24,1
IBD028256,"Gunmen Attack, Edo",2023-10-24,2023-10-24,3
IBD028631,"Man vs Wife, Lagos",2023-10-24,2023-10-24,1
IBD028250,"Domestic Violence, Benue",2023-10-24,2023-10-24,1
IBD028246,"Ansaru Attack, Kaduna",2023-10-24,2023-10-24,2
IBD028251,"Soldiers vs Bandits, Plateau",2023-10-24,2023-10-24,4
IBD028234,"Baby Dies, Abia",2023-10-23,2023-10-23,1
IBD028247,"Assailants vs Businesswoman, Akwa Ibom",2023-10-23,2023-10-23,1
IBD028249,"Army vs ISWAP, Borno",2023-10-23,2023-10-23,9
IBD028230,"Vigilante Member Dies, Edo",2023-10-23,2023-10-23,1
IBD028248,"Gunmen vs IDPs, Benue",2023-10-23,2023-10-23,3
IBD028253,"Woman vs Neighbour, Cross River",2023-10-23,2023-10-23,1
IBD028233,"Commuters, Kwara",2023-10-23,2023-10-23,3
IBD028252,"Army vs Bandits, Sokoto",2023-10-23,2023-10-24,25
IBD028236,"Security Operatives vs Bandits, Kebbi",2023-10-22,2023-10-22,1
IBD028226,"Auto Crash, Ogun",2023-10-22,2023-10-22,5
IBD028235,"Banditry, Katsina",2023-10-22,2023-10-22,7
IBD028245,"Ritual Killing, Oyo",2023-10-22,2023-10-22,1
IBD028242,"Assailants vs Student, Gombe",2023-10-22,2023-10-22,1
IBD028224,"Auto Crash, Kwara",2023-10-22,2023-10-22,2
IBD028229,"Woman Dies, Cross River",2023-10-22,2023-10-22,1
IBD028232,"Man vs Student, Bauchi",2023-10-22,2023-10-22,1
IBD028676,"Gunmen Attack, Plateau",2023-10-21,2023-10-21,8
IBD029326,"Medical Negligence, Lagos",2023-10-21,2023-10-21,1
IBD028243,"Ex-in-law vs Man, Niger",2023-10-21,2023-10-21,1
IBD028227,"Tanker Explosion, Kwara",2023-10-21,2023-10-21,5
IBD028225,"Army vs Gunmen, Imo",2023-10-21,2023-10-21,1
IBD028217,"Mysterious Death, Borno",2023-10-21,2023-10-21,1
IBD028262,"Student Kidnapper Kills Child, Plateau",2023-10-21,2023-10-21,1
IBD028215,"Mysterious Death, Abia",2023-10-20,2023-10-20,1
IBD028212,"Army vs ISWAP, Borno",2023-10-20,2023-10-20,6
IBD028214,"Mob vs Man, Nasarawa",2023-10-20,2023-10-20,1
IBD028219,"Mob vs Man, Kogi",2023-10-20,2023-10-20,1
IBD028211,"Boat Mishap, Niger",2023-10-20,2023-10-20,2
IBD028216,"Assassins vs Mother, Gombe",2023-10-20,2023-10-20,1
IBD028220,"Auto Crash, Osun",2023-10-20,2023-10-20,7
IBD028209,"Flooding, Abuja",2023-10-20,2023-10-20,1
IBD028223,"Clerics vs Surveyor, Oyo",2023-10-20,2023-10-20,1
IBD028208,"Bank Robbery, Benue",2023-10-20,2023-10-20,9
IBD028260,"NAF vs Bandits, Niger",2023-10-20,2023-10-20,50
IBD028218,"Security Operatives vs Bandits, Bauchi",2023-10-19,2023-10-19,1
IBD028231,"Boat Mishap, Edo",2023-10-19,2023-10-19,5
IBD028201,"Auto Crash, Kwara",2023-10-19,2023-10-19,1
IBD028221,"Auto Crash, Akwa Ibom",2023-10-19,2023-10-19,3
IBD028228,"Boko Haram vs Customs Officer, Yobe",2023-10-19,2023-10-19,1
IBD028210,"Auto Crash, Anambra",2023-10-19,2023-10-19,1
IBD028222,"Student Dies, Kaduna",2023-10-19,2023-10-19,1
IBD029860,"Police Officer Killed One, Imo",2023-10-18,2023-10-18,1
IBD028207,"Gunmen vs Officer, Cross River",2023-10-18,2023-10-18,1
IBD028192,"Banditry, Kebbi",2023-10-18,2023-10-18,2
IBD028197,"Auto Crash, Yobe",2023-10-18,2023-10-18,23
IBD028200,"Assailants vs Corps Member, Kaduna",2023-10-18,2023-10-18,1
IBD028204,"Robbers vs Bread Seller, Kwara",2023-10-18,2023-10-18,1
IBD028198,"Man vs Community Volunteer Guard, Benue",2023-10-18,2023-10-18,1
IBD028202,"Man vs Teacher, Delta",2023-10-18,2023-10-18,1
IBD028238,"Bandits Attack, Kaduna",2023-10-18,2023-10-21,3
IBD028205,"Banditry, Kaduna",2023-10-18,2023-10-18,1
IBD028193,"Filling Station Fire, Ogun",2023-10-18,2023-10-18,2
IBD028203,"3 People Burnt To Death, Anambra",2023-10-18,2023-10-18,3
IBD028190,"Fulani Herdsmen Attack, Benue",2023-10-17,2023-10-17,5
IBD028191,"Fulani Herdsmen Attack, Benue",2023-10-17,2023-10-17,4
IBD028196,"Army vs Terrorist's, Kaduna",2023-10-17,2023-10-17,4
IBD028188,"Gunmen Kill Businessman, Niger",2023-10-17,2023-10-17,1
IBD028267,"Man vs Girlfriend, Delta",2023-10-17,2023-10-17,1
IBD028186,"Boy Dies, Ogun",2023-10-17,2023-10-17,1
IBD028189,"Assailants vs Lawmaker's Daughter, Borno",2023-10-17,2023-10-17,1
IBD028436,"Man vs Teenage Girl, Enugu",2023-10-17,2023-10-17,1
IBD028194,"Assailants vs Doctor, Nasarawa",2023-10-17,2023-10-17,1
IBD018157,"Ritual Killing, Oyo",2023-10-16,2023-10-16,1
IBD028178,"Twin Die, Lagos",2023-10-16,2023-10-16,2
IBD028156,"Man Kills Woman, Edo",2023-10-16,2023-10-16,1
IBD028195,"Banditry, Zamfara",2023-10-16,2023-10-16,3
IBD028241,"Boko Haram kills 7, Borno",2023-10-16,2023-10-16,7
IBD028858,"Cult Clash, Ebonyi",2023-10-15,2023-10-15,4
IBD029709,"Ritual Killing, Ondo",2023-10-15,2023-10-15,1
IBD028180,"Bandits Kill 2, Kaduna",2023-10-15,2023-10-15,4
IBD028176,"Auto Crash, Ogun",2023-10-15,2023-10-15,1
IBD028181,"Domestic Violence, Delta",2023-10-15,2023-10-15,1
IBD028239,"Assailants vs Women, Plateau",2023-10-15,2023-10-15,2
IBD028240,"Assailants Kill Man, Plateau",2023-10-15,2023-10-15,1
IBD028255,"Missing Genital, FCT (Abuja)",2023-10-15,2023-10-15,1
IBD028173,"Youths vs Police, Delta",2023-10-15,2023-10-15,1
IBD028184,"Gunmen vs Vigilante, Bauchi",2023-10-15,2023-10-15,9
IBD028177,"Fulani Herdsmen Attack, Oyo",2023-10-14,2023-10-14,5
IBD028168,"Auto Crash, Lagos",2023-10-14,2023-10-14,3
IBD028172,"Police vs Kidnapper, FCT (Abuja)",2023-10-14,2023-10-14,1
IBD028305,"Hoodlums vs Okada Riders, Ondo",2023-10-14,2023-10-20,20
IBD028164,"Cult Clash, Ogun",2023-10-14,2023-10-14,3
IBD028171,"NAF vs Terrorists, Borno",2023-10-14,2023-10-14,55
IBD028169,"Herders Kill 3, Benue",2023-10-14,2023-10-14,3
IBD028266,"Auto Crash, Oyo",2023-10-14,2023-10-14,15
IBD028175,"Flood Victim, Enugu",2023-10-14,2023-10-14,1
IBD028162,"Electrocution, Plateau",2023-10-13,2023-10-13,9
IBD028185,"Gunmen vs Registrar, Imo",2023-10-13,2023-10-13,1
IBD028166,"Herdsmen vs Travellers, Benue",2023-10-13,2023-10-13,3
IBD028206,"Hoodlums vs Teachers, Ebonyi",2023-10-13,2023-10-13,2
IBD028237,"Police vs Man, Anambra",2023-10-13,2023-10-13,1
IBD028167,"Army vs Bandit, Kadauna",2023-10-13,2023-10-13,1
IBD028153,"Tanker Crash, Lagos",2023-10-12,2023-10-12,10
IBD028155,"Thunder Strike, Benue",2023-10-12,2023-10-12,1
IBD028163,"Flood Disaster, Imo",2023-10-11,2023-10-11,1
IBD028152,"Gunmen Kill 2, Taraba",2023-10-11,2023-10-11,2
IBD028160,"IPOB/ESN vs Victims, Imo",2023-10-11,2023-10-11,10
IBD028151,"Building Collapse, Osun",2023-10-11,2023-10-11,2
IBD028187,"Gunmen vs NSCDC Personnel, Bauchi",2023-10-11,2023-10-11,1
IBD028154,"Bandits vs Ransom Bearer, Kaduna",2023-10-11,2023-10-11,1
IBD028174,"NAF vs Bandits, Zamfara",2023-10-11,2023-10-11,50
IBD028143,"Banditry, Sokoto",2023-10-10,2023-10-10,4
IBD028148,"Auto Crash, FCT (Abuja)",2023-10-10,2023-10-10,3
IBD028146,"Cultists vs Mechanic, Rivers",2023-10-10,2023-10-10,1
IBD028183,"Assailants vs Driver, Rivers",2023-10-10,2023-10-10,1
IBD028150,"Auto Crash, Ogun",2023-10-10,2023-10-10,3
IBD028182,"Kidnappers vs Man, Edo",2023-10-10,2023-10-10,1
IBD028147,"Gunmen vs Businessman, Rivers",2023-10-10,2023-10-10,1
IBD028179,"Domestic Violence, Akwa Ibom",2023-10-10,2023-10-10,1
IBD028157,"Security Operatives vs Kidnapper, Niger",2023-10-10,2023-10-10,1
IBD028140,"Auto Crash, Abia",2023-10-10,2023-10-10,1
IBD028131,"Auto Crash, Ogun",2023-10-10,2023-10-10,4
IBD028199,"Man KIlls Friend, Benue",2023-10-10,2023-10-10,1
IBD028141,"Sorcery, Bauchi",2023-10-10,2023-10-10,1
IBD028144,"Banditry, Niger",2023-10-10,2023-10-10,1
IBD028213,"Army vs Bandit, Benue",2023-10-09,2023-10-09,1
IBD028161,"Cab Driver, Ogun",2023-10-09,2023-10-09,1
IBD028138,"Haulage Driver, Anambra",2023-10-09,2023-10-09,1
IBD028136,"Assailant vs Woman, Delta",2023-10-09,2023-10-09,1
IBD028134,"Gunmen vs Vigilante, Delta",2023-10-09,2023-10-09,2
IBD028132,"Man vs Trader, Edo",2023-10-08,2023-10-08,1
IBD028340,"Inferno, Kano",2023-10-08,2023-10-15,8
IBD028128,"Banditry, Sokoto",2023-10-08,2023-10-08,1
IBD028123,"Thugs Clash, Kogi",2023-10-07,2023-10-07,2
IBD028119,"Banditry, Kaduna",2023-10-07,2023-10-07,4
IBD028137,"Police vs Kidnappers, Bauchi",2023-10-07,2023-10-07,67
IBD028149,"Gunmen Attack, Benue",2023-10-07,2023-10-07,4
IBD028122,"Herders vs Farmers, Kebbi",2023-10-07,2023-10-07,2
IBD028376,"Kidnap Victims, Kaduna",2023-10-07,2023-10-07,5
IBD028129,"Auto Crash, Imo",2023-10-06,2023-10-06,4
IBD028126,"Gunmen Attack, Imo",2023-10-06,2023-10-06,2
IBD028133,"Man vs Mob, FCT ( Abuja)",2023-10-05,2023-10-05,1
IBD028118,"Man Kills 8, Adamawa",2023-10-05,2023-10-05,9
IBD028105,"Man Kills 9, Adamawa",2023-10-05,2023-10-05,9
IBD028115,"Banditry, Benue",2023-10-05,2023-10-05,2
IBD028130,"Auto Crash, Oyo",2023-10-05,2023-10-05,2
IBD028139,"Domestic Violence, Kwara",2023-10-04,2023-10-04,1
IBD028111,"Auto Crash, Lagos",2023-10-04,2023-10-04,1
IBD028113,"Auto Crash, Lagos",2023-10-04,2023-10-04,3
IBD028108,"Gunmen Attack, Osun",2023-10-04,2023-10-04,1
IBD028112,"Police vs Robbers, Lagos",2023-10-04,2023-10-04,1
IBD028109,"Communal Crisis, Osun",2023-10-04,2023-10-04,7
IBD028100,"Auto Crash, Lagos",2023-10-03,2023-10-03,3
IBD028102,"Church Building Collapse, Benue",2023-10-03,2023-10-03,1
IBD027921,"Brothers vs Man, Akwa Ibom",2023-10-02,2023-10-02,1
IBD028135,"Security Operatives Kill 5, Katsina",2023-10-02,2023-10-02,5
IBD028099,"Boat Mishap, Kebbi",2023-10-02,2023-10-02,23
IBD028098,"Bandits Kill LGA Councillor, Katsina",2023-10-02,2023-10-02,1
IBD028094,"Banditry, Sokoto",2023-10-02,2023-10-02,3
IBD028114,"Gunmen Attack, Kogi",2023-10-02,2023-10-02,1
IBD028120,"Gunmen Kill 3, Benue",2023-10-02,2023-10-05,3
IBD028125,"Man vs Station Manager, Edo",2023-10-02,2023-10-02,1
IBD028092,"Army vs Gunmen, Imo",2023-10-02,2023-10-02,12
IBD028080,"Electrocution, Taraba",2023-10-02,2023-10-02,4
IBD028086,"Gunmen Attack, Benue",2023-10-02,2023-10-02,1
IBD028110,"Vigilante vs Man, Niger",2023-10-02,2023-10-02,1
IBD028089,"Gunmen Kill Man, Delta",2023-10-01,2023-10-01,1
IBD031578,"Pastor's Corpse, Bayelsa",2023-10-01,2023-10-01,1
IBD028083,"Gunmen Kill 9, Plateau",2023-10-01,2023-10-01,8
IBD028081,"Auto Crash/Inferno, Delta",2023-10-01,2023-10-01,7
IBD028091,"ISWAP vs Boko Haram, Borno",2023-10-01,2023-10-01,1
IBD028104,"Assailants vs Consultant, Rivers",2023-10-01,2023-10-01,1
IBD028090,"ISWAP Kill 1, Borno",2023-10-01,2023-10-01,1
IBD028085,"Auto Crash, Ogun",2023-10-01,2023-10-01,1
IBD028107,"Men Behead Woman, Kogi",2023-10-01,2023-10-01,1
IBD028282,"Found Dead, Abia",2023-09-30,2023-09-30,70
IBD028294,"Boko Haram vs Police, Borno",2023-09-30,2023-09-30,1
IBD028082,"Fire Outbreak, Rivers",2023-09-30,2023-09-30,28
IBD028159,"Couple Found Dead, Delta",2023-09-30,2023-09-30,2
IBD028097,"Man Drowns, Ogun",2023-09-30,2023-09-30,1
IBD028078,"Banditry, Kaduna",2023-09-30,2023-09-30,1
IBD028527,"Robbery Attack, Ogun",2023-09-30,2023-10-20,2
IBD028106,"Auto Crash, Lagos",2023-09-29,2023-09-29,1
IBD028087,"ISWAP Kill 2, Borno",2023-09-29,2023-10-01,2
IBD028101,"Vigilante vs Okada Man, Niger",2023-09-29,2023-09-29,1
IBD028073,"Mob vs Commercial Driver, Plateau",2023-09-28,2023-09-28,1
IBD028088,"Army vs ISWAP, Borno",2023-09-28,2023-09-28,20
IBD028077,"Hotel Manager, Kwara",2023-09-28,2023-09-28,1
IBD028142,"Domestic Violence, Bauchi",2023-09-28,2023-09-28,1
IBD028096,"Undergraduate Student, Katsina",2023-09-28,2023-09-28,1
IBD028066,"Auto Crash, Ogun",2023-09-27,2023-09-27,1
IBD028071,"Police vs Kidnappers, Delta",2023-09-27,2023-09-27,4
IBD028095,"NAF vs Boko Haram, Borno",2023-09-27,2023-09-30,18
IBD028072,"Auto Crash, Osun",2023-09-27,2023-09-27,4
IBD028075,"Woman vs Stepson, Lagos",2023-09-27,2023-09-27,1
IBD029811,"Retired General, Imo",2023-09-27,2023-09-27,1
IBD028069,"Gunmen Attack, Kaduna",2023-09-26,2023-09-26,1
IBD028067,"Bandits Kill 6, Kaduna",2023-09-26,2023-09-26,6
IBD028068,"Gunmen Kill 2, Kwara",2023-09-26,2023-09-26,2
IBD028084,"Assailants vs Woman, FCT (Abuja)",2023-09-26,2023-09-26,1
IBD028065,"Woman vs Husband, Ondo",2023-09-26,2023-09-26,1
IBD028062,Auto Crash. Edo,2023-09-25,2023-09-25,5
IBD028074,"Flood Disaster, Gombe",2023-09-25,2023-09-25,1
IBD028070,"Gunmen Attack, Edo",2023-09-24,2023-09-24,2
IBD028060,"Man Drowns, Kano",2023-09-24,2023-09-24,1
IBD028054,"Army vs Bandits, Sokoto",2023-09-24,2023-09-24,20
IBD028064,"Auto Crash, FCT (Abuja)",2023-09-24,2023-09-24,1
IBD028050,"Boko Haram Attack, Borno",2023-09-23,2023-09-23,5
IBD028045,"Army vs Bandits, Zamfara",2023-09-23,2023-09-23,5
IBD028057,"Boko Haram vs Farmers, Borno",2023-09-23,2023-09-23,10
IBD028063,"Man vs Neigbhour, Delta",2023-09-23,2023-09-23,1
IBD028079,"Man Kills Lady, Kaduna",2023-09-23,2023-09-23,1
IBD028053,"Gunmen vs Fulani Leader, Plateau",2023-09-23,2023-09-23,1
IBD028047,"Pastor Kills Young Lady, Delta",2023-09-22,2023-09-22,1
IBD028049,"Electrocusion, Lagos",2023-09-21,2023-09-21,2
IBD028034,"Gunmen vs Nursing Mother, Osun",2023-09-21,2023-09-21,1
IBD028048,"Assailants vs Man, Abia",2023-09-21,2023-09-21,1
IBD028046,"Gunmen vs Vigilantes, Edo",2023-09-21,2023-09-21,6
IBD028061,"Herdsmen vs Farmers, Nasarawa",2023-09-20,2023-09-20,1
IBD028038,"Gunmen Attack, Benue",2023-09-20,2023-09-20,3
IBD028036,"Security Operatives vs Kidnappers, Anambra",2023-09-20,2023-09-20,1
IBD028037,"Banditry, Kebbi",2023-09-20,2023-09-20,23
IBD028042,"Gunmen vs Police Officer, Enugu",2023-09-20,2023-09-20,2
IBD028031,"NAF vs Boko Terrorists, Borno",2023-09-20,2023-09-20,8
IBD028165,"Man vs Friend, Ondo",2023-09-20,2023-09-20,1
IBD028026,"Gunmen vs Security Operatives, Imo",2023-09-19,2023-09-19,9
IBD028029,"Man Dies Inside Well, Kano",2023-09-19,2023-09-19,1
IBD028059,"Herders Attack, Nasarawa",2023-09-19,2023-09-19,1
IBD028033,"Hunter vs Girl, Lagos",2023-09-19,2023-09-19,1
IBD028011,"Auto Crash, Anambra",2023-09-18,2023-09-18,1
IBD028116,"Man vs Friend, Imo",2023-09-18,2023-09-18,1
IBD028058,"Herders vs Farmers, Nasarawa",2023-09-18,2023-09-19,2
IBD028020,"Army vs Gunmen, Abia",2023-09-18,2023-09-18,3
IBD028019,"Security Operatives vs Gunmen, Enugu",2023-09-18,2023-09-18,3
IBD028027,"Police vs Kidnappers, Rivers",2023-09-18,2023-09-18,4
IBD028025,"Boy Dies, Lagos",2023-09-18,2023-09-18,1
IBD028028,"Bandits, Niger",2023-09-17,2023-09-17,4
IBD028055,"Herders vs Employer, Oyo",2023-09-17,2023-09-17,1
IBD028009,"Auto Crash, Ogun",2023-09-17,2023-09-17,5
IBD028032,"Doctor Dies, Lagos",2023-09-17,2023-09-17,1
IBD028018,"Flood Disaster, Plateau",2023-09-17,2023-09-18,4
IBD028024,"Banditry, Sokoto",2023-09-17,2023-09-17,10
IBD028007,"Communal Clash, Osun",2023-09-17,2023-09-17,1
IBD028023,"Banditry, Kebbi",2023-09-17,2023-09-17,15
IBD028041,"Boko Haram Kill Farmers, Borno",2023-09-16,2023-09-16,2
IBD028006,"Auto Crash, Kogi",2023-09-16,2023-09-16,1
IBD028022,"Gunmen vs Boy, FCT (Abuja)",2023-09-16,2023-09-16,1
IBD028001,"Assailant vs Man, Osun",2023-09-16,2023-09-16,1
IBD028015,"Auto Crash, Lagos",2023-09-16,2023-09-16,1
IBD028021,"Banditry, Kaduna",2023-09-16,2023-09-16,1
IBD028040,"Brothers vs Journalist, Zamfara",2023-09-16,2023-09-16,1
IBD027996,"Auto Crash, Ekiti",2023-09-15,2023-09-15,3
IBD028003,"Flooding, Lagos",2023-09-15,2023-09-15,1
IBD030670,"Police vs Man, Rivers",2023-09-15,2024-09-01,1
IBD028005,"Banditry, Kaduna",2023-09-15,2023-09-15,2
IBD027997,"Auto Crash, Anambra",2023-09-15,2023-09-15,5
IBD028012,"Police vs Kidnappers, Bauchi",2023-09-15,2023-09-15,10
IBD027990,"Man Kill Scavenger, FCT (Abuja)",2023-09-14,2023-09-14,1
IBD027994,"Cultist vs Student, Anambra",2023-09-14,2023-09-14,1
IBD028000,"Police vs IPOB/ESN, Ebonyi",2023-09-14,2023-09-14,1
IBD027984,"Gunmen Attack, Sokoto",2023-09-14,2023-09-14,4
IBD028013,"Complication, Lagos",2023-09-14,2023-09-14,1
IBD027974,"Auto Crash, FCT (Abuja)",2023-09-13,2023-09-13,4
IBD027982,"Assailants vs LP Chieftain, Abia",2023-09-13,2023-09-13,1
IBD027986,"Auto Crash, Kogi",2023-09-13,2023-09-13,3
IBD027977,"ISWAP vs Fishermen, Borno",2023-09-13,2023-09-13,7
IBD028016,"One Killed, Lagos",2023-09-13,2023-09-13,1
IBD028017,"Cult Killing, Ogun",2023-09-13,2023-09-17,16
IBD028051,"Man vs Wife, Borno",2023-09-12,2023-09-12,1
IBD028030,"Police vs Kidnappers, Delta",2023-09-12,2023-09-12,4
IBD027978,"Domestic Violence, Delta",2023-09-12,2023-09-12,1
IBD027980,"Flood Disaster, Lagos",2023-09-12,2023-09-12,1
IBD027975,"Farmers vs Herders, FCT (Abuja)",2023-09-12,2023-09-12,1
IBD027987,"Mysterious Death, Lagos",2023-09-12,2023-09-12,1
IBD028008,"Electrocution, Nasarawa",2023-09-12,2023-09-12,1
IBD028014,"Man vs Girlfriend, Lagos",2023-09-12,2023-09-12,1
IBD027967,"Gunmen vs Man, FCT (Abuja)",2023-09-12,2023-09-12,1
IBD027966,"Auto Crash, Lagos",2023-09-12,2023-09-12,1
IBD027976,"Electrocution, Anambra",2023-09-12,2023-09-12,1
IBD027969,"NURTW Factional Clash, FCT (Abuja)",2023-09-12,2023-09-12,1
IBD027960,"Boat Mishap, Adamawa",2023-09-11,2023-09-11,11
IBD027955,"Gunmen Attack, Plateau",2023-09-11,2023-09-11,11
IBD027971,"Herdsmen Attack, Enugu",2023-09-11,2023-09-11,3
IBD027963,"Police vs Kidnappers, Adamawa",2023-09-11,2023-09-11,2
IBD027956,"Gunmen vs Vigilante, Delta",2023-09-11,2023-09-11,1
IBD027972,"Banditry, Plateau",2023-09-11,2023-09-11,6
IBD027965,"NAF vs ISWAP, Borno",2023-09-11,2023-09-11,30
IBD027981,"Assailant vs Woman, Lagos",2023-09-11,2023-09-11,1
IBD027988,"Cultists vs Transport Worker, Lagos",2023-09-11,2023-09-11,1
IBD027957,"Communal Clash, Cross River",2023-09-11,2023-09-11,10
IBD028035,"Assailant vs Undergraduate, FCT (Abuja)",2023-09-11,2023-09-11,1
IBD027962,"Cult Killing, Edo",2023-09-10,2023-09-10,1
IBD027943,"Auto Crash, Ogun",2023-09-10,2023-09-10,2
IBD027944,"Auto Crash, Niger",2023-09-10,2023-09-10,1
IBD027946,"Corpse Found, Zamfara",2023-09-10,2023-09-10,1
IBD027961,"Cultists vs Man, Edo",2023-09-10,2023-09-10,1
IBD027958,"Residents vs Tailor, Lagos",2023-09-10,2023-09-10,1
IBD027940,"Boat Accident, Niger",2023-09-10,2023-09-10,28
IBD027959,"Cult Killing, Osun",2023-09-10,2023-09-10,4
IBD027938,"Domestic Violence, Gombe",2023-09-10,2023-09-10,1
IBD027993,"Gunmen Attack, Kaduna",2023-09-10,2023-09-10,1
IBD027985,"Auto Crash, Kogi",2023-09-10,2023-09-10,5
IBD027942,"Gunmen Attack, Taraba",2023-09-10,2023-09-10,1
IBD027941,"Security Operatives vs Kidnapper, Anambra",2023-09-09,2023-09-09,1
IBD027948,"Auto Crash, Kwara",2023-09-09,2023-09-09,1
IBD027939,"Gunmen vs Villagers, Enugu",2023-09-09,2023-09-09,3
IBD027936,"Boat Mishap, Adamawa",2023-09-09,2023-09-09,11
IBD027952,"Building Collapse, Ogun",2023-09-09,2023-09-09,2
IBD027970,"Auto Crash, Kogi",2023-09-09,2023-09-09,1
IBD027945,"Man vs Artisan, Edo",2023-09-09,2023-09-09,1
IBD027953,"Auto Crash, Ogun",2023-09-09,2023-09-09,1
IBD027949,"Banditry, Kebbi",2023-09-09,2023-09-09,2
IBD028010,"Student, Kwara",2023-09-09,2023-09-09,1
IBD028039,"Boko Haram Kill Farmers, Borno",2023-09-09,2023-09-09,6
IBD028103,"Policeman Kill Farmer, Akwa Ibom",2023-09-09,2023-10-02,1
IBD027930,"Electrocution, Niger",2023-09-08,2023-09-08,1
IBD027932,"Auto Crash, Ogun",2023-09-08,2023-09-08,2
IBD027951,"Taxi Driver Dies, Rivers",2023-09-08,2023-09-08,1
IBD027937,"Cultists Kill DPO, Rivers",2023-09-08,2023-09-08,1
IBD027925,"DSS vs Fashion Designer, FCT (Abuja)",2023-09-07,2023-09-07,1
IBD027935,"Gunmen vs Guards, Benue",2023-09-07,2023-09-07,2
IBD027995,"Gunmen vs PDP Chieftain, Osun",2023-09-07,2023-09-07,1
IBD027933,"Domestic Violence, Rivers",2023-09-07,2023-09-07,1
IBD027931,"Bandits Kill Seminarian, Kaduna",2023-09-07,2023-09-07,1
IBD027954,"Assailant vs Tricyclist, Taraba",2023-09-07,2023-09-07,1
IBD027999,"Gunmen vs Policeman, Rivers",2023-09-07,2023-09-07,1
IBD028288,"Terrorists Attack, Borno",2023-09-07,2023-09-07,1
IBD027927,"Assailants vs Student, Ekiti",2023-09-05,2023-09-05,1
IBD027920,"Auto Crash, Ogun",2023-09-05,2023-09-05,2
IBD027922,"Kidnappers Kill Director, Niger",2023-09-05,2023-09-05,1
IBD027918,"Well Dredger, Kwara",2023-09-05,2023-09-05,1
IBD027929,"Police vs Kidnapper, Adamawa",2023-09-05,2023-09-05,1
IBD027983,"Auto Crash, Katsina",2023-09-05,2023-09-05,1
IBD027915,"Police vs Driver, Lagos",2023-09-05,2023-09-05,1
IBD027919,"Auto Crash, Ondo",2023-09-05,2023-09-05,6
IBD027907,"Electrocution, Anambra",2023-09-04,2023-09-04,1
IBD027998,"Labourer vs Farmer, Ondo",2023-09-04,2023-09-04,1
IBD027992,"Corpse Found, Kaduna",2023-09-04,2023-09-04,1
IBD027964,"Boat Mishap, Adamawa",2023-09-04,2023-09-04,2
IBD027903,"Corpse Found, Kwara",2023-09-04,2023-09-04,1
IBD028044,"Boat Mishap, Nasarawa",2023-09-04,2023-09-04,2
IBD027923,"Army vs Boko Haram, Borno",2023-09-04,2023-09-04,1
IBD027914,"Police vs Robbers, Benue",2023-09-04,2023-09-04,1
IBD028170,"Gunmen Kill 1, Benue",2023-09-03,2023-09-03,1
IBD027904,"Gunmen vs Businesswoman , Kwara",2023-09-03,2023-09-03,1
IBD027905,"Auto Crash, Kogi",2023-09-03,2023-09-03,12
IBD027901,"Gunmen Attack, Ekiti",2023-09-03,2023-09-03,1
IBD027906,"Cult Killing, Anambra",2023-09-03,2023-09-03,1
IBD027902,"Cult Killing, Kwara",2023-09-03,2023-09-03,3
IBD027885,"Police Cadet Dies, Kano",2023-09-03,2023-09-03,1
IBD027912,"Communal Clash, Rivers",2023-09-03,2023-09-03,1
IBD027888,"Auto Crash, Ogun",2023-09-03,2023-09-03,4
IBD027916,"Police vs Kidnappers, Enugu",2023-09-03,2023-09-03,3
IBD027889,"Police vs Kidnappers, Bauchi",2023-09-02,2023-09-02,28
IBD027917,"Footballer, kwara",2023-09-02,2023-09-02,1
IBD027886,"Auto Crash, Osun",2023-09-02,2023-09-02,6
IBD027890,"Flood Disaster, Kebbi",2023-09-02,2023-09-02,3
IBD027887,"Building Collapse, Anambra",2023-09-02,2023-09-02,3
IBD027891,"Hoodlums vs Vigilante, Niger",2023-09-01,2023-09-01,1
IBD027896,"Auto Crash, Ondo",2023-09-01,2023-09-01,2
IBD027895,"Man Dies, Kwara",2023-09-01,2023-09-01,1
IBD027894,"Banditry, Kaduna",2023-09-01,2023-09-01,7
IBD027892,"Building Collapse, Enugu",2023-09-01,2023-09-01,4
IBD027897,"Police vs Suspected Kidnappers, Imo",2023-09-01,2023-09-01,2
IBD027899,"Auto Crash, FCT (Abuja)",2023-09-01,2023-09-01,1
IBD028124,"Inferno, Kano",2023-09-01,2023-09-07,6
IBD028716,"Motorcycle Riders, Niger",2023-09-01,2023-12-31,3
IBD027926,"Landslide, FCT (Abuja)",2023-09-01,2023-09-07,30
IBD027973,"Assailant vs Woman, Kaduna",2023-09-01,2023-09-01,1
IBD028117,"Man vs Relative, Imo",2023-09-01,2023-09-01,1
IBD027872,"Cult Killing, Edo",2023-08-31,2023-08-31,5
IBD027893,"Ritual Killing, Ogun",2023-08-31,2023-08-31,1
IBD027866,"Dog vs Baby, Osun",2023-08-31,2023-08-31,1
IBD027876,"Assailants vs Man, Anambra",2023-08-30,2023-08-30,1
IBD027882,"Baby in the Pit, Anambra",2023-08-30,2023-08-30,1
IBD027913,"Police vs Kidnappers, Rivers",2023-08-30,2023-08-30,2
IBD027908,"Flooding, Yobe",2023-08-30,2023-08-30,1
IBD027881,"Flood Disaster, Adamawa",2023-08-30,2023-08-30,2
IBD027873,"Cult Killing, Edo",2023-08-30,2023-08-30,5
IBD027880,"Flood Disaster, Adamawa",2023-08-30,2023-08-30,2
IBD027870,"Auto Crash, Lagos",2023-08-30,2023-09-30,1
IBD027878,"Friends, Ogun",2023-08-30,2023-08-30,1
IBD027879,"Flood Disaster, Adamawa",2023-08-30,2023-08-30,1
IBD027874,"Auto Crash, Niger",2023-08-30,2023-08-30,1
IBD027934,"Domestic Violence, Edo",2023-08-29,2023-08-29,1
IBD027869,"Man vs Father, Ogun",2023-08-29,2023-08-29,1
IBD027868,"Flood Disaster, Anambra",2023-08-29,2023-08-29,1
IBD027991,"Gunmen Attack, Kaduna",2023-08-29,2023-08-29,1
IBD028287,"Boko Haram vs Imam, Borno",2023-08-29,2023-08-29,1
IBD027979,"Domestic Violence, Adamawa",2023-08-29,2023-08-29,1
IBD027865,"Security Operatives vs Kidnapper, Kwara",2023-08-28,2023-08-28,1
IBD027861,"Masquerade Clash, Enugu",2023-08-28,2023-08-28,1
IBD027862,"Security Operatives vs Trader, Imo",2023-08-28,2023-08-28,1
IBD027860,"Church Members Drown, Ogun",2023-08-28,2023-08-28,2
IBD027859,"Building Collapse, Borno",2023-08-28,2023-08-28,7
IBD027877,"Food Poison, Kano",2023-08-28,2023-08-28,1
IBD027910,"Troops Kill kidnappers, Plateau",2023-08-28,2023-08-04,1
IBD027871,"Kidnappers vs Driver, Kogi",2023-08-28,2023-08-28,1
IBD027989,"Gunmen Attack, Kaduna",2023-08-28,2023-08-28,1
IBD027863,"Police vs Kidnappers, Ebonyi",2023-08-27,2023-08-27,1
IBD027856,"Auto Crash/Medical Negligence, Lagos",2023-08-27,2023-08-27,1
IBD027854,"Soldiers vs Man, Lagos",2023-08-26,2023-08-26,1
IBD027843,"Flood Disaster, Anambra",2023-08-26,2023-08-26,2
IBD027837,"Fulani Herdsmen Attack, Plateau",2023-08-26,2023-08-26,1
IBD027838,"Ritual Killing , Ogun",2023-08-26,2023-08-26,1
IBD027924,"Hunter, Bayelsa",2023-08-26,2023-08-26,1
IBD027841,"Gunmen vs Police, Rivers",2023-08-25,2023-08-25,1
IBD027857,"Gunmen vs Youths, Rivers",2023-08-25,2023-08-25,2
IBD027840,"Assailants vs Police, Delta",2023-08-25,2023-08-25,1
IBD027898,"Couple vs Co-wife, Borno",2023-08-25,2023-08-25,1
IBD027829,"Robbers vs Army, Edo",2023-08-24,2023-08-24,1
IBD027732,"Auto Crash, Ogun",2023-08-24,2023-08-24,1
IBD027830,"Boat Mishap, Nasarawa",2023-08-24,2023-08-24,12
IBD027828,"Building Collapse, FCT (Abuja)",2023-08-24,2023-08-24,2
IBD027839,"Auto Crash, Imo",2023-08-24,2023-08-24,1
IBD027842,"Negligence, Ondo",2023-08-24,2023-08-24,1
IBD027832,"Bandits vs Customs Officers, Kebbi",2023-08-24,2023-08-24,2
IBD027835,"Assailants vs Woman , Benue",2023-08-24,2023-08-24,1
IBD027928,"Man Kill Over Food, Lagos",2023-08-23,2023-08-23,1
IBD027858,"Man vs Creditor, Kebbi",2023-08-23,2023-08-23,1
IBD027831,"Boko Haram vs ISWAP, Borno",2023-08-23,2023-08-23,41
IBD027825,"Ritual Killing, Rivers",2023-08-23,2023-08-23,1
IBD027833,"Bandits vs Pastor, Kaduna",2023-08-23,2023-08-23,1
IBD027821,"Man Kill Son, Akwa Ibom",2023-08-22,2023-08-22,1
IBD028093,"Miners Killed, Plateau",2023-08-21,2023-08-21,33
IBD027818,"Babies, Benue",2023-08-21,2023-08-21,2
IBD027814,"Vigilante vs Kidnappers, Rivers",2023-08-21,2023-08-21,2
IBD027815,"Electrocution, Rivers",2023-08-21,2023-08-21,5
IBD027850,"Kidnappers vs Man, Osun",2023-08-21,2023-08-21,1
IBD027813,"Robbers Kill Man, Imo",2023-08-21,2023-08-21,1
IBD027826,"Man vs Lover, Edo",2023-08-21,2023-08-21,1
IBD027795,"Bandits vs Army, Zamfara",2023-08-21,2023-08-21,2
IBD027819,"Land Dispute, Benue",2023-08-21,2023-08-22,6
IBD027845,"Mob vs Armed Robber, Lagos",2023-08-20,2023-08-20,1
IBD027811,"Gunmen vs Livestock Guard Commander, Benue",2023-08-20,2023-08-20,1
IBD027812,"Robbers vs Retired Police Officer, Imo",2023-08-20,2023-08-20,2
IBD027824,"Soldiers vs IPOB/ESN, Imo",2023-08-20,2023-08-20,1
IBD027804,"Banditry, Katsina",2023-08-20,2023-08-20,1
IBD027864,"Mysterious Death, Enugu",2023-08-20,2023-08-27,6
IBD027823,"Police vs Kidnappers, Enugu",2023-08-20,2023-08-21,2
IBD028002,"Pregnancy Complication, FCT (Abuja)",2023-08-19,2023-08-19,2
IBD029826,"Gunmen Attack, Kaduna",2023-08-19,2023-08-19,1
IBD027867,"Ritual Killing, Bauchi",2023-08-19,2023-08-19,1
IBD027801,"Auto Crash, Osun",2023-08-19,2023-08-19,3
IBD027822,"Domestic Violence, Bauchi",2023-08-19,2023-08-19,1
IBD028457,"Auto Crash, Yobe",2023-08-19,2023-08-19,1
IBD027798,"Kidnap Suspect, Niger",2023-08-18,2023-08-18,1
IBD027806,"Banditry, Katsina",2023-08-18,2023-08-18,3
IBD027799,"Police Officer vs Tricycle Rider, Kogi",2023-08-18,2023-08-18,1
IBD027803,"Assailants vs Prison Official, Delta",2023-08-18,2023-08-18,1
IBD027808,"Flood Disaster, Cross River",2023-08-18,2023-08-18,1
IBD027805,"Banditry, Katsina",2023-08-18,2023-08-18,1
IBD027797,"NAF Jet Kills 1, Niger",2023-08-18,2023-08-18,1
IBD027802,"Soldiers vs Driver, Lagos",2023-08-17,2023-08-17,1
IBD027796,"Thunder Strike, Kwara",2023-08-17,2023-08-17,1
IBD027794,"Cult Killing, Delta",2023-08-16,2023-08-16,1
IBD027790,"Auto Crash, Ogun",2023-08-15,2023-08-15,3
IBD030875,"Medical Negligence, Lagos",2023-08-15,2023-08-15,1
IBD027786,"Gunmen Attack, Kaduna",2023-08-15,2023-08-15,1
IBD027787,"Oil Rig Collapse, Delta",2023-08-15,2023-08-15,1
IBD027781,"Auto Crash, Ogun",2023-08-15,2023-08-15,1
IBD027780,"Auto Crash, Ogun",2023-08-15,2023-08-15,1
IBD027791,"Auto Crash, Ogun",2023-08-15,2023-08-15,3
IBD027783,"Police vs Armed Robbers, Delta",2023-08-14,2023-08-14,3
IBD027774,"NAF Helicopter Crash, Niger",2023-08-14,2023-08-14,9
IBD027767,"Herdsmen Attack, Plateau",2023-08-14,2023-08-14,2
IBD027777,"Bandit Attack, Zamfara",2023-08-14,2023-08-14,1
IBD027793,"Domestic Violence, Lagos",2023-08-14,2023-08-14,1
IBD027785,"Army vs Armed Robbers, Kaduna",2023-08-14,2023-08-14,2
IBD027789,"Gunmen vs Pastor's Wife, Edo",2023-08-14,2023-08-14,1
IBD027784,"Vigilante Clash, Kogi",2023-08-14,2023-08-14,1
IBD027766,"Auto Crash, Akwa Ibom",2023-08-13,2023-08-13,2
IBD027779,"Gunmen Attack, Benue",2023-08-13,2023-08-13,2
IBD027772,"Banditry vs Soldiers, Niger",2023-08-13,2023-08-14,58
IBD027775,"Suspected Cultist Kills 6, Ogun",2023-08-13,2023-08-13,6
IBD027745,"Boko Haram Kill Farmer, Borno",2023-08-13,2023-08-13,1
IBD027816,"Sex Romp, Abia",2023-08-12,2023-08-12,1
IBD027762,"Tank Collapse, Edo",2023-08-12,2023-08-12,1
IBD027778,"Gunmen Attack, Bayelsa",2023-08-12,2023-08-12,1
IBD027769,"Ritual Killing, Ondo",2023-08-12,2023-08-12,1
IBD027764,"Auto Crash, Anambra",2023-08-12,2023-08-12,5
IBD027761,"Hoodlums vs man, Adamawa",2023-08-12,2023-08-12,1
IBD027792,"Man vs Wife, Edo",2023-08-12,2023-08-12,1
IBD027771,"Ritual Killing, Oyo",2023-08-11,2023-08-11,1
IBD029522,"Motorcyclist vs Policeman, Lagos",2023-08-11,2023-08-11,1
IBD027750,"Army vs Bandits , Kaduna",2023-08-11,2023-08-11,3
IBD027758,"Communal Clash, Enugu",2023-08-11,2023-08-11,4
IBD027763,"Flood Disaster, Lagos",2023-08-11,2023-08-11,3
IBD027744,"Mosque Collapse, Kaduna",2023-08-11,2023-08-11,10
IBD027834,"Monarch Kills 2, Akwa Ibom",2023-08-11,2023-08-11,2
IBD027755,"Fulani herdsmen Attacks, Plateau",2023-08-11,2023-08-11,2
IBD027807,"Banditry, Niger",2023-08-11,2023-08-11,2
IBD027752,"Kidnappers Kill 2, Enugu",2023-08-11,2023-08-11,2
IBD027749,"Osun Osogbo Festival, Osun",2023-08-11,2023-08-11,3
IBD027746,"Gunmen Kill 5, Benue",2023-08-11,2023-08-11,5
IBD027968,"Ritual Killing, Bauchi",2023-08-10,2023-08-10,2
IBD027735,"Fulani Attack, Plateau",2023-08-10,2023-08-10,21
IBD027765,"Gunmen/Kidnappers, FCT (Abuja)",2023-08-10,2023-08-10,1
IBD027751,"Police vs IPOB/ESN, Enugu",2023-08-10,2023-08-10,3
IBD027884,"Man vs Lover, Lagos",2023-08-10,2023-08-10,1
IBD027754,"Kidnappers Kill Bricklayer, Jigawa",2023-08-09,2023-08-09,1
IBD027737,"Taskforce vs Drivers, Anambra",2023-08-09,2023-08-09,2
IBD027726,"Kidnappers vs Hunter, Edo",2023-08-09,2023-08-09,1
IBD027768,"Army vs Boko Haram, Borno",2023-08-09,2023-08-09,2
IBD027788,"Boko Haram vs ISWAP, Borno",2023-08-09,2023-08-16,100
IBD027722,"Auto Crash, Lagos",2023-08-09,2023-08-09,2
IBD027753,"Boy Killed, Jigawa",2023-08-09,2023-08-09,1
IBD027728,"Auto Crash, Ogun",2023-08-09,2023-08-09,1
IBD027759,"Hoodlums vs Islamic Scholar, Gombe",2023-08-09,2023-08-09,1
IBD027729,"Mob vs Armed Robber, Akwa Ibom",2023-08-09,2023-08-09,2
IBD028338,"Phone Snatchers vs Man, Gombe",2023-08-09,2023-08-09,1
IBD028337,"Phone Snatcher vs Woman, Gombe",2023-08-09,2023-08-09,1
IBD027757,"Kidnappers Kill Man, FCT (Abuja)",2023-08-08,2023-08-08,1
IBD027731,"Domestic Violence, Adamawa",2023-08-08,2023-08-08,1
IBD027725,"Auto Crash, Imo",2023-08-08,2023-08-08,5
IBD027714,"Auto Crash, FCT (Abuja)",2023-08-08,2023-08-08,1
IBD027727,"Bandits Kill 3, Taraba",2023-08-08,2023-08-08,3
IBD027718,"Kidnappers, Osun",2023-08-08,2023-08-08,2
IBD027747,"Gunmen vs Soldiers, Rivers",2023-08-08,2023-08-08,2
IBD027730,"Banditry, Katsina",2023-08-08,2023-08-08,1
IBD027760,"Gunmen Kill Market Leader, Benue",2023-08-08,2023-08-08,1
IBD027703,"Gunmen Attack, Plateau",2023-08-07,2023-08-07,4
IBD027704,"Extrajudicial Killing, Plateau",2023-08-07,2023-08-07,1
IBD027705,"Boat Mishap, Kebbi",2023-08-07,2023-08-07,8
IBD027739,"Auto Crash, Lagos",2023-08-07,2023-08-07,2
IBD027734,"Bandits vs Groom, Niger",2023-08-07,2023-08-07,1
IBD027740,"Found Dead, Rivers",2023-08-07,2023-08-07,1
IBD027717,"Mob vs Thief, Delta",2023-08-07,2023-08-07,1
IBD027715,"Motorcycle Rider vs Man, Kwara",2023-08-07,2023-08-07,1
IBD027721,"Army vs Bandits, Kaduna",2023-08-07,2023-08-07,3
IBD027708,"Auto Crash, Edo",2023-08-06,2023-08-06,2
IBD027719,"Native Doctor Kills Servant, Imo",2023-08-06,2023-08-06,1
IBD027724,"Police vs Kidnappers, Bauchi",2023-08-06,2023-08-06,1
IBD027756,"Man vs Brother's Son, Ogun",2023-08-06,2023-08-06,2
IBD027709,"Villager vs Bandits' Leader, Kaduna",2023-08-06,2023-08-06,4
IBD027691,"Coach vs Ex-lover, Ondo",2023-08-06,2023-08-06,1
IBD027710,"Army vs Terrorists, Sokoto",2023-08-06,2023-08-06,1
IBD027711,"Army vs Terrorists, Katsina",2023-08-06,2023-08-06,3
IBD027720,"Soldiers vs Bandits, Zamfara",2023-08-06,2023-08-06,10
IBD027748,"Domestic Violence, Ogun",2023-08-06,2023-08-06,1
IBD027900,"Medical Negligence, Lagos",2023-08-06,2023-08-28,2
IBD027689,"Lady Dies Inside Well, Kwara",2023-08-05,2023-08-05,1
IBD027742,"Cultists Kill Man, Delta",2023-08-05,2023-08-05,1
IBD027695,"Mining Site Collapse, Bauchi",2023-08-05,2023-08-05,4
IBD027688,"Police Kill Man, Rivers",2023-08-05,2023-08-05,1
IBD027693,"Senators Aide Killed, Lagos",2023-08-05,2023-08-05,1
IBD027692,"Ritual Killing, Ondo",2023-08-05,2023-08-05,1
IBD027697,"Auto Crash, Ekiti",2023-08-05,2023-08-05,1
IBD027741,"Motorcycle Thief, FCT (Abuja)",2023-08-05,2023-08-05,1
IBD027733,"Task Force vs Student, Adamawa",2023-08-05,2023-08-05,1
IBD027716,"Army vs Terrorists, Borno",2023-08-04,2023-08-05,11
IBD027694,"Police vs Bandits, Zamfara",2023-08-04,2023-08-04,1
IBD027679,"Truck Driver, Enugu",2023-08-03,2023-08-03,1
IBD027883,"Armed Robbers vs Police, Lagos",2023-08-03,2023-08-03,1
IBD027699,"Charm Testing, Ondo",2023-08-03,2023-08-03,1
IBD027683,"Police vs Robber, Akwa Ibom",2023-08-02,2023-08-02,1
IBD027738,"Bandits Kill 2, Niger",2023-08-02,2023-08-09,2
IBD027682,"Boat Mishap, Kebbi",2023-08-02,2023-08-02,9
IBD027809,"Rape to Death, Katsina",2023-08-02,2023-08-02,1
IBD027676,"Building Collapse, Ondo",2023-08-02,2023-08-02,1
IBD027687,"Gunmen vs District Head, Plateau",2023-08-02,2023-08-02,1
IBD027681,"Mob vs Man, Edo",2023-08-02,2023-08-02,1
IBD027696,"Bandits Attack, Kaduna",2023-08-02,2023-08-02,1
IBD027636,"Cult Killing, Anambra",2023-08-02,2023-08-02,1
IBD027675,"Gunmen Kill 3, Plateau",2023-08-02,2023-08-02,3
IBD027712,"Police vs Kidnappers, Bauchi",2023-08-02,2023-08-02,1
IBD027698,"Soldier vs Captain, Adamawa",2023-08-01,2023-08-01,1
IBD027672,"Elevator Accident, Lagos",2023-08-01,2023-08-01,1
IBD027677,"Ritual Killing, Ekiti",2023-08-01,2023-08-01,1
IBD027662,"Rape Victim, Taraba",2023-08-01,2023-08-01,1
IBD027678,"Communal Clash, Benue",2023-08-01,2023-08-01,1
IBD027674,"Gunmen Kill 2, Niger",2023-08-01,2023-08-01,2
IBD027671,"Army vs Bandits, Katsina",2023-08-01,2023-08-01,2
IBD027680,"Cult Killing, Lagos",2023-08-01,2023-07-01,1
IBD027663,"Bandits Attack, Zamfara",2023-07-31,2023-07-31,3
IBD027706,"Cultists vs Man, Cross River",2023-07-31,2023-08-06,2
IBD027669,"Land Dispute Claims 1, Edo",2023-07-31,2023-07-31,1
IBD027713,"Explosion, Rivers",2023-07-31,2023-07-31,18
IBD027668,"Cult Killing, Edo",2023-07-31,2023-07-31,1
IBD027654,"Boko Haram vs Farmers, Borno",2023-07-31,2023-07-31,11
IBD027657,"Auto Crash, Jigawa",2023-07-31,2023-07-31,4
IBD027658,"Auto Crash, Kaduna",2023-07-31,2023-07-31,3
IBD027673,"Gunmen vs Farm Manager, Kwara",2023-07-31,2023-07-31,1
IBD027659,"Bandits Kill 3, Plateau",2023-07-30,2023-07-30,3
IBD027686,"Soldiers vs Boko Haram, Borno",2023-07-30,2023-07-30,1
IBD027651,"Warehouse Looting, Adamawa",2023-07-30,2023-07-30,3
IBD027656,"Auto Crash, Ondo",2023-07-30,2023-07-30,2
IBD027660,"Robbers vs Tricycle Rider, Yobe",2023-07-30,2023-07-30,1
IBD027653,"Decomposing Corpse, Ogun",2023-07-30,2023-07-30,1
IBD027648,"Police vs Kidnap Suspect, Imo",2023-07-29,2023-07-29,1
IBD027649,"Assailants vs Woman, Lagos",2023-07-29,2023-07-29,1
IBD027664,"Police vs Tea Vendor, Kaduna",2023-07-29,2023-07-29,1
IBD027650,"Police vs Kidnapper, Delta",2023-07-29,2023-07-29,1
IBD027743,"Cultists Kill Man, Delta",2023-07-28,2023-07-28,1
IBD027644,"NAF vs ISWAP, Borno",2023-07-28,2023-07-28,40
IBD027550,"Assailants vs Woman, Osun",2023-07-28,2023-07-28,1
IBD027645,"Flood Disaster, Gombe",2023-07-28,2023-07-28,1
IBD027670,"NAF vs Terrorists, Zamfara",2023-07-28,2023-07-29,15
IBD027652,"Bandits vs Immigration Officers, Sokoto",2023-07-28,2023-07-28,2
IBD027646,"Cultist vs Man, Delta",2023-07-28,2023-07-28,2
IBD027655,"Kidnappers Kill 2, Plateau",2023-07-27,2023-07-27,2
IBD027685,"Soldiers vs Boko Haram, Borno",2023-07-27,2023-07-27,2
IBD027642,"Gunmen Behead Man, Delta",2023-07-27,2023-07-27,1
IBD027641,"Bandits Kill Muslim Leader, Kaduna",2023-07-27,2023-07-27,5
IBD027640,"Security Operatives Kill Two, Lagos",2023-07-26,2023-07-26,2
IBD027626,"Teenager Drowns, Delta",2023-07-26,2023-07-26,1
IBD027619,"Assailants vs Policeman, Borno",2023-07-26,2023-07-26,1
IBD027637,"Police vs Cultst, Rivers",2023-07-26,2023-07-26,1
IBD027639,"Army vs Bandits, Plateau",2023-07-26,2023-07-26,10
IBD027647,"Electrocution, Imo",2023-07-26,2023-07-26,1
IBD027638,"Dog vs Man, Kwara",2023-07-26,2023-07-26,1
IBD027625,"Security Operatives vs Protesters, Enugu",2023-07-26,2023-07-26,2
IBD027628,"ISWAP vs Herders, Borno",2023-07-25,2023-07-25,25
IBD027602,"Man vs Father, Plateau",2023-07-25,2023-07-25,1
IBD027629,"Bandits vs Soldiers, Zamfara",2023-07-25,2023-07-25,30
IBD027617,"Auto Crash, Cross River",2023-07-25,2023-07-25,1
IBD027618,"Auto Crash, Ogun",2023-07-25,2023-07-25,1
IBD027631,"NAF vs Bandits, Zamfara",2023-07-25,2023-07-25,20
IBD027630,"Gunmen vs Policemen, Abia",2023-07-25,2023-07-25,2
IBD027632,"Gunmen Attack, Bauchi",2023-07-25,2023-07-25,7
IBD027635,"Corpse Found, Edo",2023-07-25,2023-07-25,1
IBD027723,"Assailants vs Policeman, Bauchi",2023-07-25,2023-07-25,1
IBD027624,"Cult Killing, Anambra",2023-07-25,2023-07-26,2
IBD027607,"Auto Crash, Delta",2023-07-24,2023-07-24,1
IBD027612,"Female Corpses, Abia",2023-07-24,2023-07-24,2
IBD027621,"Security Operatives, Delta",2023-07-24,2023-07-24,1
IBD027623,"Soldiers vs Bandits, Zamfara",2023-07-24,2023-07-24,7
IBD027620,"Police vs Kidnappers, Kogi",2023-07-24,2023-07-24,2
IBD027633,"Yahoo Boy vs Landlord, Delta",2023-07-24,2023-07-24,1
IBD027616,"Police vs Kidnappers, Bauchi",2023-07-23,2023-07-23,2
IBD027604,"Communal Clash, Delta",2023-07-23,2023-07-23,2
IBD027610,"Bandits vs Vigilante, Nasarawa",2023-07-23,2023-07-23,2
IBD027606,"Cultists vs Police Inspector, Lagos",2023-07-23,2023-07-23,1
IBD027595,"Gunmen vs Policemen, Delta",2023-07-23,2023-07-23,2
IBD027622,"Auto Crash, Jigawa",2023-07-23,2023-07-23,8
IBD027603,"Auto Crash, Cross River",2023-07-23,2023-07-23,5
IBD027615,"Farmers vs Herders, Kogi",2023-07-23,2023-07-23,20
IBD027611,"Kidnappers Kill 2, Anambra",2023-07-23,2023-07-23,13
IBD027707,"Ritual Killing, Oyo",2023-07-23,2023-07-23,1
IBD027596,"Auto Crash, Ondo",2023-07-23,2023-07-23,1
IBD027614,"Police vs Kidnappers, Rivers",2023-07-22,2023-07-22,5
IBD027684,"Robber Kills Motorcyclist, Akwa Ibom",2023-07-22,2023-07-22,1
IBD027588,"Fence Collapsed, Lagos",2023-07-22,2023-07-22,2
IBD027597,"Auto Crash, Niger",2023-07-22,2023-07-22,2
IBD027605,"Mob vs Robber, Delta",2023-07-22,2023-07-22,1
IBD027666,"Assailants vs Man, Osun",2023-07-22,2023-07-22,1
IBD027586,"Auto Crash, Delta",2023-07-22,2023-07-22,1
IBD027601,"Tanker Fire, Ondo",2023-07-22,2023-07-22,15
IBD027599,"Gunmen vs Man, Katsina",2023-07-22,2023-07-22,1
IBD027667,"Man vs Police, Ondo",2023-07-22,2023-07-22,1
IBD027598,"Gunmen vs Pilgrims, Plateau",2023-07-22,2023-07-22,9
IBD027820,"Woman vs Neighbour, Kano",2023-07-21,2023-07-21,1
IBD027591,"Army vs Bandits, Zamfara",2023-07-21,2023-07-21,4
IBD027590,"Two Killed, Taraba",2023-07-21,2023-07-21,2
IBD027585,"Mentally Man vs Man, Ogun",2023-07-21,2023-07-21,2
IBD027608,"Banditry, Taraba",2023-07-21,2023-07-21,2
IBD027773,"IPOB/ESN vs Vigilante, Enugu",2023-07-21,2023-07-21,2
IBD027582,"NAF vs Terrorists, Borno",2023-07-20,2023-07-20,8
IBD027575,"Gunmen vs Teacher, Plateau",2023-07-20,2023-07-20,1
IBD027600,"Gunmen vs Herder, FCT (Abuja)",2023-07-20,2023-07-20,1
IBD027592,"Poisonous Drink, Ogun",2023-07-20,2023-07-20,2
IBD027581,"Auto Crash, Kogi",2023-07-20,2023-07-20,1
IBD027571,"Generator Fumes, Anambra",2023-07-20,2023-07-20,1
IBD027579,"Gunmen vs Vigilante, Imo",2023-07-20,2023-07-20,1
IBD027810,"Domestic Violence, Abia",2023-07-19,2023-07-19,1
IBD027574,"NAF vs Bandits, Katsina 1",2023-07-19,2023-07-19,11
IBD027578,"Bolt Driver, FCT (Abuja)",2023-07-19,2023-07-19,1
IBD027583,"NAF vs Bandits, Katsina 2",2023-07-19,2023-07-19,11
IBD027567,"Mysterious Death, Oyo",2023-07-19,2023-07-19,2
IBD027587,"Mob Lynch Suspected Thief, Delta",2023-07-19,2023-07-19,1
IBD027569,"Domestic Violence, Cross River",2023-07-18,2023-07-18,1
IBD027572,"Mob vs Tricycle Thief, Akwa Ibom",2023-07-18,2023-07-18,1
IBD027568,"Armed Robbers, Imo",2023-07-18,2023-07-18,3
IBD027570,"Gunmen Attack, Plateau",2023-07-18,2023-07-18,3
IBD027589,"Poisonous Drink, Ogun",2023-07-18,2023-07-18,6
IBD027562,"Security Operatives vs Gunmen, Delta",2023-07-17,2023-07-17,2
IBD027565,"Youth Dies in Police Custody, Anambra",2023-07-17,2023-07-17,2
IBD027547,"Gunmen Kill Traditional Ruler, Imo",2023-07-17,2023-07-17,1
IBD027558,"Gunmen Kill 6, Benue",2023-07-16,2023-07-16,6
IBD027545,"Auto Crash, Lagos",2023-07-16,2023-07-16,4
IBD027609,"Corps Found, Benue",2023-07-16,2023-07-18,1
IBD027557,"Man vs Mother, Ogun",2023-07-16,2023-07-16,1
IBD027580,"Army vs Boko Haram, Borno",2023-07-16,2023-07-16,6
IBD027564,"Gunmen vs Traditional Ruler, Imo",2023-07-16,2023-07-16,1
IBD027584,"Army vs Bandits, Niger",2023-07-16,2023-07-16,9
IBD027549,"Gunmen Kill Councillor, Enugu",2023-07-16,2023-07-16,1
IBD027573,"Hotel Guest, Anambra",2023-07-15,2023-07-15,1
IBD028386,"Auto Crash, Lagos",2023-07-15,2023-07-15,1
IBD027553,"Air Force vs ISWAP, Borno",2023-07-15,2023-07-16,12
IBD031999,"Boxer Dies, Lagos",2023-07-15,2023-07-15,1
IBD027593,"Land Dispute, Lagos",2023-07-15,2023-07-15,1
IBD027544,"Auto Crash, Lagos",2023-07-15,2023-07-15,1
IBD027555,"Houseboy vs Boss, Anambra",2023-07-15,2023-07-15,1
IBD027552,"Street Fight, Lagos",2023-07-14,2023-07-14,3
IBD027563,"Electrocution, Lagos",2023-07-14,2023-07-14,1
IBD027551,"Assailant vs Peacemaker, Lagos",2023-07-14,2023-07-14,1
IBD027554,"Auto Crash, Kebbi",2023-07-13,2023-07-13,1
IBD027534,"Kidnappers vs Businessman, Imo",2023-07-13,2023-07-13,1
IBD027561,"Domestic Violence/Ritual, Lagos",2023-07-13,2023-07-13,1
IBD027542,"Woman Drowns, Kwara",2023-07-13,2023-07-13,1
IBD027541,"Auto Crash, Kwara",2023-07-13,2023-07-13,10
IBD027559,"Hoodlums vs Woman, Abia",2023-07-13,2023-07-13,1
IBD027536,"NDLEA vs Boy, Delta",2023-07-13,2023-07-13,1
IBD027526,"Police vs Kidnappers, Anambra",2023-07-12,2023-07-12,2
IBD027530,"Lightening, Benue",2023-07-12,2023-07-12,3
IBD027540,"Domestic Violence, Abia",2023-07-12,2023-07-12,1
IBD027531,"Cultist vs Policeman, Delta",2023-07-12,2023-07-12,1
IBD027525,"Army vs Bandits, Plateau",2023-07-11,2023-07-11,3
IBD027529,"Police vs Gunmen, Ogun",2023-07-11,2023-07-11,2
IBD027532,"Businessman, Bauchi",2023-07-11,2023-07-11,1
IBD027520,"Auto Crash, Enugu",2023-07-11,2023-07-11,6
IBD027690,"Soldiers vs Bandits, Kaduna",2023-07-11,2023-07-11,2
IBD027518,"Police vs IPOB/ESN, Ebonyi",2023-07-10,2023-07-11,2
IBD027524,"Thunderstorm, Kwara",2023-07-10,2023-07-10,3
IBD027521,"Bandits vs Policemen, Zamfara",2023-07-10,2023-07-10,4
IBD027512,"Cult Clash, Edo",2023-07-10,2023-07-10,3
IBD027522,"Drown, FCT (Abuja)",2023-07-10,2023-07-10,1
IBD027947,"Lady Murdered, Lagos",2023-07-10,2023-07-10,1
IBD027560,"OPC Kills Man, Lagos",2023-07-10,2023-07-10,1
IBD028121,"Banditry, Kaduna",2023-07-09,2023-07-09,5
IBD027523,"Mob vs Man, Bayelsa",2023-07-09,2023-07-09,1
IBD027519,"Drug Addict vs Cleric, Lagos",2023-07-09,2023-07-09,1
IBD027515,"Gunmen vs Farmer, Nasarawa",2023-07-09,2023-07-09,1
IBD027506,"Auto Crash, Lagos",2023-07-09,2023-07-09,16
IBD027514,"Youths vs Phone Thief, Delta",2023-07-09,2023-07-09,1
IBD027508,"Cults vs Man, Edo",2023-07-09,2023-07-09,1
IBD027510,"Gunmen Attack, Plateau",2023-07-09,2023-07-09,8
IBD027503,"Electrocution, Delta",2023-07-08,2023-07-08,1
IBD027502,"Auto Crash, FCT (Abuja)",2023-07-08,2023-07-08,4
IBD027516,"Decomposed Body, Benue",2023-07-08,2023-07-08,1
IBD027499,"IPOB/ESN Kill 2, Imo",2023-07-08,2023-07-08,2
IBD027528,"Electrocution, Lagos",2023-07-08,2023-07-08,1
IBD027513,"Decomposed Body, FCT (Abuja)",2023-07-08,2023-07-08,1
IBD027501,"Gunmen Kill 23, Benue",2023-07-08,2023-07-08,25
IBD027493,"Immigration Officer vs Protester, Ogun",2023-07-08,2023-07-08,1
IBD027504,"Gunmen Attack, Plateau",2023-07-08,2023-07-08,11
IBD028611,"Mysterious Death, Anambra",2023-07-08,2023-07-08,1
IBD027539,"Woman vs Baby, Adamawa",2023-07-08,2023-07-08,1
IBD030066,"Cult Clash, Kwara",2023-07-07,2023-07-07,1
IBD027497,"Soldiers vs Bandits, Zamfara",2023-07-07,2023-07-07,4
IBD027498,"Police vs IPOB/ESN, Enugu",2023-07-07,2023-07-07,4
IBD027505,"Inferno, Adamawa",2023-07-07,2023-07-08,3
IBD027507,"Bike Thief, FCT (Abuja)",2023-07-07,2023-07-07,1
IBD027509,"Cult Killing, Lagos",2023-07-07,2023-07-08,1
IBD027496,"Gunmen Attack, Plateau",2023-07-06,2023-07-06,5
IBD027492,"Police vs Cultists/Kidnappers, Rivers",2023-07-06,2023-07-06,6
IBD027535,"Alcohol Competition, Delta",2023-07-06,2023-07-06,1
IBD027479,"Pregnant Woman, Nasarawa",2023-07-05,2023-07-05,1
IBD027500,"Fulani Gunmen Attack, Plateau",2023-07-05,2023-07-05,4
IBD027491,"Native Doctor Kill Woman, Kwara",2023-07-05,2023-07-05,1
IBD027494,"Wife vs Husband, Bauchi",2023-07-05,2023-07-05,1
IBD027486,"ISWAP vs Boko Haram, Borno",2023-07-05,2023-07-05,40
IBD027483,"Cult Killing, Lagos",2023-07-05,2023-07-05,4
IBD027482,"Gunmen Attack, Plateau",2023-07-05,2023-07-05,2
IBD027478,"WAEC Student, Ondo",2023-07-05,2023-07-05,1
IBD027457,"Policeman, Kano",2023-07-04,2023-07-04,1
IBD027489,"Army vs Terrorists Commander, Borno",2023-07-04,2023-07-04,1
IBD027485,"Hoodlums Kill Man, Ogun",2023-07-04,2023-07-04,1
IBD027538,"Husband vs Wife, Plateau",2023-07-04,2023-07-05,1
IBD027517,"Wife vs Husband, Oyo",2023-07-04,2023-07-04,1
IBD027481,"Herders vs Farmer, Benue",2023-07-04,2023-07-04,1
IBD027470,"Mob vs Robbers, Anambra",2023-07-03,2023-07-03,2
IBD027467,"Gunmen vs Guard, Benue",2023-07-03,2023-07-03,1
IBD027477,"Flood Disaster, Katsina",2023-07-03,2023-07-03,2
IBD027469,"Gunmen Attack, Taraba",2023-07-02,2023-07-02,3
IBD027468,"Butcher, Oyo",2023-07-02,2023-07-02,1
IBD027471,"Thunderstorm, Kebbi",2023-07-02,2023-07-02,3
IBD027466,"Woman vs Policewoman, Anambra",2023-07-02,2023-07-02,3
IBD027458,"Security Operatives Kill Pastor, Ogun",2023-07-01,2023-07-01,2
IBD027462,"Gunmen Kill Vigilante, Kogi",2023-07-01,2023-07-01,1
IBD027460,"Gunmen Attack, Plateau",2023-07-01,2023-07-01,3
IBD027456,"Man Stabs Boy, Lagos",2023-07-01,2023-07-01,1
IBD027453,"Communal Clash, Taraba",2023-07-01,2023-07-01,36
IBD027480,"Kidnappers Kill Woman, delta",2023-07-01,2023-07-01,1
IBD027450,"Auto Crash, Anambra",2023-07-01,2023-07-01,10
IBD027594,"Husband vs Wife Lover, Adamawa",2023-06-30,2023-06-30,1
IBD027464,"Cult Attack, Anambra",2023-06-30,2023-07-01,17
IBD027448,"Gunmen Kill 1, Benue",2023-06-30,2023-06-30,1
IBD027463,"Boko Haram Attack, Borno",2023-06-30,2023-06-30,6
IBD027537,"Cult Clash, Anambra",2023-06-30,2023-06-30,2
IBD027444,"Auto Crash, Delta",2023-06-30,2023-06-30,2
IBD027465,"Police vs Kidnappers, Ebonyi",2023-06-30,2023-06-30,2
IBD027452,"Gunmen vs Motorcyclist, Osun",2023-06-30,2023-06-30,1
IBD027447,"Auto Crash, Ogun",2023-06-30,2023-06-30,3
IBD027451,"Auto Crash, Osun",2023-06-30,2023-06-30,1
IBD027435,"Customs Officers vs Man, Oyo",2023-06-29,2023-06-29,1
IBD027425,"Auto Crash, Edo",2023-06-29,2023-06-29,12
IBD027446,"Witchcraft, Cross River",2023-06-29,2023-06-29,2
IBD027439,"Mob vs Thieves, Nasarawa",2023-06-29,2023-06-29,2
IBD027461,"Student Drowns, Edo",2023-06-29,2023-06-29,1
IBD027459,"Soldiers vs Vigilante, Enugu",2023-06-29,2023-06-29,2
IBD027455,"Bandits Kill Woman, Niger",2023-06-28,2023-06-28,6
IBD027436,"Domestic Violence, Kebbi",2023-06-28,2023-06-28,1
IBD027441,"Domestic Violence/Sorcery, Delta",2023-06-28,2023-06-28,2
IBD027543,"Cult Killing, Lagos",2023-06-28,2023-06-28,1
IBD027495,"Cult Clash, Edo",2023-06-28,2023-06-28,4
IBD027472,"Gunmen vs Vigilantes, Zamfara",2023-06-28,2023-06-28,5
IBD027449,"Auto Crash, Osun",2023-06-28,2023-06-28,2
IBD027433,"Cultists vs Student, Akwa Ibom",2023-06-27,2023-06-27,1
IBD027474,"Domestic Violence, Borno",2023-06-27,2023-06-27,1
IBD027427,"Gunmen Attack, Plateau",2023-06-27,2023-06-27,2
IBD027437,"Police vs Terrorists, Katsina",2023-06-27,2023-06-27,2
IBD027438,"Student Drowns, Delta",2023-06-27,2023-06-27,1
IBD027533,"Rape Victim, Ogun",2023-06-27,2023-06-27,1
IBD027429,"Security Operatives vs Thug, Oyo",2023-06-27,2023-06-27,1
IBD027440,"Gunmen vs Villager, Bauchi",2023-06-26,2023-06-26,1
IBD027412,"Auto Crash, Oyo",2023-06-26,2023-06-26,1
IBD027423,"Thugs vs Naval Officer, Ondo",2023-06-26,2023-06-26,1
IBD027422,"Army vs ISWAP, Borno",2023-06-26,2023-06-26,40
IBD027428,"Boko Haram vs Farmers, Borno",2023-06-26,2023-06-26,7
IBD027421,"Gunmen Attack, Plateau",2023-06-26,2023-06-26,5
IBD027408,"Flood Incident, Edo",2023-06-26,2023-06-26,1
IBD027473,"Domestic Violence, Ekiti",2023-06-26,2023-06-26,3
IBD027413,"Auto Crash, Ogun",2023-06-26,2023-06-26,1
IBD029691,"Gas Explosion, Lagos",2023-06-25,2023-06-25,3
IBD027414,"Boat Mishap, Akwa Ibom",2023-06-25,2023-06-25,10
IBD027417,"Auto Crash, Kogi",2023-06-25,2023-06-25,2
IBD027426,"Banditry, Katsina",2023-06-25,2023-06-25,1
IBD027394,"Blasphemy, Sokoto",2023-06-25,2023-06-25,1
IBD027404,"Gunmen Kill 2, Imo",2023-06-25,2023-06-25,2
IBD027399,"Police vs Kidnapers, Abia",2023-06-25,2023-06-25,3
IBD027410,"Auto Crash, Oyo",2023-06-25,2023-06-25,6
IBD027393,"Auto Crash, Kogi",2023-06-25,2023-06-25,2
IBD027406,"Herdsmen vs Farmer, Benue",2023-06-25,2023-06-25,1
IBD027546,"Auto Crash, Ogun",2023-06-24,2023-06-24,1
IBD027402,"Assailants vs Naval Rating, Lagos",2023-06-24,2023-06-24,1
IBD027415,"Boat Mishap, Delta",2023-06-24,2023-06-24,10
IBD027419,"Auto Crash/Sorcery, Kwara",2023-06-24,2023-06-24,1
IBD027443,"Police vs Armed Robbers, Gombe",2023-06-24,2023-06-24,1
IBD027401,"Auto Crash, Ogun",2023-06-24,2023-06-24,1
IBD027416,"Herdsmen vs Farmer, Kogi",2023-06-24,2023-06-24,1
IBD027388,"Boat Mishap, Cross River",2023-06-24,2023-06-24,4
IBD027390,"Boat Mishap, Delta",2023-06-24,2023-06-24,6
IBD027397,"Cult Killing, Rivers",2023-06-23,2023-06-23,2
IBD027376,"Auto Crash, Lagos",2023-06-23,2023-06-23,1
IBD027396,"Police vs Kidnappers, Delta",2023-06-23,2023-06-23,1
IBD027385,"Gunmen vs Security Operative, Enugu",2023-06-23,2023-06-23,1
IBD027381,"Flood Disaster, FCT (Abuja)",2023-06-23,2023-06-23,1
IBD027391,"ISWAP vs Boko Haram, Borno",2023-06-23,2023-06-23,40
IBD027389,"Gunmen vs Miners, Plateau",2023-06-23,2023-06-23,3
IBD027387,"Hoodlums vs Chief, Kwara",2023-06-23,2023-06-23,1
IBD027392,"Twin Sisters vs Brother, Cross River",2023-06-23,2023-06-23,1
IBD027488,"Army vs Terrorists, Borno",2023-06-22,2023-06-22,5
IBD027379,"Boko Haram Attack, Borno",2023-06-22,2023-06-22,8
IBD027411,"Kidnappers vs Lawyer, Ondo",2023-06-22,2023-06-22,1
IBD027372,"Bandits vs Farmers, Kaduna",2023-06-22,2023-06-22,3
IBD027373,"Police vs Armed Robber, Kogi",2023-06-22,2023-06-22,1
IBD027382,"Police vs Armed Robbers, Delta",2023-06-22,2023-06-22,3
IBD027484,"Army vs Terrorists, Borno",2023-06-22,2023-06-26,27
IBD027409,"Army vs ISWAP, Borno",2023-06-22,2023-06-22,6
IBD027365,"Gunmen vs Forest Guard, Ondo",2023-06-21,2023-06-21,1
IBD027420,"Cultism, Lagos",2023-06-21,2023-06-21,1
IBD027556,"Domestic Violence, Delta",2023-06-21,2023-06-21,1
IBD027364,"Banditry, Plateau",2023-06-21,2023-06-21,14
IBD027377,"Domestic Violence, Edo",2023-06-21,2023-06-21,1
IBD027398,"Cult Killing, Ogun",2023-06-20,2023-06-23,1
IBD027363,"Mob vs Thief, Abia",2023-06-20,2023-06-20,1
IBD027366,"Banditry, Plateau",2023-06-20,2023-06-20,7
IBD027407,"Flood Disaster, Ondo",2023-06-20,2023-06-23,2
IBD027370,"Domestic Violence, Adamawa",2023-06-20,2023-06-20,1
IBD027367,"Company Negligence, FCT (Abuja)",2023-06-20,2023-06-20,1
IBD027418,"Cultism, Lagos",2023-06-20,2023-06-20,1
IBD027383,"Employer vs Hotel Worker, Rivers",2023-06-20,2023-06-20,1
IBD027362,"Vigilante vs Man, Rivers",2023-06-19,2023-06-19,1
IBD027356,"Vigilante vs Gunmen, Anambra",2023-06-19,2023-06-19,3
IBD027360,"Building Collapse, Niger",2023-06-19,2023-06-19,1
IBD027368,"Security Operatives vs Community, Plateau",2023-06-19,2023-06-19,1
IBD027361,"Inside The Well, Kwara",2023-06-19,2023-06-19,1
IBD027369,"Gunmen Attack, Plateau",2023-06-19,2023-06-19,3
IBD027357,"Gunmen Killing, Ebonyi",2023-06-18,2023-06-18,2
IBD027355,"Police vs Kidnapper, Delta",2023-06-18,2023-06-18,1
IBD027487,"Spiritual Deliverance, Lagos",2023-06-18,2023-06-18,2
IBD027359,"Cult Killing, Delta",2023-06-18,2023-06-18,4
IBD027354,"Bandits Kill 6, Plateau",2023-06-18,2023-06-18,6
IBD027346,"Communal Clash, Plateau",2023-06-18,2023-06-18,2
IBD027348,"Security Operatives vs Bandits, Katsina",2023-06-17,2023-06-17,5
IBD027340,"Auto Crash, Ogun",2023-06-17,2023-06-17,2
IBD027338,"Gunmen Kill 8, Plateau",2023-06-17,2023-06-18,13
IBD027335,"Auto Crash, Delta",2023-06-17,2023-06-17,3
IBD027352,"Gunmen Kill 10, Rivers",2023-06-17,2023-06-17,10
IBD027347,"Found Dead, Kwara",2023-06-17,2023-06-17,1
IBD027336,"Auto Crash, Oyo",2023-06-17,2023-06-17,5
IBD027343,"Bandits Kill 5, Kaduna",2023-06-17,2023-06-17,5
IBD027386,"Rape Victim, Ebonyi",2023-06-17,2023-06-17,1
IBD028158,"Security Man Kill Girlfriend, Lagos",2023-06-17,2023-06-17,1
IBD027341,"Auto Crash, Imo",2023-06-16,2023-06-16,6
IBD027344,"Gunmen vs Police, Imo",2023-06-16,2023-06-16,1
IBD027350,"Man vs Lover, Delta",2023-06-16,2023-06-16,1
IBD027339,"Boko Harm vs Farmers, Borno",2023-06-16,2023-06-16,9
IBD027351,"Army vs ISWAP, Borno",2023-06-16,2023-06-16,42
IBD027353,"Cultist vs Student, Taraba",2023-06-16,2023-06-16,1
IBD027333,"Assailants vs Student, Oyo",2023-06-16,2023-06-16,1
IBD027454,"Man vs Son, Akwa Ibom",2023-06-16,2023-06-16,1
IBD027329,"Police vs Kidnappers, Rivers",2023-06-16,2023-06-16,3
IBD027323,"Building Collapse, Kano",2023-06-16,2023-06-16,1
IBD027332,"Sex Romp, Rivers",2023-06-16,2023-06-16,1
IBD029707,"Ritual Killing, Ondo",2023-06-15,2023-06-15,1
IBD027334,"Boko Haram Attack, Borno",2023-06-15,2023-06-15,15
IBD027320,"Electrocution, Kogi",2023-06-15,2023-06-15,1
IBD027345,"Auto Crash, Enugu",2023-06-15,2023-06-15,3
IBD027358,"Medical Negligence, Delta",2023-06-15,2023-06-15,1
IBD027349,"Flooding, Lagos",2023-06-15,2023-06-15,8
IBD028435,"Flood Disaster, Gombe",2023-06-15,2023-06-15,2
IBD027325,"Police vs Bandits, Katsina",2023-06-14,2023-06-14,1
IBD027322,"Man Killed, Delta",2023-06-14,2023-06-14,1
IBD027319,"Kidnappers vs Man, Ondo",2023-06-14,2023-06-14,1
IBD027318,"Kidnappers vs Vigilantes, Kwara",2023-06-13,2023-06-13,1
IBD027331,"Communal Clash, Benue",2023-06-13,2023-06-13,14
IBD027317,"Thunder Strike, Niger",2023-06-13,2023-06-13,1
IBD027302,"Cultism, Lagos",2023-06-13,2023-06-13,1
IBD027342,"Sex Romp, Imo",2023-06-13,2023-06-13,1
IBD027316,"Kidnapper, Bauchi",2023-06-13,2023-06-13,1
IBD027314,"Police vs Robbers, Rivers",2023-06-13,2023-06-13,4
IBD027307,"Electrocution, Lagos",2023-06-12,2023-06-12,1
IBD027337,"Gunmen Kill Man, Ondo",2023-06-12,2023-06-12,1
IBD027312,"Communal Clash, Benue",2023-06-12,2023-06-12,1
IBD027300,"Auto Crash, Delta",2023-06-12,2023-06-12,3
IBD027310,"Boat Mishap, Kwara",2023-06-12,2023-06-12,104
IBD027296,"Police vs Kidnapper, Delta",2023-06-12,2023-06-12,1
IBD027305,"Bandit vs Doctor, Zamfara",2023-06-12,2023-06-12,1
IBD027293,"Auto Crash, Delta",2023-06-12,2023-06-12,4
IBD027295,"Witchcraft, Adamawa",2023-06-11,2023-06-11,2
IBD027291,"Auto Crash, kogi",2023-06-11,2023-06-11,6
IBD027311,"Man Drowns, Enugu",2023-06-11,2023-06-11,1
IBD027306,"Assailants vs School Teacher, Lagos",2023-06-11,2023-06-11,1
IBD027301,"Gunmen vs Herders, Plateau",2023-06-11,2023-06-11,2
IBD027309,"Gunmen Kill 1, Bauchi",2023-06-11,2023-06-11,1
IBD027303,"Herdsmen Attack, Plateau",2023-06-11,2023-06-11,20
IBD030087,"Gunmen Kill Man, Ebonyi",2023-06-11,2023-06-11,1
IBD027304,"Communal Clash, Benue",2023-06-11,2023-06-11,1
IBD027290,"Auto Crash, Ondo",2023-06-10,2023-06-10,6
IBD027378,"Found Dead, FCT (Abuja)",2023-06-10,2023-06-10,2
IBD027292,"Boat Mishap, Ondo",2023-06-10,2023-06-10,5
IBD027313,"Communal Clash, Benue",2023-06-09,2023-06-09,5
IBD027286,"Electrocution, Delta",2023-06-09,2023-06-09,1
IBD027299,"Army vs Boko Haram, Borno",2023-06-09,2023-06-11,100
IBD027281,"Corpse Found, Imo",2023-06-09,2023-06-09,1
IBD027285,"Army vs Bandits, Kaduna",2023-06-09,2023-06-09,6
IBD027287,"Bandits vs Farmers, Niger",2023-06-09,2023-06-10,34
IBD027297,"Gunmen Attack, Bauchi",2023-06-09,2023-06-09,1
IBD027289,"Land Grabbing, Ogun",2023-06-09,2023-06-09,3
IBD027324,"Army vs Bandits, Kaduna",2023-06-08,2023-06-08,3
IBD027321,"Army vs Bandits, Zamfara",2023-06-08,2023-06-15,3
IBD027326,"Man vs Relative, Enugu",2023-06-08,2023-06-08,1
IBD027384,"Corps Found, Rivers",2023-06-08,2023-06-08,1
IBD027371,"Teenager vs Friend, Ekiti",2023-06-08,2023-06-08,1
IBD027276,"Task Force vs Tricyclist, Rivers",2023-06-08,2023-06-08,1
IBD027283,"Auto Crash, Delta",2023-06-08,2023-06-08,1
IBD028308,"Domestic Violence, Enugu",2023-06-08,2023-06-08,1
IBD027273,"Domestic Violence, Kogi",2023-06-07,2023-06-07,1
IBD027315,"Man Killed, Yobe",2023-06-07,2023-06-07,1
IBD027277,"Kidnappers vs Priest, Edo",2023-06-07,2023-06-07,1
IBD027268,"Ritual Killing, Anambra",2023-06-07,2023-06-07,2
IBD027272,"Bandits vs Trader, Abia",2023-06-07,2023-06-07,1
IBD027278,"Police vs Cultists, Rivers",2023-06-07,2023-06-07,3
IBD027294,"Gunmen vs Businessman, Enugu",2023-06-07,2023-06-07,1
IBD027279,"Vigilante vs Man, Rivers",2023-06-07,2023-06-07,1
IBD027274,"Security Operatives vs Kidnapper, Ondo",2023-06-07,2023-06-07,1
IBD027267,"Auto Crash, Kano",2023-06-06,2023-06-06,1
IBD027270,"Building Collapse, Kano",2023-06-06,2023-06-06,1
IBD027275,"Flood Incident, Anambra",2023-06-06,2023-06-06,1
IBD027328,"Assailants vs Girl, Niger",2023-06-06,2023-06-06,1
IBD027256,"Land Dispute, Ebonyi",2023-06-06,2023-06-06,2
IBD027271,"Mob vs Motorcycle Thief, Benue",2023-06-06,2023-06-06,2
IBD027266,"Army vs Bandits, Zamafara",2023-06-06,2023-06-06,4
IBD027257,"Gunmen vs Professor, Oyo",2023-06-05,2023-06-05,1
IBD027248,"Soldiers Killed 1, Plateau",2023-06-05,2023-06-05,1
IBD027258,"Terrorists vs Vigilante, Katsina",2023-06-05,2023-06-05,1
IBD027261,"Auto Crash, Kogi",2023-06-05,2023-06-05,4
IBD027245,"Banditry, Sokoto",2023-06-05,2023-06-05,18
IBD027263,"Banditry, Niger",2023-06-05,2023-06-05,1
IBD027260,"Piracy, Rivers (Offshore)",2023-06-05,2023-06-05,1
IBD027243,"Army vs IPOB/ESN, Anambra",2023-06-04,2023-06-04,5
IBD027251,"Policemen vs Cultist, Rivers",2023-06-04,2023-06-04,3
IBD027247,"Bandits Kill 2, Kaduna",2023-06-04,2023-06-04,2
IBD027249,"Gunmen Attack, Plateau",2023-06-04,2023-06-04,14
IBD027255,"Communal Clash, Taraba",2023-06-04,2023-06-04,30
IBD027242,"Army vs IPOB/ESN, Imo",2023-06-04,2023-06-04,5
IBD027246,"Land Dispute, Osun",2023-06-04,2023-06-04,1
IBD027253,"Assailants vs Security Guard, Ekiti",2023-06-03,2023-06-03,1
IBD027308,"Kidnappers vs Chief, Nasarawa",2023-06-03,2023-06-03,1
IBD027254,"Domestic Issue, Kogi",2023-06-03,2023-06-03,1
IBD027231,"Gunmen Kill Over 25, Benue",2023-06-03,2023-06-03,30
IBD027252,"ISWAP vs Army, Borno",2023-06-03,2023-06-03,2
IBD027250,"Armed Robbers vs Student, Lagos",2023-06-03,2023-06-03,1
IBD027239,"Banditry, Sokoto",2023-06-03,2023-06-03,41
IBD027259,"Failed Abortion, Benue",2023-06-03,2023-06-03,1
IBD027237,"Auto Crash, Oyo",2023-06-03,2023-06-03,1
IBD027233,"Banditry, Zamfara",2023-06-03,2023-06-03,35
IBD027445,"Kidnappers vs Student, Enugu",2023-06-02,2023-06-02,1
IBD027241,"Auto Crash, Kwara",2023-06-02,2023-06-02,4
IBD027264,"Jail Escapee vs Man, Imo",2023-06-02,2023-06-02,2
IBD027238,"Auto Crash, Kano",2023-06-02,2023-06-02,18
IBD027235,"Labourer Dies, Lagos",2023-06-02,2023-06-02,1
IBD027232,"ISWAP Fighers Drown, Borno",2023-06-02,2023-06-03,82
IBD027244,"Cultism, Delta",2023-06-02,2023-06-02,1
IBD027400,"Gunmen vs Community, Imo",2023-06-02,2023-06-12,35
IBD027229,"Police vs Cultists, Rivers",2023-06-02,2023-06-02,5
IBD029160,"Auto Crash, Lagos",2023-06-01,2023-06-01,1
IBD029514,"Father Kill Son, Akwa Ibom",2023-06-01,2023-06-01,1
IBD027236,"Boy Drowns, Kano",2023-06-01,2023-06-01,1
IBD027475,"Fire Incidents, Kano",2023-06-01,2023-06-30,9
IBD027230,"Assailants vs Woman, Ondo",2023-06-01,2023-06-01,1
IBD027280,"Army vs ISWAP, Borno",2023-05-31,2023-06-04,11
IBD027222,"Police Kill Suspected Cultist, Rivers",2023-05-31,2023-05-31,1
IBD027219,"Cult Killing, Rivers",2023-05-31,2023-05-31,5
IBD027220,"Police vs Kidnappers, Delta",2023-05-31,2023-05-31,2
IBD027223,"Auto Crash, Bauchi",2023-05-31,2023-05-31,8
IBD027217,"Cultist Killing, Rivers",2023-05-31,2023-05-31,1
IBD027221,"Kidnappers Kill 2, Ogun",2023-05-31,2023-05-31,2
IBD027225,"Kidnap Victim, Kaduna",2023-05-30,2023-05-30,1
IBD027218,"Banditry, Kaduna",2023-05-30,2023-05-30,1
IBD027212,"Park Manager vs Police, Oyo",2023-05-30,2023-05-30,1
IBD027211,"Banditry, Zamfara",2023-05-30,2023-05-30,35
IBD027215,"Security Operative vs Protesters, Bayelsa",2023-05-30,2023-05-30,1
IBD027661,"Man vs Brother, Lagos",2023-05-29,2023-05-29,1
IBD027191,"Auto Crash, Ebonyi",2023-05-29,2023-05-29,4
IBD027203,"Student vs Host Community, Ogun",2023-05-29,2023-05-28,1
IBD027209,"Hoodlums vs Community, Rivers",2023-05-29,2023-05-29,5
IBD027214,"IPOB Sit-At-Home, Imo",2023-05-29,2023-05-29,1
IBD027188,"Gunmen Attack, Abia",2023-05-29,2023-05-29,1
IBD027226,"Vigilante Kills Man, Kano",2023-05-29,2023-05-29,1
IBD027216,"Thunder Strike, Katsina",2023-05-29,2023-05-29,1
IBD027224,"Police vs Bandits, Katsina",2023-05-29,2023-05-29,2
IBD027298,"Kidnappers vs Lovers, Delta",2023-05-29,2023-05-29,2
IBD027576,"Cult Killing, Anambra",2023-05-29,2023-05-29,5
IBD028076,"Motorcyclist, Delta",2023-05-29,2023-05-29,1
IBD027207,"Explosion , Nasarawa",2023-05-28,2023-05-28,2
IBD027192,"Oracle Custodian Killed, Ondo",2023-05-28,2023-05-28,1
IBD027202,"Auto Crash, Lagos",2023-05-28,2023-05-28,1
IBD027193,"Undergraduate, Enugu",2023-05-28,2023-05-28,1
IBD027432,"Vigilante vs Tricycle Rider, Anambra",2023-05-28,2023-05-28,1
IBD027197,"Woman Dies, Kogi",2023-05-28,2023-05-28,1
IBD027194,"Assailants vs Teenager, Lagos",2023-05-28,2023-05-28,1
IBD027195,"Police vs Boy, Lagos",2023-05-28,2023-05-28,1
IBD027199,"Boko Haram vs Troops, Borno",2023-05-28,2023-05-28,3
IBD027205,"Gunmen Kill Former DG, Kaduna",2023-05-27,2023-05-27,1
IBD027190,"Auto Crash, Ogun",2023-05-27,2023-05-27,4
IBD027204,"Auto Crash, Kogi",2023-05-27,2023-05-27,5
IBD027228,"Army vs ISWAP, Borno",2023-05-27,2023-06-03,26
IBD027198,"Army vs Bandits' Informant, Kaduna",2023-05-27,2023-05-27,1
IBD027269,"Woman vs Baby, Imo",2023-05-27,2023-05-27,1
IBD027187,"Gunmen vs Traditional Rulers, Imo",2023-05-26,2023-05-26,2
IBD027196,"Auto Crash, Kogi",2023-05-26,2023-05-26,3
IBD027208,"Hoodlums Attack, Kano",2023-05-26,2023-05-26,6
IBD027185,"Gunmen Attack, Kogi",2023-05-25,2023-05-25,40
IBD027186,"Auto Crash, Kogi",2023-05-25,2023-05-25,5
IBD027262,"Man vs Friend, Lagos",2023-05-25,2023-05-25,1
IBD027181,"Auto Crash, Ogun",2023-05-24,2023-05-24,2
IBD027179,"Auto Crash, Ogun",2023-05-24,2023-05-24,2
IBD027206,"Gunmen Kill 22 Farmers, Zamfara",2023-05-24,2023-05-24,22
IBD027189,"Hoodlums vs Medical Trainee, Ebonyi",2023-05-24,2023-05-24,1
IBD027184,"Gunmen vs Man, Abia",2023-05-24,2023-05-24,1
IBD027182,"Gunmen vs Pastor, Plateau",2023-05-24,2023-05-24,1
IBD027213,"Mob vs Man, Lagos",2023-05-24,2023-05-24,1
IBD027282,"Man vs Wife, Edo",2023-05-24,2023-05-24,1
IBD027183,"Gunmen Attack, Plateau",2023-05-24,2023-05-24,2
IBD027180,"Cult Clash, Delta",2023-05-23,2023-05-23,2
IBD027172,"Police vs Kidnappers, Benue",2023-05-23,2023-05-23,1
IBD027178,"Siblings Found Dead, Lagos",2023-05-23,2023-05-23,3
IBD027169,"Auto Crash, Ogun",2023-05-23,2023-05-23,2
IBD027175,"Policemen vs Gunmen, Ebonyi",2023-05-23,2023-05-23,5
IBD027201,"Cult Attack/Communal Clash, Cross River",2023-05-22,2023-05-22,8
IBD027170,"Gunmen vs Police, Ebonyi",2023-05-22,2023-05-22,1
IBD027171,"Building Demolition, Kaduna",2023-05-22,2023-05-22,1
IBD027176,"Auto Crash, Niger",2023-05-22,2023-05-22,6
IBD027168,"Hospital Negligence, Edo",2023-05-22,2023-05-22,1
IBD027159,"Gunmen Kill 2, Imo",2023-05-22,2023-05-22,2
IBD027155,"Gunmen Attack, Benue",2023-05-22,2023-05-22,17
IBD027156,"Cult Killing, Lagos",2023-05-22,2023-05-22,1
IBD027151,"Herdsmen vs Farmer, Plateau",2023-05-21,2023-05-21,1
IBD027144,"Communal Clash, Taraba",2023-05-21,2023-05-21,15
IBD027154,"Gunmen vs Vigilante, Delta",2023-05-21,2023-05-21,2
IBD027173,"Bandit Informants, Kaduna",2023-05-21,2023-05-21,7
IBD027265,"Herdsmen vs Marketers, Benue",2023-05-21,2023-05-21,18
IBD027149,"Auto Crash, Kogi",2023-05-21,2023-05-21,25
IBD027165,"Gunmen Attack, Plateau",2023-05-21,2023-05-21,4
IBD027800,"Man vs Lover, Abia",2023-05-21,2023-05-21,1
IBD027174,"Auto Crash, Nasarawa",2023-05-20,2023-05-20,1
IBD027143,"Auto Crash, Anambra",2023-05-20,2023-05-20,1
IBD027152,"Bandits Attack, Kaduna",2023-05-20,2023-05-20,9
IBD027161,"Kidnap Victim, Niger",2023-05-20,2023-05-20,1
IBD027162,"Gunmen Attack, Kwara",2023-05-20,2023-05-20,1
IBD027141,"Police vs Kidnappers, Rivers",2023-05-20,2023-05-20,2
IBD027157,"Gunmen Kill 1, Kwara",2023-05-20,2023-05-20,1
IBD027164,"Banditry, Kaduna",2023-05-20,2023-05-20,2
IBD027136,"Boy vs Parents, Jigawa",2023-05-20,2023-05-20,2
IBD027135,"Rape Victim, Ondo",2023-05-20,2023-05-20,1
IBD027146,"Gas Explosion, Sokoto",2023-05-20,2023-05-20,5
IBD027160,"Fulani Herdsmen Attack, Benue",2023-05-20,2023-05-20,6
IBD027288,"Hunter vs Kinsman, Ebonyi",2023-05-20,2023-05-20,1
IBD027147,"Electrocution, Lagos",2023-05-20,2023-05-20,2
IBD027140,"Gunmen vs Policemenm, Imo",2023-05-20,2023-05-20,2
IBD027138,"Auto Crash, Osun",2023-05-20,2023-05-20,12
IBD027145,"Man Dies, Kwara",2023-05-19,2023-05-19,1
IBD027142,"Gunmen vs Policeman, Delta",2023-05-19,2023-05-19,2
IBD027148,"Herder vs Farmer, FCT (Abuja)",2023-05-18,2023-05-18,1
IBD027133,"Gunmen vs Vigilante Groups, Anambra",2023-05-18,2023-05-18,7
IBD027158,"Troops Kill Bandit's Informant, Kaduna",2023-05-18,2023-05-18,1
IBD027177,"Girl Dead, Akwa Ibom",2023-05-18,2023-05-18,1
IBD027776,"Kidnap Victim, Benue",2023-05-18,2023-05-18,1
IBD027139,"Gunmen vs Brothers, Abia",2023-05-17,2023-05-17,2
IBD027125,"Auto Crash, Bauchi",2023-05-17,2023-05-17,7
IBD027240,"One Killed, Niger",2023-05-17,2023-05-17,1
IBD027167,"Attempted Rape Victim, Ondo, Ondo",2023-05-17,2023-05-17,1
IBD027124,"Auto Crash, Kwara",2023-05-16,2023-05-16,1
IBD027122,"Woman Found Dead, Kogi",2023-05-16,2023-05-16,1
IBD027121,"Auto Crash, Ogun",2023-05-16,2023-05-16,1
IBD027114,"Gunmen vs US Mission Officials, Anambra",2023-05-16,2023-05-16,7
IBD027137,"Gunmen vs Driver, Rivers",2023-05-16,2023-05-16,1
IBD027120,"Kidnappers Kill One, Kwara",2023-05-16,2023-05-16,1
IBD027111,"Gunmen Attack, Plateau",2023-05-16,2023-05-17,122
IBD027112,"Gunmen Attack, Benue",2023-05-16,2023-05-16,6
IBD027131,"Gunmen Attack, Nasarawa",2023-05-16,2023-05-16,4
IBD027118,"Domestic Violence/Ritual, Cross River",2023-05-15,2023-05-15,1
IBD027109,"Boko Haram Suicide Bomber, Kaduna",2023-05-15,2023-05-15,1
IBD027102,"ISWAP vs Army, Borno",2023-05-14,2023-05-14,3
IBD027119,"Woman vs Brother In-law, Lagos",2023-05-14,2023-05-14,1
IBD027103,"Amotekun vs Boy, Ondo",2023-05-14,2023-05-14,1
IBD027106,"Terrorists Attack, Zamfara",2023-05-14,2023-05-14,18
IBD027163,"Ritual Killing, Benue",2023-05-14,2023-05-14,1
IBD027126,"Assassination, Anambra",2023-05-14,2023-05-14,1
IBD027284,"Flooding, Lagos",2023-05-14,2023-05-14,1
IBD027327,"Robbers vs Man, Oyo",2023-05-14,2023-05-14,1
IBD027098,"Nollywood Actor, Lagos",2023-05-14,2023-05-14,1
IBD027099,"Auto Crash, Ondo",2023-05-13,2023-05-13,1
IBD027104,"Domestic Violence, Kogi",2023-05-13,2023-05-13,1
IBD027096,"Bank Officials vs Debtor, Ogun",2023-05-13,2023-05-13,1
IBD027097,"Herdsmen Attack, Nasarawa",2023-05-13,2023-05-13,39
IBD027101,"Drown, Akwa Ibom",2023-05-13,2023-05-13,1
IBD027113,"Gunmen Attack, Benue",2023-05-13,2023-05-13,5
IBD027110,"Man Dies, FCT (Abuja)",2023-05-13,2023-05-13,1
IBD027100,"Auto Crash, Bauchi",2023-05-13,2023-05-13,3
IBD027095,"Domestic Violence, Rivers",2023-05-13,2023-05-13,1
IBD027088,"Teenager vs Neighbour, FCT (Abuja)",2023-05-12,2023-05-12,1
IBD027090,"Communal Clash, Taraba",2023-05-12,2023-05-12,17
IBD027123,"Gunmen vs Police, Rivers",2023-05-12,2023-05-12,1
IBD027108,"Kidnappers vs Colleague, Kano",2023-05-12,2023-05-12,1
IBD027092,"Banditry, Niger",2023-05-12,2023-05-12,30
IBD027089,"Gunmen Kill Policeman, Rivers",2023-05-12,2023-05-12,2
IBD027086,"Fulani Herdsmen Attack, Kaduna",2023-05-12,2023-05-12,2
IBD027083,"Robbers vs Policeman, Oyo",2023-05-12,2023-05-12,2
IBD027087,"Communal Clash, Akwa Ibom",2023-05-12,2023-05-12,4
IBD027107,"Robbers vs Vigilante, Kwara",2023-05-12,2023-05-12,1
IBD027091,"Man vs Neighbour, Rivers",2023-05-12,2023-05-12,1
IBD027150,"Motorcyclist Killed, Osun",2023-05-12,2023-05-12,1
IBD027072,"Amotekun vs Traders, Ekiti",2023-05-11,2023-05-11,1
IBD027081,"ISWAP Attack, Borno",2023-05-11,2023-05-11,1
IBD027079,"Police vs Gunmen, Anambra",2023-05-11,2023-05-11,2
IBD027085,"Fulani Gunmen Kill 9, Kaduna",2023-05-11,2023-05-11,9
IBD027153,"Vigilantes vs Herders, Oyo",2023-05-11,2023-05-11,11
IBD027077,"Army vs ISWAP, Borno",2023-05-11,2023-05-11,43
IBD027130,"Army vs Bandits, Plateau",2023-05-11,2023-05-11,2
IBD027073,"One Found Dead, Lagos",2023-05-11,2023-05-11,1
IBD027084,"Auto Crash, Bauchi",2023-05-11,2023-05-11,8
IBD027527,"Organ Harvest, Imo",2023-05-10,2023-05-10,1
IBD027070,"Police vs IPOB, Anambra",2023-05-10,2023-05-10,5
IBD027080,"Hunters vs Bandit, Kebbi",2023-05-10,2023-05-10,10
IBD027078,"Bandits Kill Vigilant, Niger",2023-05-10,2023-05-10,1
IBD027076,"Bandits Attack, Zamfara",2023-05-10,2023-05-10,4
IBD027057,"Auto Crash, Anambra",2023-05-09,2023-05-09,1
IBD027063,"Cult Clash, Ondo",2023-05-09,2023-05-09,3
IBD027065,"Herdsmen Attack, Benue",2023-05-09,2023-05-09,6
IBD027074,"Guard vs Boss, Rivers",2023-05-09,2023-05-09,1
IBD027052,"Herdsmen Kill 3, Benue",2023-05-09,2023-05-09,3
IBD027055,"Fulani Militia, Kaduna",2023-05-09,2023-05-09,1
IBD027129,"Army vs Bandits, Zamfara",2023-05-09,2023-05-09,2
IBD027068,"Kidnappers vs Victim, Ondo",2023-05-09,2023-05-09,1
IBD027050,"Boat Mishap, Sokoto",2023-05-09,2023-05-09,15
IBD027071,"Gunmen vs APC Chieftain, Imo",2023-05-09,2023-05-09,1
IBD027053,"Mob vs Armed Robbers, Oyo",2023-05-09,2023-05-09,2
IBD027082,"Troops vs ISWAP, Borno",2023-05-09,2023-05-09,10
IBD027058,"Food Poisoning, Kano",2023-05-08,2023-05-08,7
IBD027048,"Drug Abuse, Bayelsa",2023-05-08,2023-05-08,1
IBD027067,"Gunmen Attack, Plateau",2023-05-08,2023-05-08,6
IBD027061,"Auto Crash, Niger",2023-05-08,2023-05-08,3
IBD027043,"Auto Crash, Ondo",2023-05-08,2023-05-08,1
IBD027060,"Domestic Violence/Ritual Killing, Lagos",2023-05-08,2023-05-08,1
IBD027062,"Gunmen Attack, Plateau",2023-05-08,2023-05-08,2
IBD027066,"Kidnappers vs Landlord, Ondo",2023-05-08,2023-05-08,1
IBD027059,"Communal Clash, Niger",2023-05-08,2023-05-08,1
IBD027034,"Auto Crash, Lagos",2023-05-07,2023-05-07,1
IBD027051,"Security Operatives vs Armed Robbers, Anambra",2023-05-07,2023-05-07,3
IBD027046,"Boat Capsized, Zamafara",2023-05-07,2023-05-07,8
IBD027047,"Cult Clash, Akwa Ibom",2023-05-07,2023-05-09,16
IBD027042,"Found Dead, Ondo",2023-05-07,2023-05-07,1
IBD027033,"Police vs Kidnappers, FCT (Abuja)",2023-05-07,2023-05-07,1
IBD027041,"Police vs Bandits, Kaduna",2023-05-07,2023-05-07,1
IBD027115,"EFCC Operative vs Colleagues, Sokoto",2023-05-07,2023-05-07,1
IBD027032,"Herdsmen Kill 1, Benue",2023-05-06,2023-05-06,1
IBD027026,"Boy kills Friend, Bayelsa",2023-05-06,2023-05-06,1
IBD027127,"Army vs Bandits, Zamfara",2023-05-06,2023-05-06,2
IBD027045,"Gunman vs Youth, Delta",2023-05-06,2023-05-06,1
IBD027037,"Gunmen Attack, Taraba",2023-05-06,2023-05-06,1
IBD027029,"Cult Crash, Rivers",2023-05-06,2023-05-06,3
IBD027035,"Auto Crash, Ogun",2023-05-06,2023-05-06,3
IBD027031,"Herdsmen Kill 5, Benue",2023-05-05,2023-05-05,6
IBD027049,"Auto Crash, Lagos",2023-05-05,2023-05-05,1
IBD027039,"Domestic Violence, Kano",2023-05-05,2023-05-05,1
IBD029825,"Gunmen Attack, Kaduna",2023-05-05,2023-05-05,1
IBD027038,"Gas Explosion, Delta",2023-05-05,2023-05-07,2
IBD027030,"Man vs Wife, Adamawa",2023-05-04,2023-05-04,1
IBD027056,"Police vs Bandits, Zamfara",2023-05-04,2023-05-04,3
IBD027006,"Gunmen vs Policemen, Anambra",2023-05-04,2023-05-04,3
IBD027000,"Gunmen Attack, Benue",2023-05-04,2023-05-04,10
IBD027021,"Police vs Assailants, Benue",2023-05-04,2023-05-04,1
IBD027014,"Mob vs Suspected Robbers, Oyo",2023-05-04,2023-05-04,2
IBD027023,"Domestic Violence, Kano",2023-05-04,2023-05-04,1
IBD027009,"Police vs Kidnappers, Delta",2023-05-04,2023-05-04,1
IBD027013,"Auto Crash, Anambra",2023-05-03,2023-05-03,1
IBD026998,"Communal Crisis, Delta",2023-05-03,2023-05-03,1
IBD026997,"Auto Crash, Kaduna",2023-05-03,2023-05-03,1
IBD027004,"Fulani Herdsmen Attack, Osun",2023-05-03,2023-05-03,3
IBD027040,"Police vs kidnapper, Benue",2023-05-03,2023-05-03,1
IBD026993,"Gunmen vs Youths, Plateau",2023-05-03,2023-05-03,3
IBD026994,"Residents vs Robbers, Anambra",2023-05-03,2023-05-03,1
IBD027002,"Domestic Violence, Kano",2023-05-03,2023-05-03,1
IBD027005,"Cult Attack, Rivers",2023-05-03,2023-05-03,1
IBD027024,"Cult Clash, Ogun",2023-05-02,2023-05-06,4
IBD027022,"Bandits vs Soldiers, Niger",2023-05-02,2023-05-02,24
IBD026995,"Gang Kills Policeman, Abia",2023-05-02,2023-05-02,1
IBD026991,"NSCDC Operatives vs Man, Niger",2023-05-02,2023-05-02,1
IBD027001,"Robbery Suspect, Bayelsa",2023-05-02,2023-05-02,1
IBD027028,"Auto Crash, Lagos",2023-05-02,2023-05-02,1
IBD026996,"Gunmen vs Vigilantes, Abia",2023-05-02,2023-05-02,3
IBD026980,"Auto Crash, Ekiti",2023-05-02,2023-05-02,4
IBD027012,"Vandal, Imo",2023-05-02,2023-05-02,1
IBD027027,"Domestic Violence, FCT (Abuja)",2023-05-02,2023-05-02,1
IBD027008,"Vigilantes vs Kidnappers, Taraba",2023-05-02,2023-05-02,4
IBD026989,"Kidnappers vs Driver, Nasarawa",2023-05-01,2023-05-01,1
IBD026981,"Auto Crash, Bauchi",2023-05-01,2023-05-01,1
IBD027011,"Man Drowns, Lagos",2023-05-01,2023-05-01,1
IBD027234,"Electrocution, Niger",2023-05-01,2023-05-01,1
IBD026990,"Gunmen Kill 2, Benue",2023-05-01,2023-05-01,2
IBD026985,"Bandits Attack, Kaduna",2023-05-01,2023-05-01,2
IBD026970,"Assailants vs Herders, Plateau",2023-04-30,2023-04-30,2
IBD026972,"Banditry, Zamfara",2023-04-30,2023-04-30,3
IBD026974,"Kidnappers Kill Man, Kogi",2023-04-30,2023-04-30,1
IBD026988,"Police vs Kidnappers, Adamawa",2023-04-30,2023-04-30,2
IBD026971,"Banditry, Kebbi",2023-04-30,2023-04-30,38
IBD026965,"Army vs Bandits, Zamfara",2023-04-30,2023-04-30,3
IBD026982,"Police vs Kidnapper, Delta",2023-04-30,2023-04-30,2
IBD027069,"Ritual Killing, Ogun",2023-04-30,2023-04-30,1
IBD026966,"Auto Crash, Kogi",2023-04-30,2023-04-30,2
IBD026969,"Auto Crash, Ogun",2023-04-30,2023-04-30,3
IBD026973,"Army vs Terrorists, Borno",2023-04-29,2023-04-29,47
IBD026967,"Banditry, Niger",2023-04-29,2023-04-30,20
IBD026979,"Assailant vs Man, Lagos",2023-04-29,2023-04-29,1
IBD026984,"OPC Members vs Women, Ondo",2023-04-29,2023-04-29,1
IBD026977,"Gunmen vs Army, Nasarawa",2023-04-29,2023-04-29,1
IBD026959,"Auto Crash, Osun",2023-04-28,2023-04-28,16
IBD026962,"Auto Crash, Bayelsa",2023-04-28,2023-04-28,5
IBD026963,"Man Found Dead, Oyo",2023-04-28,2023-04-28,1
IBD026983,"Gas Explosion, Lagos",2023-04-28,2023-04-28,2
IBD026961,"One Killed, Jigawa",2023-04-28,2023-04-28,1
IBD026960,"Banditry, Zamfara",2023-04-28,2023-04-28,2
IBD026956,"Police vs Kidnappers, Katsina",2023-04-28,2023-04-28,2
IBD026950,"Auto Crash, Bauchi",2023-04-27,2023-04-27,14
IBD026948,"Man Drowns, Kano",2023-04-27,2023-04-27,1
IBD026964,"Policeman Found Dead, Delta",2023-04-27,2023-04-27,1
IBD026951,"Cult Clash, Rivers",2023-04-27,2023-04-27,3
IBD026999,"Decomposed Corp, Kwara",2023-04-27,2023-04-27,2
IBD026947,"Auto Crash, Plateau",2023-04-27,2023-04-27,18
IBD027003,"Cultism, Osun",2023-04-27,2023-04-27,1
IBD026949,"Miners Die, Bauchi",2023-04-26,2023-04-26,2
IBD026976,"Gunmen vs Community Leader, Imo",2023-04-26,2023-04-26,1
IBD026955,"Cult Killing, Lagos",2023-04-26,2023-04-26,1
IBD026952,"Cult Clash, Ogun",2023-04-26,2023-04-26,2
IBD026953,"Auto Crash, Ondo",2023-04-26,2023-04-26,3
IBD026916,"Policeman vs Yahoo Boys, Oyo",2023-04-25,2023-04-25,1
IBD026934,"Poisoned Stream, Enugu",2023-04-25,2023-04-25,2
IBD026944,"Army vs Bandits, Zamfara",2023-04-25,2023-04-25,5
IBD026939,"Communal Clash, Nasarawa",2023-04-25,2023-04-25,3
IBD026941,"Assailants vs Miners, Plateau",2023-04-25,2023-04-25,6
IBD026933,"Gunmen Attack, Benue",2023-04-25,2023-04-25,15
IBD026946,"Auto Crash, Bauchi",2023-04-25,2023-04-25,1
IBD026912,"Auto Crash, Bauchi",2023-04-24,2023-04-24,5
IBD026945,"Auto Crash, Bauchi",2023-04-24,2023-04-24,1
IBD026940,"Undergraduate Drowns, Bayelsa",2023-04-24,2023-04-24,1
IBD026927,"Gunmen vs Soldier, Taraba",2023-04-24,2023-04-24,1
IBD026919,"NURTW Clash, Ondo",2023-04-24,2023-04-24,2
IBD026907,"Auto Crash, Lagos",2023-04-24,2023-04-24,1
IBD026924,"Cultists Kill Cyclist, Kwara",2023-04-24,2023-04-24,2
IBD027094,"Extrajudicial Killing, Ogun",2023-04-24,2023-04-24,2
IBD026936,"Auto Crash, Kebbi",2023-04-24,2023-04-24,4
IBD026930,"Extra-Judicial Killing, Kogi",2023-04-24,2023-04-24,1
IBD026908,"Youths Clash, Abuja (FCT)",2023-04-24,2023-04-24,3
IBD026917,"Bandits Kill 2, Plateau",2023-04-24,2023-04-24,3
IBD026911,"Gunmen Kill 5, Plateau",2023-04-23,2023-04-23,4
IBD026905,"Witchcraft, Benue",2023-04-23,2023-04-23,3
IBD026918,"Mob vs Motorcycle Thief, Abuja (FCT)",2023-04-23,2023-04-23,1
IBD026909,"Gunmen Kill 7, Plateau",2023-04-23,2023-04-23,5
IBD026923,"Herdsmen Attack, Ondo",2023-04-23,2023-04-23,1
IBD026893,"Auto Crash, Ogun",2023-04-23,2023-04-23,7
IBD026992,"Police Kill Gang Leader, Abia",2023-04-23,2023-04-23,1
IBD026931,"Police vs Kidnappers, Ebonyi",2023-04-23,2023-04-23,1
IBD026884,"Herdsmen Attack, Nasarawa",2023-04-23,2023-04-29,11
IBD026926,"Cult Killing, Rivers",2023-04-23,2023-04-23,1
IBD026914,"Auto Crash, Kaduna",2023-04-23,2023-04-23,3
IBD026906,"Boat Mishap, Kano",2023-04-22,2023-04-22,5
IBD026883,"Mob vs Cultist, Imo",2023-04-22,2023-04-22,2
IBD026942,"Assailants vs Governorship Candidate, Enugu",2023-04-22,2023-04-22,1
IBD026902,"Herdsmen Attack, Benue",2023-04-22,2023-04-22,4
IBD026935,"Youths Clash, Niger",2023-04-22,2023-04-22,1
IBD026913,"Man Dies Over Parking Space, Lagos",2023-04-22,2023-04-22,1
IBD026922,"ISWAP vs Army, Borno",2023-04-22,2023-04-22,1
IBD026894,"Army vs Terrorists, Zamfara",2023-04-22,2023-04-22,7
IBD026886,"Gunmen vs Policemen, Imo",2023-04-21,2023-04-21,7
IBD026910,"House Owner vs Man, Kogi",2023-04-21,2023-04-21,1
IBD026891,"Sallah Auto Crash, Kwara",2023-04-21,2023-04-21,1
IBD026943,"Land Dispute, Niger",2023-04-21,2023-04-21,8
IBD027015,"Army vs Terrorists, Kebbi",2023-04-21,2023-04-25,2
IBD027018,"Army vs Terrorists, Zamfara",2023-04-21,2023-04-25,2
IBD027025,"Cult Killing, Lagos",2023-04-21,2023-04-21,1
IBD026957,"Domestic Violence, Oyo",2023-04-21,2023-04-21,1
IBD027017,"Army vs Terrorists, Zamfara",2023-04-21,2023-04-25,2
IBD027044,"Boy vs Phone Dealer, Katsina",2023-04-21,2023-04-21,1
IBD027019,"Army vs Terrorists, Katsina",2023-04-21,2023-04-25,2
IBD027016,"Army vs Terrorists, Zamfara",2023-04-21,2023-04-25,2
IBD027132,"Boy vs Neighbour, Ondo",2023-04-20,2023-04-20,1
IBD026904,"Army vs Terrorists, Borno",2023-04-20,2023-04-20,7
IBD026825,"Rainstorm, Delta",2023-04-20,2023-04-20,6
IBD027134,"Boy vs Colleague, Anambra",2023-04-20,2023-04-20,1
IBD026978,"Hunter, Ogun",2023-04-20,2023-04-20,1
IBD026921,"Murder, Gombe",2023-04-20,2023-04-20,1
IBD026869,"Mob vs Tricycle Rider, Bayelsa",2023-04-19,2023-04-19,2
IBD026870,"Auto Crash, Lagos",2023-04-19,2023-04-19,2
IBD026932,"Army vs Boko Haram, Borno",2023-04-19,2023-04-19,18
IBD026890,"Flooding, Delta",2023-04-19,2023-04-19,1
IBD026887,"Gunmen vs Lecturer, Taraba",2023-04-19,2023-04-19,2
IBD026901,"Man Drowns, Kano",2023-04-19,2023-04-19,1
IBD026871,"Gunmen vs Immigration Officers, Taraba",2023-04-19,2023-04-19,2
IBD026937,"Kidnappers vs Businessman, Adamawa",2023-04-19,2023-04-19,1
IBD026892,"Bandits vs Villagers, Bauchi",2023-04-19,2023-04-19,20
IBD026900,"Assailants vs Vigilante Commander, Kano",2023-04-19,2023-04-19,1
IBD026880,"Cult Killing, Rivers",2023-04-19,2023-04-19,1
IBD026875,"Fence Collapse, FCT (Abuja)",2023-04-19,2023-04-19,2
IBD026897,"Cult Clash, Enugu",2023-04-18,2023-04-18,4
IBD027566,"Youth Leader, Lagos",2023-04-18,2023-04-18,1
IBD026925,"Guard vs Motorcyclist, Ondo",2023-04-18,2023-04-18,1
IBD026876,"Auto Crash, Anambra",2023-04-18,2023-04-18,2
IBD026898,"Police vs Armed Robber, Imo",2023-04-18,2023-04-18,1
IBD026896,"Hippopotamus Kills Woman, Benue",2023-04-18,2023-04-18,1
IBD026895,"Cult Clashes, Enugu",2023-04-18,2023-04-18,2
IBD026878,"Cultists Kill Man, Ogun",2023-04-18,2023-04-18,1
IBD026873,"Gunmen vs Man, Taraba",2023-04-18,2023-04-18,1
IBD026877,"Auto Crash, Bayelsa",2023-04-18,2023-04-18,1
IBD026899,"Cult Clash, Enugu",2023-04-17,2023-04-17,11
IBD027128,"Kidnapper Kill Ex-Teacher, FCT",2023-04-17,2023-04-17,2
IBD026903,"Army vs Terrorists, Borno",2023-04-17,2023-04-17,35
IBD026867,"Kidnappers vs Man, FCT (Abuja)",2023-04-17,2023-04-17,1
IBD026865,"Soldiers vs Police, Borno",2023-04-17,2023-04-17,1
IBD026859,"Boko Haram Attack, Adamawa",2023-04-17,2023-04-17,3
IBD026862,"Security Operatives vs Woman, Imo",2023-04-17,2023-04-17,3
IBD026856,"Kidnappers, Rivers",2023-04-17,2023-04-17,2
IBD026920,"ISWAP vs Army, Borno",2023-04-17,2023-04-20,36
IBD026866,"Security Operatives Kill Man, FCT (Abuja)",2023-04-17,2023-04-17,1
IBD026863,"Terrorists vs Community Leader, Kaduna",2023-04-16,2023-04-16,1
IBD026857,"Auto Crash, Niger",2023-04-16,2023-04-16,1
IBD026860,"Hoodlums vs Soldier, Rivers",2023-04-16,2023-04-16,2
IBD027116,"Murder, Lagos",2023-04-16,2023-04-16,1
IBD026858,"Auto Crash, Anambra",2023-04-16,2023-04-16,1
IBD026849,"Banditry, Kaduna",2023-04-15,2023-04-15,29
IBD026844,"Political Violence, Kebbi",2023-04-15,2023-04-15,1
IBD029706,"Ritual Killing, Osun",2023-04-15,2023-04-15,1
IBD029635,"Communal Clashes, Enugu",2023-04-15,2023-04-22,13
IBD030693,"Man vs Baby, Delta",2023-04-15,2023-04-15,1
IBD027010,"Gunmen Kill 3, Rivers",2023-04-15,2023-04-15,3
IBD026868,"Cultists, Rivers",2023-04-15,2023-04-21,3
IBD026847,"Coronation, Bauchi",2023-04-15,2023-04-15,1
IBD026848,"Election Violence, Akwa Ibom",2023-04-15,2023-04-15,3
IBD026846,"Election Violence, Akwa Ibom",2023-04-15,2023-04-15,3
IBD026830,"Auto Crash, Ogun",2023-04-15,2023-04-15,3
IBD026839,"Auto Crash, Cross River",2023-04-15,2023-04-15,5
IBD026845,"Political Violence, Kano",2023-04-15,2023-04-15,3
IBD026840,"Ritual Boy, Jigawa",2023-04-14,2023-04-14,1
IBD026833,"Terrorists vs Police, Katsina",2023-04-14,2023-04-14,2
IBD026889,"Domestic Violence, Kaduna",2023-04-14,2023-04-14,1
IBD026851,"Auto Crash, Lagos",2023-04-14,2023-04-14,1
IBD026855,"Herders vs Farmers, Plateau",2023-04-14,2023-04-14,35
IBD026838,"Auto Crash, Yobe",2023-04-14,2023-04-14,4
IBD027117,"Assailants vs Man, Lagos",2023-04-14,2023-04-14,1
IBD026824,"Auto Crash, Ogun",2023-04-13,2023-04-13,7
IBD026841,"Police vs Kidnappers, Nasarawa",2023-04-13,2023-04-13,3
IBD026835,"Auto Crash, Imo",2023-04-13,2023-04-13,3
IBD026823,"Robbery Attack, Ogun",2023-04-13,2023-04-13,1
IBD026842,"ISWAP Kills 10, Yobe",2023-04-13,2023-04-13,10
IBD026832,"Mob vs Thief, Akwa Ibom",2023-04-13,2023-04-13,1
IBD026843,"Domestic Violence, Delta",2023-04-13,2023-04-13,1
IBD026834,"Building Collapse, Lagos",2023-04-12,2023-04-12,1
IBD026821,"Banditry, Kaduna",2023-04-12,2023-04-12,8
IBD026827,"Auto Crash, Rivers",2023-04-12,2023-04-12,1
IBD026829,"Cultists vs Constabulary, Akwa Ibom",2023-04-12,2023-04-12,1
IBD026828,"Army vs Terrorists, Zamfara",2023-04-12,2023-04-12,15
IBD026826,"Gunmen Kill 3, Rivers",2023-04-12,2023-04-12,3
IBD026831,"Auto Crash, Oyo",2023-04-12,2023-04-12,3
IBD026814,"Banditry, Kaduna",2023-04-12,2023-04-12,26
IBD026809,"Auto Crash, Cross River",2023-04-11,2023-04-11,6
IBD026817,"Flood Incident, Ogun",2023-04-11,2023-04-11,1
IBD026813,"Auto Crash, Ogun",2023-04-11,2023-04-11,5
IBD026850,"Flooding, Lagos",2023-04-11,2023-04-11,1
IBD026820,"Auto Crash, Ogun",2023-04-11,2023-04-11,2
IBD026808,"Auto Crash, Ebonyi",2023-04-11,2023-04-11,12
IBD026818,"Army vs Bandits, Kaduna",2023-04-10,2023-04-10,2
IBD026811,"Kidnappers, Kogi",2023-04-10,2023-04-10,1
IBD026801,"Gunmen Attack, Kano",2023-04-10,2023-04-10,1
IBD026800,"Auto Crash, Ondo",2023-04-10,2023-04-10,4
IBD026815,"Hoodlums vs Policeman, Imo",2023-04-10,2023-04-10,1
IBD026807,"Soldiers vs Bandits, Kaduna",2023-04-10,2023-04-10,2
IBD026806,"Undergraduate, Osun",2023-04-10,2023-04-10,1
IBD026802,"Gunmen Kill Man, Lagos",2023-04-10,2023-04-10,1
IBD027093,"Easter Day Auto Crash, Ebonyi",2023-04-09,2023-04-09,5
IBD026804,"Cult Killing, Lagos",2023-04-09,2023-04-09,1
IBD026822,"Teenager Drowns, Kwara",2023-04-09,2023-04-09,1
IBD026874,"Assailants vs Colleague, Kwara",2023-04-09,2023-04-09,1
IBD026881,"Army vs Boko Haram, Borno",2023-04-09,2023-04-09,2
IBD026888,"Assailants vs Motorcyclist, Bauchi",2023-04-09,2023-04-09,1
IBD026799,"Police vs Bandits, Zamfara",2023-04-09,2023-04-09,2
IBD026796,"Building Collapse, Kwara",2023-04-09,2023-04-09,1
IBD026797,"Police vs Kidnapper, Adamawa",2023-04-09,2023-04-09,1
IBD026882,"Army vs Boko Haram, Borno",2023-04-09,2023-04-09,2
IBD026987,"Woman vs Co-wife, Lagos",2023-04-09,2023-04-09,1
IBD026803,"Bartender vs Colleague, Lagos",2023-04-09,2023-04-09,1
IBD026805,"Political Violence, Delta",2023-04-09,2023-04-09,1
IBD026786,"Hoodlums vs Cattle Dealer, FCT (Abuja)",2023-04-08,2023-04-08,1
IBD026787,"Auto Crash, Kaduna",2023-04-08,2023-04-08,3
IBD026791,"Army vs Bandits, Zamfara",2023-04-08,2023-04-08,2
IBD026782,"Auto Crash, Enugu",2023-04-08,2023-04-08,22
IBD026793,"Man Drowns, Plateau",2023-04-08,2023-04-08,1
IBD026792,"Army vs Bandits, Katsina",2023-04-08,2023-04-08,1
IBD027054,"Inferno, Kano",2023-04-08,2023-04-15,23
IBD026785,"Communal Clash, Sokoto",2023-04-07,2023-04-07,38
IBD026770,"Armed Robber vs Mob, Oyo",2023-04-07,2023-04-07,1
IBD026819,"Bandits vs Court Registrar, Niger",2023-04-07,2023-04-07,30
IBD026816,"Cult Killing, Lagos",2023-04-07,2023-04-12,4
IBD026784,"Herdsmen Attack, Benue",2023-04-07,2023-04-07,39
IBD026779,"Gunmen Kill Police Officer, Rivers",2023-04-07,2023-04-07,1
IBD026783,"Gunmen Kill Policeman, Lagos",2023-04-06,2023-04-06,1
IBD026768,"Gunmen vs Policemen, Edo",2023-04-06,2023-04-06,4
IBD026778,"Assailant vs Man, Ekiti",2023-04-06,2023-04-06,1
IBD026767,"Cultism, Ondo",2023-04-06,2023-04-06,1
IBD026772,"Herdsmen Clash, Taraba",2023-04-06,2023-04-06,30
IBD026762,"Gunmen Kill 4, Kaduna",2023-04-06,2023-04-06,4
IBD026773,"Boat Mishap, Bayelsa",2023-04-06,2023-04-06,13
IBD026775,"Kidnappers, Nasarawa",2023-04-06,2023-04-06,1
IBD026812,"Man vs Friend, Lagos",2023-04-06,2023-04-06,1
IBD026766,"Assailants vs Men, Lagos",2023-04-05,2023-04-05,3
IBD026754,"Police Kill Phone Seller, Delta",2023-04-05,2023-04-05,1
IBD026774,"Auto Crash, Niger",2023-04-05,2023-04-05,2
IBD026790,"Online Vendor, Oyo",2023-04-05,2023-04-05,1
IBD026769,"Mob vs Man, Bauchi",2023-04-05,2023-04-05,1
IBD026765,"Herders Attack, Benue",2023-04-05,2023-04-05,49
IBD026776,"Herdsmen vs Commuter, Delta",2023-04-05,2023-04-05,1
IBD026753,"Motorcyclists vs Police, Lagos",2023-04-05,2023-04-05,1
IBD027036,"Drown, Osun",2023-04-05,2023-04-05,1
IBD026744,"Cult Killing, Edo",2023-04-04,2023-04-04,1
IBD026771,"Army vs Boko Haram, Borno",2023-04-04,2023-04-04,18
IBD026757,"Boko Haram vs Pastor, Borno",2023-04-04,2023-04-04,1
IBD026745,"Auto Crash, Osun",2023-04-04,2023-04-04,6
IBD026759,"Auto Crash, Delta",2023-04-04,2023-04-04,1
IBD026761,"Auto Crash, Bauchi",2023-04-04,2023-04-04,2
IBD026760,"Herders Attack, Benue",2023-04-04,2023-04-04,3
IBD026755,"Auto Crash, Kano",2023-04-04,2023-04-04,3
IBD026743,"Auto Crash, Anambra",2023-04-04,2023-04-04,3
IBD026852,"Gunmen vs Bouncer, Edo",2023-04-03,2023-04-03,1
IBD026740,"Herdsmen Attack, Taraba",2023-04-03,2023-04-03,14
IBD026729,"Police vs Trader, Plateau",2023-04-03,2023-04-03,1
IBD026731,"Auto Crash, Osun",2023-04-03,2023-04-03,1
IBD026733,"Political Violence, Rivers",2023-04-03,2023-04-03,1
IBD026763,"Mob vs Motorcycle Thief, Niger",2023-04-03,2023-04-03,1
IBD026764,"Inferno, Kaduna",2023-04-03,2023-04-03,3
IBD026749,"One Killed, Jigawa",2023-04-03,2023-04-03,1
IBD026742,"Herder vs Community Leader, Benue",2023-04-03,2023-04-03,3
IBD026739,"Gunmen Kill 3, Adamawa",2023-04-03,2023-04-03,3
IBD026789,"Herdsmen vs Worshippers, Benue",2023-04-03,2023-04-03,1
IBD026746,"Cultists Kill 1, Ekiti",2023-04-03,2023-04-03,1
IBD026756,"Extra Judicial Killing, Taraba",2023-04-03,2023-04-03,1
IBD026723,"Assailants vs Police Officer, Niger",2023-04-02,2023-04-02,1
IBD026795,"Police vs IPOB, Abia",2023-04-02,2023-04-02,4
IBD026735,"Auto Crash, Osun",2023-04-02,2023-04-02,1
IBD026780,"Auto Crash, FCT (Abuja)",2023-04-02,2023-04-02,1
IBD026734,"Communal Clash, Kaduna",2023-04-02,2023-04-02,2
IBD026748,"Auto Crash, Niger",2023-04-02,2023-04-02,1
IBD026721,"Gunmen in Church, Benue",2023-04-02,2023-04-02,1
IBD026737,"Assailants vs Man, Kano",2023-04-02,2023-04-02,1
IBD026732,"Bandits vs Security Operatives, Niger",2023-04-02,2023-04-02,6
IBD026730,"Auto Crash, Edo",2023-04-02,2023-04-02,2
IBD026724,"Banditry, Niger",2023-04-02,2023-04-02,7
IBD026727,"Gunmen Attack, Kogi",2023-04-02,2023-04-02,35
IBD026720,Troops vs Bandits,2023-04-01,2023-04-01,11
IBD028127,"Communal Crisis, Cross River",2023-04-01,2023-04-01,10
IBD027911,"Cult Killing, Lagos",2023-04-01,2023-04-07,5
IBD026915,"Man vs Friend, Enugu",2023-04-01,2023-04-01,1
IBD027007,"Gunmen Kill 16, Rivers",2023-04-01,2023-04-30,15
IBD026929,"Extrajudicial Killing, FCT",2023-04-01,2023-04-06,2
IBD027702,"Mob vs Armed Robber, Cross River",2023-04-01,2023-04-01,1
IBD026719,"Army vs Bandits, Kaduna",2023-04-01,2023-04-01,5
IBD026725,"Gunmen vs Traffic Controller, Rivers",2023-04-01,2023-04-01,1
IBD026738,"Assassins Kill Man, Bayelsa",2023-04-01,2023-04-01,1
IBD026728,"Fulani Herdsmen Attack, Kwara",2023-04-01,2023-04-01,1
IBD026718,"Bandits Kill 5, Katsina",2023-04-01,2023-04-01,5
IBD026716,"Gunmen Attack, Taraba",2023-03-31,2023-03-31,24
IBD026711,"Security Operatives vs IPOB, Abia",2023-03-31,2023-03-31,28
IBD026713,"Communal Clash, Benue",2023-03-31,2023-03-31,3
IBD029366,"Man vs Friend, Kano",2023-03-30,2023-03-30,1
IBD026709,"Land Grabbers Kill 2, Ogun",2023-03-30,2023-03-30,2
IBD026710,"Auto Crash, Bauchi",2023-03-30,2023-03-30,4
IBD026736,"Farmers vs Herders, Nasarawa",2023-03-30,2023-03-30,4
IBD026714,"Extra-judicial Killing, Niger",2023-03-30,2023-03-30,1
IBD026701,"Auto Crash, Bauchi",2023-03-29,2023-03-29,5
IBD026707,"Auto Crash, Lagos",2023-03-29,2023-03-29,1
IBD026777,"Auto Crash, Niger",2023-03-29,2023-03-29,3
IBD023065,"Co-tenants, Ekiti",2023-03-28,2023-03-28,1
IBD026688,"Inferno, Lagos",2023-03-28,2023-03-28,1
IBD026705,"Banditry, Niger",2023-03-28,2023-03-28,5
IBD026699,"Kidnappers Kill 2, Ogun",2023-03-28,2023-03-28,2
IBD026702,"Banditry, Kaduna",2023-03-28,2023-03-28,3
IBD026726,"Extrajudicial Killing, Anambra",2023-03-28,2023-03-28,1
IBD026700,"Cult Killing, Oyo",2023-03-28,2023-03-28,1
IBD026741,"Man vs Grirlfriend, Kano",2023-03-28,2023-03-28,1
IBD026693,"Cult Killing, Ogun",2023-03-28,2023-03-28,1
IBD026703,"Police vs Bandit, Katsina",2023-03-28,2023-03-28,1
IBD026671,"Gunmen vs Security Operatives, Imo",2023-03-27,2023-03-27,4
IBD026672,"Soldiers vs Boko Haram, Borno",2023-03-27,2023-03-27,10
IBD026677,"Vigilante Kills Man, Abia",2023-03-27,2023-03-27,1
IBD026674,"Herdsmen Attack, Benue",2023-03-27,2023-03-27,4
IBD026854,"Electrocution, Lagos",2023-03-27,2023-03-27,1
IBD026690,"Boko Haram IED, Borno",2023-03-27,2023-03-27,1
IBD026687,"Auto Crash, Kebbi",2023-03-27,2023-03-27,12
IBD026689,"Herdsmen Attack, Edo",2023-03-27,2023-03-27,2
IBD026691,"Auto Crash, Kebbi",2023-03-27,2023-03-27,23
IBD026686,"Auto Crash, Bauchi",2023-03-27,2023-03-27,4
IBD026694,"Bandits vs Baby, Kaduna",2023-03-27,2023-03-27,1
IBD026685,"Auto Crash, Niger",2023-03-27,2023-03-27,24
IBD026684,"Cult Killing, Lagos",2023-03-27,2023-03-27,4
IBD026669,"Gunmen vs Policemen, Enugu",2023-03-26,2023-03-26,2
IBD027200,"Found Dead, Lagos",2023-03-26,2023-03-26,3
IBD026673,"Herdsmen vs Man, Benue",2023-03-26,2023-03-26,1
IBD026675,"Cultism, Rivers",2023-03-26,2023-03-26,6
IBD026678,"Gunmen vs Officer, Plateau",2023-03-26,2023-03-26,1
IBD026680,"Auto Crash, Niger",2023-03-26,2023-03-26,8
IBD026676,"Friends, Lagos",2023-03-26,2023-03-26,1
IBD026661,"Auto Crash, Ondo",2023-03-26,2023-03-26,2
IBD026681,"Auto Crash, Niger",2023-03-25,2023-03-25,3
IBD026654,"Market Clash, Kwara",2023-03-25,2023-03-25,1
IBD026670,"Boko Haram Attack, Borno",2023-03-25,2023-03-25,41
IBD026666,"Army vs Boko Haram, Borno",2023-03-25,2023-03-25,5
IBD026683,"Herdsmen Attack, Benue",2023-03-25,2023-03-25,1
IBD026698,"Hoodlums Kill 1, Kogi",2023-03-25,2023-03-25,1
IBD026667,"Robbers, Anambra",2023-03-25,2023-03-26,6
IBD026682,"Sex Romp, Niger",2023-03-25,2023-03-25,1
IBD026692,"Cult Killing, Ogun",2023-03-24,2023-03-24,1
IBD026656,"Auto Crash, Ogun",2023-03-24,2023-03-24,4
IBD026663,"Army vs Boko Harm, Borno",2023-03-24,2023-03-24,7
IBD026658,"Auto Crash, Lagos",2023-03-24,2023-03-24,2
IBD026651,"Auto Crash, Bauchi",2023-03-23,2023-03-23,25
IBD026655,"Terrorists vs Cleric, Kaduna",2023-03-23,2023-03-23,1
IBD026647,"Auto Crash, Lagos",2023-03-23,2023-03-23,1
IBD026648,"Herdsmen Attack, Benue",2023-03-23,2023-03-23,6
IBD026649,"Herdsmen Kill 1, Benue",2023-03-23,2023-03-23,1
IBD026660,"Auto Crash, Plateau",2023-03-23,2023-03-23,1
IBD026657,"Mob vs Boy, Benue",2023-03-23,2023-03-23,3
IBD026650,"Pastor vs Woman, Ondo",2023-03-23,2023-03-23,1
IBD029527,"Boko Haram Attack, Yobe",2023-03-23,2023-03-23,1
IBD026861,"Kidnapping, Katsina",2023-03-23,2023-03-23,1
IBD018314,"Banditry, Kaduna",2023-03-21,2023-03-21,4
IBD027105,"Robbery Attack, Oyo",2023-03-21,2023-03-21,1
IBD026633,"Grandmother vs Family, Ondo",2023-03-21,2023-03-21,4
IBD026642,"Political Thugs vs Man, Lagos",2023-03-21,2023-03-21,1
IBD026634,"Ritual Killing, Ondo",2023-03-21,2023-03-21,1
IBD026697,"Brothers vs Cousin, Kwara",2023-03-21,2023-03-21,1
IBD026704,"Terrorists Attack, Niger",2023-03-21,2023-03-21,5
IBD026708,"Police vs Kidnappers, Edo",2023-03-21,2023-03-21,2
IBD026958,"Malnutrition, Niger",2023-03-21,2023-03-21,1
IBD026627,"Political Violence, Taraba",2023-03-20,2023-03-20,2
IBD026641,"Political Violence, Bauchi",2023-03-20,2023-03-20,1
IBD026652,"Post-Election Violence, Nasarawa",2023-03-20,2023-03-20,1
IBD026636,"Auto Crash, Kwara",2023-03-20,2023-03-20,1
IBD026637,"Herdsmen Attack, Bayelsa",2023-03-20,2023-03-20,1
IBD026751,"Hoodlums Kill 1, Niger",2023-03-20,2023-03-20,1
IBD026639,"Extra Judicial Killing, Niger",2023-03-20,2023-03-20,3
IBD031933,"Assailant vs Man, FCT (Abuja)",2023-03-20,2023-03-20,1
IBD026643,"Coach vs Brother-in-law, Edo",2023-03-19,2023-03-19,1
IBD026626,"Political Violence, Nasarawa",2023-03-19,2023-03-19,1
IBD026628,"Election Crisis, Kogi",2023-03-19,2023-03-19,1
IBD026646,"Police vs Kidnappers, Niger",2023-03-19,2023-03-19,2
IBD026624,"Post-Election Violence, Kano",2023-03-19,2023-03-19,1
IBD026986,"Assailants vs Passengers, Delta",2023-03-19,2023-03-19,1
IBD026632,"Troops vs Bandit, Zamfara",2023-03-19,2023-03-19,6
IBD026602,"Political Violence, Rivers",2023-03-18,2023-03-18,2
IBD026599,"Political Violence, Benue",2023-03-18,2023-03-18,3
IBD026629,"Political Violence, Katsina",2023-03-18,2023-03-18,1
IBD026612,"Political Violence, Rivers",2023-03-18,2023-03-18,1
IBD026608,"Political Violence, Niger",2023-03-18,2023-03-18,1
IBD026603,"Auto Crash, Osun",2023-03-18,2023-03-18,1
IBD026615,"Political Violence, Ebonyi",2023-03-18,2023-03-18,1
IBD026601,"Political Violence, Rivers",2023-03-18,2023-03-18,4
IBD026653,"Election Violence, Delta",2023-03-18,2023-03-18,1
IBD026605,"Political Violence, Lagos",2023-03-18,2023-03-18,2
IBD026606,"Political Violence, Delta",2023-03-18,2023-03-18,5
IBD017981,"Terrorists vs Vigilante, Zamfara",2023-03-18,2023-03-18,51
IBD026604,"Assailants vs Party Agent, Osun",2023-03-18,2023-03-18,2
IBD026614,"Political Violence, Borno",2023-03-18,2023-03-18,60
IBD026664,"Political Violence, Lagos",2023-03-18,2023-03-18,1
IBD026610,"Political Violence, Akwa Ibom",2023-03-18,2023-03-18,4
IBD026679,"Political Violence, Rivers",2023-03-18,2023-03-18,7
IBD026609,"Political Violence, Delta",2023-03-18,2023-03-18,1
IBD026621,"Couple Found Dead, Lagos",2023-03-18,2023-03-18,2
IBD026630,"Political Violence, Kebbi",2023-03-18,2023-03-18,1
IBD026600,"Political Violence, Cross River",2023-03-18,2023-03-18,1
IBD026620,"Political Violence, Rivers",2023-03-18,2023-03-18,1
IBD026662,"Political Violence, Lagos",2023-03-18,2023-03-18,1
IBD026617,"Political Violence, Ebonyi",2023-03-18,2023-03-18,1
IBD027855,"Assailants vs Man, Lagos",2023-03-17,2023-03-17,1
IBD026598,"Auto Crash, Katsina",2023-03-17,2023-03-17,3
IBD026631,"Bandits vs Travellers, FCT (Abuja)",2023-03-17,2023-03-17,2
IBD026607,"Soldier vs Terrorists, Niger",2023-03-17,2023-03-17,48
IBD026640,"Assailants vs Estate Agent, Ogun",2023-03-17,2023-03-17,2
IBD026611,"Political Violence, Akwa Ibom",2023-03-17,2023-03-17,3
IBD026618,"Bandits vs Security Operatives, Niger",2023-03-17,2023-03-17,9
IBD026623,"Bandits Attack, Kaduna",2023-03-17,2023-03-17,2
IBD026616,"Stampede, Lagos",2023-03-17,2023-03-17,2
IBD026587,"Political Violence, Oyo",2023-03-16,2023-03-16,3
IBD026695,"Auto Crash, Lagos",2023-03-16,2023-03-16,1
IBD026645,"Ritual Killing, Kwara",2023-03-16,2023-03-16,1
IBD026596,"Man vs Neighbour, Ekiti",2023-03-16,2023-03-16,1
IBD026613,"Political Violence, Osun",2023-03-16,2023-03-16,1
IBD026668,"Rival Cult Clash, Lagos",2023-03-16,2023-03-16,2
IBD026588,"Auto Crash, Kano",2023-03-15,2023-03-15,17
IBD026696,"Ritual Killing, Kwara",2023-03-15,2023-03-15,1
IBD026590,"Assailant vs Businessman, Osun",2023-03-15,2023-03-15,1
IBD026592,"Security Agents vs Man, Anambra",2023-03-15,2023-03-15,1
IBD026750,"Assailants vs Village, Niger",2023-03-15,2023-03-15,1
IBD026591,"Gunmen vs Security Operatives, Niger",2023-03-15,2023-03-15,8
IBD026597,"Security Operatives vs Shi'ite, Kaduna",2023-03-15,2023-03-15,5
IBD026584,"Auto Crash, Ogun",2023-03-14,2023-03-14,3
IBD026595,"Terrorists Attack, Niger",2023-03-14,2023-03-14,3
IBD026582,"Auto Crash, Edo",2023-03-14,2023-03-14,1
IBD026581,"Terrorists Attack, Kaduna",2023-03-14,2023-03-14,10
IBD026586,"Auto Crash, Ogun",2023-03-14,2023-03-14,2
IBD026576,"Youths Clash, Benue",2023-03-13,2023-03-13,3
IBD026575,"Army vs Terrorists, Kaduna",2023-03-13,2023-03-13,1
IBD026594,"Police vs Hotel Lodger, Ondo",2023-03-13,2023-03-13,1
IBD026593,"Brothers vs Siblings, Enugu",2023-03-13,2023-03-13,2
IBD026564,"Auto Crash, Bauchi",2023-03-13,2023-03-13,3
IBD026577,"Terrorist Attack, Katsina",2023-03-13,2023-03-13,15
IBD026579,"Man vs Neighbour's Daughter, Kano",2023-03-13,2023-03-13,1
IBD026572,"Herdsmen vs Farmer, Bayelsa",2023-03-13,2023-03-13,1
IBD026574,"Auto Crash, Bauchi",2023-03-13,2023-03-13,6
IBD026571,"Ritual Killing, Anambra",2023-03-13,2023-03-13,1
IBD026573,"Auto Crash, Bauchi",2023-03-13,2023-03-13,11
IBD026794,"Herdsmen Attack, Benue",2023-03-12,2023-03-12,50
IBD026569,"Auto Crash, Lagos",2023-03-12,2023-03-12,2
IBD026567,"Man Found Dead, Cross River",2023-03-12,2023-03-12,1
IBD026550,"Councillor, Ebonyi",2023-03-12,2023-03-12,1
IBD026583,"Man vs Woman, Gombe",2023-03-12,2023-03-12,1
IBD026565,"Task Force vs Driver, Rivers",2023-03-12,2023-03-12,1
IBD026853,"Armed Robbers vs Man, Oyo",2023-03-12,2023-03-12,1
IBD027210,"One Killed, Kwara",2023-03-11,2023-03-11,1
IBD026552,"One Dead, Oyo",2023-03-11,2023-03-11,1
IBD026570,"Woman vs Landlord, Ogun",2023-03-11,2023-03-11,1
IBD026560,"Bandits Kill 18, Katsina",2023-03-11,2023-03-11,20
IBD029197,"Master Warrant Officer, Hamza Musa",2023-03-10,2023-03-10,1
IBD026551,"Two Found Dead, Ondo",2023-03-10,2023-03-10,2
IBD026535,"Auto Crash, Oyo",2023-03-09,2023-03-09,10
IBD026537,"Auto Crash, Lagos",2023-03-09,2023-03-09,5
IBD026556,"Domestic Violence, Plateau",2023-03-09,2023-03-09,1
IBD026548,"Boy vs Girl, Ogun",2023-03-09,2023-03-09,1
IBD026549,"Bandits vs Pastor's Son, Kaduna",2023-03-09,2023-03-09,1
IBD026534,"Auto Crash, Enugu",2023-03-09,2023-03-09,8
IBD026559,"Assailants vs Herders, Kaduna",2023-03-09,2023-03-12,17
IBD026555,"Assailants vs Businessman, Oyo",2023-03-09,2023-03-09,1
IBD026536,"Train Accident, Lagos",2023-03-09,2023-03-09,6
IBD026545,"Auto Crash, Lagos",2023-03-09,2023-03-09,1
IBD026539,"Boko Haram vs Fishermen, Borno",2023-03-08,2023-03-08,31
IBD026542,"Boko Haram vs Police, Borno",2023-03-08,2023-03-08,1
IBD026538,"Political Violence, Bauchi",2023-03-08,2023-03-08,1
IBD026561,"Herders vs Farmers, Benue",2023-03-08,2023-03-09,7
IBD026529,"Fires Razes Market, Lagos",2023-03-08,2023-03-08,1
IBD026546,"Auto Crash, Niger",2023-03-08,2023-03-08,1
IBD026544,"Police vs Gunmen, Ebonyi",2023-03-08,2023-03-08,3
IBD026558,"Herdsmen Attack, Benue",2023-03-08,2023-03-08,5
IBD026533,"Police vs Bandits, Katsina",2023-03-08,2023-03-08,3
IBD026563,"Army vs Man, Benue",2023-03-08,2023-03-08,1
IBD026530,"Bandits vs Vigilantes, Kaduna",2023-03-07,2023-03-07,6
IBD026528,"Banditry, Niger",2023-03-07,2023-03-07,6
IBD026706,"NDLEA Officers vs Man, Lagos",2023-03-07,2023-03-07,1
IBD026554,"Police vs Gunmen, Ebonyi",2023-03-07,2023-03-07,1
IBD026541,"Cultism, Oyo",2023-03-06,2023-03-06,1
IBD026540,"Cultism, Oyo",2023-03-06,2023-03-06,1
IBD026525,"Police vs Kidnapper, Delta",2023-03-06,2023-03-06,1
IBD026519,"Gunmen Attack, Enugu",2023-03-06,2023-03-06,1
IBD026532,"NAF vs Bandits, Kaduna",2023-03-05,2023-03-05,3
IBD026520,"Auto Crash, Kaduna",2023-03-05,2023-03-05,10
IBD026589,"Generator Fumes, Ogun",2023-03-05,2023-03-05,5
IBD026521,"Auto Crash, Kwara",2023-03-05,2023-03-05,1
IBD026518,"Teenager vs Woman, Ondo",2023-03-05,2023-03-05,1
IBD026504,"Gunmen vs Village Head, Kano",2023-03-05,2023-03-05,1
IBD027424,"Man vs Brother, Kaduna",2023-03-04,2023-03-04,1
IBD026515,"Soldiers Kill Superior, Sokoto",2023-03-04,2023-03-04,3
IBD026553,"Herdsmen vs Man, Nasarawa",2023-03-04,2023-03-04,1
IBD026513,"Assailants vs Police Officers, Anambra",2023-03-04,2023-03-04,1
IBD026505,"Gunmen vs Police, Zamfara",2023-03-04,2023-03-04,5
IBD026512,"Political Violence, Oyo",2023-03-04,2023-03-04,1
IBD026509,"Friend vs Man, Anambra",2023-03-04,2023-03-04,1
IBD026506,"Gunmen vs Cleric, Plateau",2023-03-04,2023-03-04,3
IBD026527,"Domestic Violence, Edo",2023-03-04,2023-03-04,1
IBD026514,"Herdsmen Attack, Edo",2023-03-04,2023-03-04,3
IBD026501,"ISWAP vs Boko Haram, Borno",2023-03-03,2023-03-03,15
IBD026531,"Ritual Killings, FCT (Abuja)",2023-03-03,2023-03-03,1
IBD026510,"Police vs Kidnappers, Bauchi",2023-03-03,2023-03-03,2
IBD026508,"Herdsmen Attack, Benue",2023-03-03,2023-03-06,42
IBD026517,"Army vs Terrorists, Niger",2023-03-03,2023-03-03,1
IBD026494,"Auto Crash, Ogun",2023-03-03,2023-03-03,3
IBD026503,"Gunmen vs Vigilante, Rivers",2023-03-03,2023-03-03,1
IBD026497,"Army vs Bandits, Kaduna",2023-03-03,2023-03-03,1
IBD026495,"Pipeline Explosion, Rivers",2023-03-03,2023-03-03,13
IBD029759,"Gunmen Attack, Kaduna",2023-03-02,2023-03-02,2
IBD026523,"Man vs Wife, Anambra",2023-03-02,2023-03-02,1
IBD026483,"Policeman Kill Lover, Kwara",2023-03-02,2023-03-02,1
IBD026522,"Gunmen Kill 2, Nasarwa",2023-03-02,2023-03-02,2
IBD026747,"Man vs Brother, Kano",2023-03-02,2023-03-02,1
IBD026500,"Armed Robbery vs Police, Ondo",2023-03-02,2023-03-02,1
IBD026486,"Auto Crash, Kwara",2023-03-02,2023-03-02,2
IBD026484,"Police vs Terrorists, Katsina",2023-03-02,2023-03-02,2
IBD026665,"Cult Killing, Edo",2023-03-01,2023-03-01,1
IBD026482,"Electrocution, Lagos",2023-03-01,2023-03-01,1
IBD026496,"Auto Crash, Jigawa",2023-03-01,2023-03-01,4
IBD026491,"Inferno, Borno",2023-03-01,2023-03-01,3
IBD026490,"Robbers vs Woman, Oyo",2023-03-01,2023-03-01,1
IBD026712,"Hoodlums vs Police Officer, Benue",2023-03-01,2023-03-01,1
IBD026489,"Police vs Kidnappers, Oyo",2023-03-01,2023-03-01,1
IBD026717,"Generator Fumes, Lagos",2023-03-01,2023-03-01,5
IBD026493,"Bandits Attack, Kaduna",2023-03-01,2023-03-01,1
IBD026478,"Suspected Herdsmen vs Farmer, Niger",2023-02-28,2023-02-28,1
IBD026366,"Assailants vs Pregnant Woman, Benue",2023-02-28,2023-02-28,1
IBD026485,"Inferno, Lagos",2023-02-28,2023-02-28,1
IBD026475,"Herdsmen Attack, Benue",2023-02-28,2023-02-28,7
IBD026466,"Couple Found Dead, Ogun",2023-02-27,2023-02-27,2
IBD026474,"Political Issue, Ebonyi",2023-02-27,2023-02-27,1
IBD026788,"Herdsmen Attack, Benue",2023-02-27,2023-03-07,244
IBD026463,"Political Violence, Kano",2023-02-26,2023-02-26,1
IBD026458,"Political Violence, Ondo",2023-02-26,2023-02-26,1
IBD026511,"Soldier vs Boy, Lagos",2023-02-26,2023-02-26,2
IBD026464,"Political Issue, Benue",2023-02-26,2023-02-26,1
IBD026499,"ISWAP vs Boko Haram, Borno",2023-02-26,2023-02-27,200
IBD026456,"Herdsmen Kill 13, Benue",2023-02-26,2023-02-26,13
IBD026470,"Political Violence, Kano",2023-02-26,2023-02-26,5
IBD026457,"Election Crisis, Rivers",2023-02-25,2023-02-25,2
IBD026455,"Election Crisis, Kogi",2023-02-25,2023-02-25,1
IBD026492,"Starvation, Kano",2023-02-25,2023-02-25,1
IBD026507,"Assailants vs Fulani Youths, Plateau",2023-02-25,2023-02-25,3
IBD026467,"Political Violence, Edo",2023-02-25,2023-02-25,2
IBD026465,"Man vs Brother, Abia",2023-02-25,2023-02-25,2
IBD026459,"Election Crisis, Taraba",2023-02-25,2023-02-25,1
IBD026471,"Gunmen vs INEC Official, Delta",2023-02-25,2023-02-25,1
IBD026479,"Political Violence, Lagos",2023-02-25,2023-02-25,1
IBD026566,"Gunmen Attack, Ebonyi",2023-02-25,2023-02-25,1
IBD026461,"Auto Crash, Bauchi",2023-02-25,2023-02-25,3
IBD026468,"Political Violence, Akwa Ibom",2023-02-25,2023-02-25,2
IBD026476,"Political Violence, Gombe",2023-02-25,2023-02-25,10
IBD027490,"Political Issue, Gombe",2023-02-25,2023-02-25,1
IBD027909,"Cultist Kills Man, Ondo",2023-02-24,2023-02-25,3
IBD026473,"NDLEA vs Hoodlums, Taraba",2023-02-24,2023-02-24,1
IBD026462,"Bandits Attack, Niger",2023-02-24,2023-02-24,2
IBD026469,"Auto Crash/Election, FCT (Abuja)",2023-02-24,2023-02-24,1
IBD026453,"Boko Haram/Election Crisis, Borno",2023-02-24,2023-02-24,1
IBD026480,"Man Dies, Lagos",2023-02-24,2023-02-24,1
IBD026450,"Gunmen Attack, Delta",2023-02-24,2023-02-24,2
IBD026460,"Auto Crash/Election, FCT (Abuja)",2023-02-24,2023-02-24,3
IBD026472,"Troops vs Bandits, Kaduna",2023-02-23,2023-02-23,5
IBD026448,"Political Violence, Ebonyi",2023-02-23,2023-02-23,1
IBD026454,"Inferno, Kaduna",2023-02-23,2023-02-23,8
IBD026442,"Political Violence, Kano",2023-02-23,2023-02-23,5
IBD026452,"Political Violence, Imo",2023-02-23,2023-02-23,1
IBD026445,"Auto Crash, Bauchi",2023-02-23,2023-02-23,15
IBD026393,"Police Kill Kidnapper, Rivers",2023-02-23,2023-02-23,1
IBD026437,"Political Crisis, Osun",2023-02-22,2023-02-22,2
IBD026441,"Herdsmen Attack, Benue",2023-02-22,2023-02-22,2
IBD026444,"Political Violence, Ebonyi",2023-02-22,2023-02-22,1
IBD026443,"Herdsmen Attack, Benue",2023-02-22,2023-02-22,1
IBD026438,"Political Crisis, Osun",2023-02-22,2023-02-22,5
IBD026439,"Herdsmen Attack, Benue",2023-02-22,2023-02-22,1
IBD026578,"Man vs Wife, Benue",2023-02-22,2023-02-22,1
IBD026451,"Lady vs Estate Agent, Benue",2023-02-22,2023-02-22,1
IBD026638,"Dog Bite, Lagos",2023-02-22,2023-02-22,1
IBD026446,"Political Violence, Enugu",2023-02-22,2023-02-22,5
IBD026440,"Herdsmen Attack, Benue",2023-02-22,2023-02-22,3
IBD026447,"Political Violence, Enugu",2023-02-22,2023-02-22,2
IBD029117,"Fulani Herdsmen Attacjk, Enugu",2023-02-21,2023-02-22,7
IBD026430,"Gunmen vs Woman, Imo",2023-02-21,2023-02-21,1
IBD026433,"Auto Crash, Lagos",2023-02-21,2023-02-21,2
IBD026435,"Explosion, Delta",2023-02-20,2023-02-20,30
IBD026423,"Gunmen vs Police Officers, Anambra",2023-02-20,2023-02-20,7
IBD026436,"Army vs ISWAP, Yobe",2023-02-20,2023-02-20,25
IBD026547,"Landlord's Son vs Tenant, Lagos",2023-02-20,2023-02-20,1
IBD026432,"Police vs Kidnappers, Kwara",2023-02-20,2023-02-20,2
IBD026419,"Security Agents vs Gunmen, Anambra",2023-02-19,2023-02-19,6
IBD026449,"Pregnant Woman vs Woman, Bayelsa",2023-02-19,2023-02-19,1
IBD026424,"Inferno, Kwara",2023-02-19,2023-02-19,1
IBD026426,"Political Violence, Kano",2023-02-19,2023-02-19,1
IBD026427,"Auto Crash, Ebonyi",2023-02-18,2023-02-18,8
IBD026415,"Gunmen Attack, Anambra",2023-02-18,2023-02-18,3
IBD026421,"Motor Boy Drowns, Oyo",2023-02-18,2023-02-18,1
IBD026420,"Political Violence, Ebonyi",2023-02-18,2023-02-18,1
IBD026417,"Hunting Accident, Ondo",2023-02-17,2023-02-17,1
IBD026414,"Police vs Protesters, Abia",2023-02-17,2023-02-17,4
IBD026422,"Hoodlums Kill 4, Ebonyi",2023-02-17,2023-02-17,4
IBD026418,"Political Violence, Osun",2023-02-17,2023-02-17,2
IBD026619,"Medical Negligence, Lagos",2023-02-17,2023-02-17,1
IBD026502,"Fulani Herdsmen, Enugu",2023-02-17,2023-02-17,2
IBD026428,"Transport Worker vs Colleague, Lagos",2023-02-16,2023-02-16,1
IBD026408,"Auto Crash, Lagos",2023-02-16,2023-02-16,1
IBD026425,"Baby Buried, Akwa Ibom",2023-02-16,2023-02-16,1
IBD026406,"Inferno, Lagos",2023-02-16,2023-02-16,1
IBD026975,"Political Violence, Osun",2023-02-16,2023-03-18,13
IBD026410,"Security Operatives vs Bandits, Kaduna",2023-02-16,2023-02-16,7
IBD026412,"Police vs Woman, Adamawa",2023-02-16,2023-02-16,1
IBD026405,"Gunmen Attack, Bayelsa",2023-02-15,2023-02-15,3
IBD026404,"Police vs Soldier, Lagos",2023-02-15,2023-02-15,1
IBD026411,"Security Operatives vs Protesters, Ogun",2023-02-15,2023-02-16,2
IBD026394,"Security Operatives vs Protesters, Edo",2023-02-15,2023-02-15,4
IBD026409,"Student Drowns, Ondo",2023-02-15,2023-02-15,1
IBD026395,"Auto Crash, Kwara",2023-02-15,2023-02-15,6
IBD026557,"Police vs Man, Delta",2023-02-15,2023-02-15,1
IBD026407,"Medical Negligence, Kano",2023-02-15,2023-02-15,1
IBD026752,"Found Dead, Lagos",2023-02-15,2023-02-15,1
IBD026402,"Drown, FCT",2023-02-15,2023-02-15,1
IBD027075,"Vigilante vs Man, Edo",2023-02-15,2023-02-15,1
IBD026396,"Cult Killing, Rivers",2023-02-14,2023-02-14,10
IBD026403,"Police vs Soldiers, Ogun",2023-02-14,2023-02-14,1
IBD026487,"Hors-Riding Accident, Rivers",2023-02-14,2023-02-14,1
IBD026398,"Kidnappers vs Woman, Anambra",2023-02-14,2023-02-14,1
IBD026400,"Gunmen Attack, FCT (Abuja)",2023-02-14,2023-02-14,2
IBD026397,"Gunmen kill Politician Foster Son, Lagos",2023-02-13,2023-02-13,1
IBD026374,"Police vs Gunmen, Anambra",2023-02-13,2023-02-13,1
IBD026401,"Police Kill 2, Katsina",2023-02-13,2023-02-13,2
IBD026392,"Drown, Kano",2023-02-13,2023-02-13,1
IBD026399,"Man vs Brother, Rivers",2023-02-13,2023-02-13,1
IBD026375,"Rape Victim, Rivers",2023-02-12,2023-02-12,1
IBD026386,"2 Killed, Plateau",2023-02-12,2023-02-12,2
IBD026390,"Boko Haram, Borno",2023-02-12,2023-02-12,8
IBD026391,"Cult Clash, Benue",2023-02-12,2023-02-12,7
IBD026378,"Auto Crash, Lagos",2023-02-12,2023-02-12,5
IBD026376,"Auto Crash, Lagos",2023-02-12,2023-02-12,1
IBD026377,"Auto Crash, Niger",2023-02-12,2023-02-12,7
IBD026367,"Auto Crash, Ogun",2023-02-12,2023-02-12,1
IBD029895,"Rape to Death, Rivers",2023-02-12,2023-02-12,1
IBD026389,"Farmers vs Herders, Kogi",2023-02-11,2023-02-11,1
IBD026361,"Bandits vs Policemen, Niger",2023-02-11,2023-02-11,6
IBD026362,"Political Violence, Lagos",2023-02-11,2023-02-11,1
IBD026388,"Cult Clash, Lagos",2023-02-11,2023-02-11,2
IBD026364,"Soldiers vs Boko Haram, Borno",2023-02-10,2023-02-11,36
IBD026363,"Political Violence, Jigawa",2023-02-10,2023-02-10,1
IBD026357,"Gunmen vs Policemen, Anambra",2023-02-10,2023-02-10,3
IBD026864,"Medical Negligence, Lagos",2023-02-10,2023-02-10,1
IBD026345,"Cultism, Cross River",2023-02-09,2023-02-09,1
IBD026349,"Rape, Benue",2023-02-09,2023-02-09,1
IBD026358,"Army vs Bandits, Kaduna",2023-02-09,2023-02-10,4
IBD026347,"Communal Clash, Ebonyi",2023-02-09,2023-02-09,1
IBD026354,"Police vs Armed Robber, Gombe",2023-02-09,2023-02-09,1
IBD026360,"Kidnappers vs Farmer, Ondo",2023-02-09,2023-02-09,1
IBD026355,"Herdsmen Attack, Benue",2023-02-09,2023-02-09,4
IBD026359,"Student Dies, Lagos",2023-02-09,2023-02-09,1
IBD026346,"Soldier vs Man, Lagos",2023-02-09,2023-02-09,1
IBD026351,"Auto Crash, Ogun",2023-02-09,2023-02-09,1
IBD026369,"Gunmen Kill Student, FCT (Abuja)",2023-02-09,2023-02-09,1
IBD026348,"Gunmen vs Soldiers, Delta",2023-02-09,2023-02-09,6
IBD026350,"Cult Clash, Benue",2023-02-08,2023-02-09,3
IBD026416,"Woman Dies, Nasarawa",2023-02-08,2023-02-08,1
IBD026585,"Assailants vs Man, Lagos",2023-02-08,2023-02-08,1
IBD026340,"Gunmen Attack, Kaduna",2023-02-07,2023-02-07,2
IBD026365,"Woman Dies, Kaduna",2023-02-07,2023-02-07,1
IBD026334,"Cultists vs Lecturer, Anambra",2023-02-07,2023-02-07,1
IBD026352,"Market Crisis, Bauchi",2023-02-07,2023-02-07,1
IBD026337,"Herdsmen Attack, Enugu",2023-02-07,2023-02-07,1
IBD026371,"Man vs Bus Driver, Lagos",2023-02-07,2023-02-07,1
IBD026344,"Political Violence, Ogun",2023-02-07,2023-02-07,1
IBD026335,"Auto Crash, Niger",2023-02-06,2023-02-06,1
IBD026341,"Auto Crash, Delta",2023-02-06,2023-02-06,2
IBD026338,"Auto Crash, Yobe",2023-02-06,2023-02-06,3
IBD026326,"Corpse, Lagos",2023-02-06,2023-02-06,1
IBD026562,"Security Guard vs House Help, Lagos",2023-02-06,2023-02-06,1
IBD026332,"Communal Clash, Anambra",2023-02-06,2023-02-06,7
IBD026329,"Political Violence, Ebonyi",2023-02-06,2023-02-06,1
IBD026328,"Shooting, Plateau",2023-02-05,2023-02-05,4
IBD026336,"Soldiers vs Man, Kaduna",2023-02-05,2023-02-05,1
IBD026339,"Auto Crash, Kwara",2023-02-04,2023-02-04,1
IBD026316,"Herdsmen Attack, Ondo",2023-02-04,2023-02-04,7
IBD026319,"Ship Accident, Lagos",2023-02-04,2023-02-04,6
IBD026320,"Political Violence, Oyo",2023-02-04,2023-02-04,2
IBD026722,"Lady Found Dead, Ogun",2023-02-04,2023-02-04,1
IBD026311,"Decomposed Corps, Taraba",2023-02-03,2023-02-03,7
IBD026323,"Auto Crash, Lagos",2023-02-03,2023-02-03,1
IBD026324,"Political Violence, Cross River",2023-02-03,2023-02-03,3
IBD026318,"Building Collapse, Rivers",2023-02-03,2023-02-03,3
IBD026342,"Found Dead, Delta",2023-02-03,2023-02-03,1
IBD026313,"Auto Crash, Ogun",2023-02-03,2023-02-03,1
IBD026322,"Auto Crash, Rivers",2023-02-03,2023-02-03,9
IBD026315,"Gunmen Attack, Kaduna",2023-02-03,2023-02-03,2
IBD026321,"Gunmen vs Security Operatives, Anambra",2023-02-03,2023-02-03,3
IBD026543,"Men vs Brothers, Oyo",2023-02-03,2023-02-03,2
IBD026325,"Gunmen vs Judge, Imo",2023-02-02,2023-02-02,1
IBD026314,"Gunmen vs Governorship Candidate, Ebonyi",2023-02-02,2023-02-02,1
IBD026327,"Car Thief, Lagos",2023-02-02,2023-02-02,1
IBD026330,"Herdsmen vs Soldiers, Benue",2023-02-02,2023-02-04,4
IBD026309,"Cult Killing, Anambra",2023-02-02,2023-02-02,1
IBD026305,"Gunmen Attack, Anambra",2023-02-01,2023-02-01,1
IBD026303,"Inferno, Kaduna",2023-02-01,2023-02-01,3
IBD026317,"Banditry, Katsina",2023-02-01,2023-02-03,79
IBD026312,"Bandits vs Vigilante, Katsina",2023-02-01,2023-02-02,53
IBD026307,"Building Collapse, FCT (Abuja)",2023-02-01,2023-02-01,3
IBD026343,"Medical Negligence, Lagos",2023-02-01,2023-02-01,1
IBD026836,"Auto Crash, Gombe",2023-02-01,2023-02-01,24
IBD018315,"Son vs Father, Ekiti",2023-02-01,2023-02-01,1
IBD025875,"Gunmen vs Community Leader, Plateau",2023-01-31,2023-01-31,1
IBD026294,"Auto Crash, Lagos",2023-01-31,2023-01-31,2
IBD026293,"Herdsmen Attack, Benue",2023-01-31,2023-01-31,2
IBD026306,"Political Violence, Oyo",2023-01-31,2023-01-31,2
IBD026353,"Auto Crash, Rivers",2023-01-31,2023-01-31,1
IBD026300,"Political Stampede, Sokoto",2023-01-31,2023-01-31,2
IBD026297,"Tanker Explosion, Ogun",2023-01-31,2023-01-31,1
IBD026295,"Political Violence, Bauchi",2023-01-30,2023-01-30,1
IBD026304,"Banditry, Niger",2023-01-30,2023-01-30,1
IBD026287,"Found Dead, Anambra",2023-01-30,2023-01-30,1
IBD026302,"Herders vs Women, Benue",2023-01-30,2023-01-30,3
IBD026477,"Driver vs Passenger, Lagos",2023-01-30,2023-01-30,1
IBD026301,"Herdsmen vs Children, Benue",2023-01-30,2023-01-30,2
IBD026288,"Police vs Robbers, Delta",2023-01-29,2023-01-29,2
IBD026281,"Gunmen vs Police, Ebonyi",2023-01-29,2023-01-29,3
IBD026279,"Auto Crash, Ondo",2023-01-29,2023-01-29,11
IBD026280,"Auto Crash, Lagos",2023-01-29,2023-01-29,9
IBD026290,"Mysterious Death, Rivers",2023-01-29,2023-01-29,5
IBD026296,"Herdsmen Attack, Benue",2023-01-29,2023-01-30,2
IBD026298,"Herdsmen Attack, Benue",2023-01-29,2023-01-29,2
IBD026333,"Man vs Brother, Lagos",2023-01-29,2023-01-29,1
IBD026282,"Gunmen vs Soldiers, Enugu",2023-01-28,2023-01-28,2
IBD026276,"Mine Collapse, Plateau",2023-01-28,2023-01-28,5
IBD026299,"Herdsmen Attack, Benue",2023-01-28,2023-01-28,1
IBD026278,"Police vs Robber, FCT (Abuja)",2023-01-28,2023-01-28,1
IBD026283,"Auto Crash, Bauchi",2023-01-28,2023-01-28,2
IBD026284,"Army vs Boko Haram, Borno",2023-01-28,2023-01-28,32
IBD026285,"Medical Negligence, Cross River",2023-01-28,2023-01-28,1
IBD026277,"Gunmen Attack, Imo",2023-01-28,2023-01-28,2
IBD026289,"Man vs Colleague, Ebonyi",2023-01-28,2023-01-28,1
IBD026292,"Banditry, Sokoto",2023-01-27,2023-01-27,2
IBD026286,"Gunmen vs Vigilante, Ebonyi",2023-01-27,2023-01-27,2
IBD026267,"Cult Clash, Lagos",2023-01-27,2023-01-27,2
IBD026269,"Bandits vs Miners, Kaduna",2023-01-26,2023-01-26,5
IBD026270,"Auto Crash, Kogi",2023-01-26,2023-01-26,1
IBD026274,"Auto Crash, Bauchi",2023-01-26,2023-01-26,2
IBD026272,"Auto Crash, Niger",2023-01-26,2023-01-26,7
IBD026264,"Bandits Kill 2, Niger",2023-01-25,2023-01-25,2
IBD026262,"Gunmen vs Policemen, Imo",2023-01-25,2023-01-25,2
IBD026268,"Bandits vs Miners, Niger",2023-01-25,2023-01-25,6
IBD026254,"Auto Crash, Ondo",2023-01-25,2023-01-25,2
IBD026259,"NAF vs Herders, Nasarawa",2023-01-24,2023-01-24,49
IBD026257,"Man vs In-law, Delta",2023-01-24,2023-01-24,1
IBD026256,"Domestic Violence, Bayelsa",2023-01-24,2023-01-24,1
IBD026252,"NAF vs Vigilantes, Niger",2023-01-24,2023-01-24,24
IBD026266,"Gunmen vs Police Officer, Imo",2023-01-24,2023-01-24,1
IBD026260,"Political Killing, Imo",2023-01-24,2023-01-24,1
IBD026370,"Gunmen Kill Man, Lagos",2023-01-24,2023-01-24,2
IBD026261,"Political Violence, Jigawa",2023-01-24,2023-01-24,1
IBD026255,"Medical Negligence, Rivers",2023-01-23,2023-01-23,1
IBD026263,"Woman vs Step-son, Benue",2023-01-23,2023-01-23,1
IBD026248,"Army vs Bandit, Kaduna",2023-01-23,2023-01-23,1
IBD026249,"Army vs ISWAP, Borno",2023-01-23,2023-01-24,29
IBD026251,"Driver Drowns, Lagos",2023-01-23,2023-01-23,1
IBD026373,"Found Dead, Lagos",2023-01-23,2023-01-23,6
IBD026245,"Herdsmen Attack, Delta",2023-01-23,2023-01-23,2
IBD026382,"Army vs Kidnappers, Kaduna",2023-01-23,2023-01-23,3
IBD026622,"Hoodlums vs Man, Ebonyi",2023-01-23,2023-01-23,1
IBD026250,"Ritual Killing, Kaduna",2023-01-23,2023-01-23,1
IBD026247,"Army vs Bandits, Kaduna",2023-01-23,2023-01-23,2
IBD026237,"Auto Crash, Lagos",2023-01-23,2023-01-23,2
IBD026244,"Security Operatives vs Bandits, Niger",2023-01-23,2023-01-23,37
IBD026238,"Gunmen Attack, Imo",2023-01-22,2023-01-22,1
IBD026275,"Mob vs Gunman, Delta",2023-01-22,2023-01-22,1
IBD026372,"Found Dead, Lagos",2023-01-22,2023-01-22,5
IBD028004,"Domestic Violence, Ogun",2023-01-22,2023-01-22,1
IBD026253,"Robbers vs Man, Lagos",2023-01-22,2023-01-22,1
IBD026239,"Police vs Kidnappers, Kwara",2023-01-22,2023-01-22,3
IBD026243,"Hoodlums Kill 2, Anambra",2023-01-22,2023-01-22,2
IBD026231,"2 Die Inside Pit, Kano",2023-01-21,2023-01-21,2
IBD026236,"Police vs Kidnappers, Adamawa",2023-01-21,2023-01-21,1
IBD026233,"Gunmen Kill 4, Bauchi",2023-01-21,2023-01-21,5
IBD026234,"Auto Crash, Bayelsa",2023-01-21,2023-01-21,1
IBD026246,"Police vs Kidnappers, Plateau",2023-01-20,2023-01-20,1
IBD026227,"Land Grabbers vs Commercial Motorcyclist, Osun",2023-01-20,2023-01-20,1
IBD026232,"Bandits vs Councillor, Niger",2023-01-20,2023-01-20,1
IBD026222,"Cult Clash, Osun",2023-01-20,2023-01-20,2
IBD026228,"Gunmen vs Ebubeagu Commander, Ebonyi",2023-01-20,2023-01-20,1
IBD026241,"Assailants vs Man, Kogi",2023-01-20,2023-01-20,1
IBD026798,"Mysterious Deaths, Enugu",2023-01-20,2023-01-26,4
IBD026225,"Political Violence, Edo",2023-01-20,2023-01-20,1
IBD026229,"Gunmen vs Party Members, Ebonyi",2023-01-20,2023-01-20,2
IBD026226,"Vigilante vs Colleague, Edo",2023-01-19,2023-01-19,1
IBD026235,"Police vs Man, Kano",2023-01-19,2023-01-19,1
IBD026220,"Fulani Herdsmen Attack, Benue",2023-01-19,2023-01-19,9
IBD026211,"Police vs Gunmen, Imo",2023-01-18,2023-01-18,3
IBD026223,"Fulani Herdsmen Attack, Edo",2023-01-18,2023-01-18,3
IBD026209,"Building Collapse, Lagos",2023-01-18,2023-01-18,1
IBD026203,"Auto Crash, Ondo",2023-01-18,2023-01-18,4
IBD026219,"Army vs Bandits, Zamfara",2023-01-18,2023-01-18,5
IBD026368,"Gunmen Attack, Lagos",2023-01-18,2023-01-18,1
IBD026214,"Police Kill Kidnapper, Delta",2023-01-18,2023-01-18,1
IBD026205,"Auto Crash, Plateau",2023-01-17,2023-01-17,1
IBD026204,"Man Murdered, Rivers",2023-01-17,2023-01-17,1
IBD026212,"Gunmen vs Vigilantes, Kaduna",2023-01-17,2023-01-17,6
IBD026196,"Bandits Kill 3, Katsina",2023-01-17,2023-01-17,3
IBD026193,"Police vs Protester, Niger",2023-01-17,2023-01-17,1
IBD026218,"Army vs Bandits, Kebbi",2023-01-17,2023-01-17,5
IBD026199,"Cultists vs Policeman, Abia",2023-01-17,2023-01-17,3
IBD026217,"Army vs Bandits, Katsina",2023-01-17,2023-01-18,3
IBD026200,"Police vs Traders, Lagos",2023-01-17,2023-01-17,1
IBD026379,"Troops vs Bandits, Niger",2023-01-17,2023-01-17,40
IBD026207,"Herdsmen Attack, Ondo",2023-01-17,2023-01-17,3
IBD026197,"Mob vs Thief, Delta",2023-01-16,2023-01-16,1
IBD026202,"Food Poisoning, Lagos",2023-01-16,2023-01-16,1
IBD026201,"Army vs Bandits, Sokoto",2023-01-16,2023-01-16,20
IBD026213,"Police vs Kidnapper, Delta",2023-01-16,2023-01-16,1
IBD026383,"Army vs Boko Haram, Borno",2023-01-16,2023-01-16,20
IBD026198,"Army vs Bandits, Kaduna",2023-01-16,2023-01-16,2
IBD026210,"Police vs Armed Robbers, Delta",2023-01-16,2023-01-16,2
IBD026180,"Auto Crash, Lagos",2023-01-15,2023-01-15,1
IBD026168,"Gunmen Attack INEC Office, Enugu",2023-01-15,2023-01-15,1
IBD026185,"Auto Crash, Kebbi",2023-01-15,2023-01-15,18
IBD026206,"Cult Clash, Edo",2023-01-15,2023-01-15,4
IBD026208,"Auto Crash, Ebonyi",2023-01-15,2023-01-15,1
IBD026173,"Bandits vs Priest, Niger",2023-01-15,2023-01-15,1
IBD026810,"Kidnap Victim, Lagos",2023-01-15,2023-01-15,1
IBD026175,"Auto Crash, FCT (Abuja)",2023-01-15,2023-01-15,6
IBD026380,"Army vs Boko Haram, Borno",2023-01-14,2023-01-14,10
IBD026184,"Electrocution, Enugu",2023-01-14,2023-01-14,1
IBD026216,"Robbers vs Man, Kogi",2023-01-14,2023-01-14,1
IBD026176,"Auto Crash, Plateau",2023-01-14,2023-01-14,2
IBD026178,"Gunmen vs Vigilante, Kwara",2023-01-14,2023-01-14,2
IBD026181,"Man vs Mother, Delta",2023-01-14,2023-01-14,1
IBD026174,"Youths vs Village Head, Niger",2023-01-14,2023-01-14,1
IBD026177,"Assailants vs Woman, Ondo",2023-01-14,2023-01-14,1
IBD026224,"Drug Abuse, Lagos",2023-01-14,2023-01-14,1
IBD026179,"Domestic Violence, Rivers",2023-01-14,2023-01-14,1
IBD026166,"Auto Crash, Plateau",2023-01-14,2023-01-14,12
IBD026172,"Police vs Bandits, Kaduna",2023-01-14,2023-01-14,1
IBD026164,"Auto Crash, Bauchi",2023-01-14,2023-01-14,5
IBD026167,"Gunmen vs Policeman, Imo",2023-01-14,2023-01-14,1
IBD026159,"Auto Crash, Ogun",2023-01-14,2023-01-14,10
IBD026165,"Gunmen Attack, Imo",2023-01-14,2023-01-14,4
IBD026271,"Police vs Man, Lagos",2023-01-14,2023-01-14,2
IBD026498,"Driver vs Businessman, Ondo",2023-01-14,2023-01-14,1
IBD026194,"Youth Dies, FCT (Abuja)",2023-01-13,2023-01-13,1
IBD026169,"Army vs ISWAP, Borno",2023-01-13,2023-01-13,20
IBD026191,"Mob vs Man, FCT (Abuja)",2023-01-13,2023-01-13,1
IBD026158,"Auto Crash, Abia",2023-01-13,2023-01-13,8
IBD026151,"Inferno, Kaduna",2023-01-13,2023-01-13,4
IBD027548,"Woman Dies, Delta",2023-01-13,2023-01-13,1
IBD026195,"Police vs Cultist, Delta",2023-01-13,2023-01-13,1
IBD026192,"Vigilantes vs Bandits, Nasarawa",2023-01-13,2023-01-13,2
IBD026154,"Gunmen vs Vigilante Group, Delta",2023-01-12,2023-01-13,2
IBD026156,"Cult Clash, Delta",2023-01-12,2023-01-12,2
IBD026162,"Army vs Terrorists, Nasarawa",2023-01-12,2023-01-12,2
IBD026385,"Security Operatives vs Bandits, Zamfara",2023-01-12,2023-01-12,10
IBD026148,"Kidnappers vs Police, Edo",2023-01-12,2023-01-12,2
IBD026384,"Security Operatives vs Bandits, Zamfara",2023-01-12,2023-01-12,10
IBD026147,"Gunmen Attack, Anambra",2023-01-12,2023-01-12,5
IBD026160,"Jet Ski Rider Drowns, Lagos",2023-01-11,2023-01-11,1
IBD026152,"Army vs IPOB/ESN, Imo",2023-01-11,2023-01-11,5
IBD026145,"Bandits Kill Community Leader, Kaduna",2023-01-11,2023-01-11,2
IBD026155,"Auto Crash, Niger",2023-01-11,2023-01-11,1
IBD026153,"Army vs Bandits, Kaduna",2023-01-11,2023-01-11,2
IBD026140,"Auto Crash, FCT (Abuja)",2023-01-10,2023-01-10,1
IBD026142,"Gunmen Kill 4, Anambra",2023-01-10,2023-01-10,4
IBD026146,"Gunmen Kill Man, FCT (Abuja)",2023-01-10,2023-01-10,1
IBD026149,"Gunmen vs Intending Couple, Imo",2023-01-10,2023-01-10,2
IBD026183,"Policemen vs Bandits, Bauchi",2023-01-10,2023-01-10,2
IBD026134,"Auto Crash, Ondo",2023-01-09,2023-01-09,4
IBD026129,"Yoruba Nation Agitators, Lagos",2023-01-09,2023-01-09,2
IBD026141,"Security Operative vs Tanker Driver, Rivers",2023-01-09,2023-01-09,1
IBD026135,"Bandits vs Security Operatives, Kaduna",2023-01-09,2023-01-09,19
IBD026230,"One Killed, Benue",2023-01-09,2023-01-09,1
IBD026182,"Bandits vs Man, Bauchi",2023-01-09,2023-01-09,1
IBD026130,"Cult Killing, Anambra",2023-01-08,2023-01-08,1
IBD026143,"Robbers vs Student, Anambra",2023-01-08,2023-01-08,1
IBD026157,"Herdsmen vs Farmer, Kwara",2023-01-08,2023-01-08,1
IBD026136,"Auto Crash, Sokoto",2023-01-08,2023-01-08,12
IBD026123,"Auto Crash, Ogun",2023-01-07,2023-01-07,1
IBD026115,"Man vs Step-Mother, Kano",2023-01-07,2023-01-07,2
IBD026121,"Cultism, Rivers",2023-01-07,2023-01-07,2
IBD026171,"Policemen vs Bandits, Bauchi",2023-01-07,2023-01-07,2
IBD026150,"Hotelier, Ogun",2023-01-07,2023-01-07,1
IBD026131,"Suspected Robber, Lagos",2023-01-07,2023-01-07,1
IBD026118,"Police vs Gunrunners, Zamfara",2023-01-07,2023-01-07,2
IBD026381,"Police vs Gunmen, Zamfara",2023-01-07,2023-01-07,2
IBD026968,"Ritual Killing, Ogun",2023-01-07,2023-01-07,1
IBD026161,"Auto Crash, Oyo",2023-01-06,2023-01-06,1
IBD026138,"Domestic Violence, Lagos",2023-01-06,2023-01-06,1
IBD026112,"Auto Crash, Ogun",2023-01-06,2023-01-06,3
IBD026120,"Gunmen Kill 1, Delta",2023-01-06,2023-01-06,1
IBD026132,"Auto Crash, Lagos",2023-01-06,2023-01-06,1
IBD026144,"Bandits Kill 1, Kaduna",2023-01-05,2023-01-05,1
IBD026109,"Man vs Wife, Bauchi",2023-01-05,2023-01-05,1
IBD026133,"Cult Killing, Ondo",2023-01-05,2023-01-05,1
IBD026580,"One Dead, Abia",2023-01-05,2023-01-05,1
IBD026139,"Man Dies, Anambra",2023-01-05,2023-01-05,1
IBD026122,"Siblings in Fraud, Delta",2023-01-04,2023-01-04,1
IBD026101,"Gunmen Kill Vigilante, Anambra",2023-01-04,2023-01-04,1
IBD026082,"Communal Clash, Ondo",2023-01-04,2023-01-04,1
IBD026093,"Police vs Kidnappers, Bauchi",2023-01-04,2023-01-04,3
IBD026128,"Man in Police Cell, Abia",2023-01-04,2023-01-04,1
IBD026111,"Auto Crash, Kano",2023-01-04,2023-01-04,7
IBD026116,"Police vs Bandits, Nasarawa",2023-01-04,2023-01-04,3
IBD026113,"Auto Crash, Bauchi",2023-01-04,2023-01-04,18
IBD026124,"Police Kill Robber, Edo",2023-01-04,2023-01-04,1
IBD026126,"Police vs Terrorist, Katsina",2023-01-04,2023-01-04,1
IBD026098,"Cult War, Delta",2023-01-03,2023-01-03,5
IBD026107,"Boy Drowns, Delta",2023-01-03,2023-01-03,1
IBD026077,"Auto Crash, Kwara",2023-01-03,2023-01-03,2
IBD026105,"Cultists Kill Man, ANambra",2023-01-03,2023-01-03,3
IBD026095,"Boat Mishap, Kebbi",2023-01-03,2023-01-03,20
IBD026081,"Auto Crash, Lagos",2023-01-03,2023-01-03,1
IBD026076,"Auto Crash, Kogi",2023-01-03,2023-01-03,15
IBD026092,"Youths Killed, Ondo",2023-01-03,2023-01-03,4
IBD026291,"One Killed, Oyo",2023-01-03,2023-01-03,1
IBD026083,"Son vs Father, Akwa Ibom",2023-01-03,2023-01-03,1
IBD026099,"Couple Found Dead, Kano",2023-01-02,2023-01-02,2
IBD026075,"Police vs Bandit, Katsina",2023-01-02,2023-01-02,1
IBD026087,"Gunmen Attack, Nasarawa",2023-01-02,2023-01-02,1
IBD026100,"Army Officer vs Passenger, FCT (Abuja)",2023-01-02,2023-01-02,1
IBD026085,"Policemen Killed in Ohakim Convoy, Imo",2023-01-02,2023-01-02,4
IBD026091,"Gunmen Attack, Anambra",2023-01-02,2023-01-02,1
IBD026356,"Medical Negligence, Bauchi",2023-01-02,2023-01-02,1
IBD026781,"Medical Negligence, Delta",2023-01-02,2023-01-02,1
IBD026102,"Sex Romp, Ekiti",2023-01-02,2023-01-02,1
IBD026088,"Army vs Bandits, Kaduna",2023-01-01,2023-01-03,3
IBD026072,"Hoodlums vs Couple, Ogun",2023-01-01,2023-01-01,3
IBD026096,"Army vs Boko Haram, Borno",2023-01-01,2023-01-01,32
IBD026074,"Auto Crash, Oyo",2023-01-01,2023-01-01,5
IBD026090,"Gunmen Attack, Imo",2023-01-01,2023-01-01,2
IBD026089,"Gunmen Attack, Anambra",2023-01-01,2023-01-01,4
IBD026125,"Police vs Hoodlum, Katsina",2023-01-01,2023-01-01,1
IBD026103,"Police Kill Bandit, Zamfara",2023-01-01,2023-01-01,1
IBD026078,"Auto Crash, Bauchi",2023-01-01,2023-01-01,7
IBD026069,"Gunmen vs Ebubeagu Commander, Ebonyi",2023-01-01,2023-01-01,1
IBD026079,"Auto Crash, Ogun",2023-01-01,2023-01-01,1
IBD026080,"Auto Crash, Ogun",2023-01-01,2023-01-01,7
IBD028056,"Ritualist Shrine, Oyo",2023-01-01,2023-06-30,5
IBD026110,"Woman vs Co-wife, Bauchi",2023-01-01,2023-01-01,1
IBD026331,"Assailants vs Man, Delta",2022-12-31,2022-12-31,1
IBD026163,"Communal Clash, Delta",2022-12-31,2022-12-31,3
IBD026097,"Political Issue, Sokoto",2022-12-31,2022-12-31,2
IBD026117,"Police vs Bandits, Bauchi",2022-12-31,2022-12-31,20
IBD026094,"Police vs Kidnappers/Bandits, Bauchi",2022-12-31,2022-12-31,10
IBD026086,"Auto Crash, Niger",2022-12-31,2022-12-31,4
IBD026070,"Inferno, Akwa Ibom",2022-12-30,2022-12-30,2
IBD026040,"Auto Crash, Delta",2022-12-29,2022-12-29,3
IBD026084,"Kidnappers Kill Doctor, Delta",2022-12-29,2022-12-29,1
IBD026037,"Bomb Blast, Kogi",2022-12-29,2022-12-29,4
IBD026061,"Motorist Dies, Oyo",2022-12-29,2022-12-29,1
IBD026052,"Banditry, Bauchi",2022-12-29,2022-12-29,32
IBD026044,"Political Supremacy, Ebonyi",2022-12-28,2022-12-28,3
IBD026043,"Auto Crash, Kogi",2022-12-28,2022-12-28,2
IBD026240,"Man vs Security Guard, Ondo",2022-12-28,2022-12-28,1
IBD026063,"Assailants vs Policeman, Bayelsa",2022-12-28,2022-12-28,1
IBD026039,"Political Violence, Oyo",2022-12-28,2022-12-28,1
IBD026108,"Ritual Killing, Ogun",2022-12-28,2022-12-28,3
IBD026055,"Police vs Kidnappers, Delta",2022-12-28,2022-12-28,1
IBD026054,"Gunmen Attack, Katsina",2022-12-28,2022-12-28,1
IBD026060,"Auto Crash, Imo",2022-12-28,2022-12-28,6
IBD026033,"Auto Crash, Ogun",2022-12-28,2022-12-28,7
IBD026032,"Auto Crash , Lagos",2022-12-27,2022-12-27,1
IBD026028,"Auto Crash, Niger",2022-12-27,2022-12-27,7
IBD026057,"Banditry, Sokoto",2022-12-27,2022-12-27,10
IBD026034,"Auto Crash, Niger",2022-12-27,2022-12-27,11
IBD026038,"Boko Haram Explosion, Niger",2022-12-27,2022-12-27,1
IBD026036,"Auto Crash, Ekiti",2022-12-27,2022-12-27,1
IBD026046,"Assaliant vs Man, Lagos",2022-12-27,2022-12-27,1
IBD026035,"Auto Crash, Cross River",2022-12-27,2022-12-27,8
IBD026056,"Banditry, Sokoto",2022-12-27,2022-12-27,10
IBD026042,"Banditry, Sokoto",2022-12-27,2022-12-27,10
IBD026029,"Auto Crash, Oyo",2022-12-27,2022-12-27,10
IBD026030,"Auto Crash, Akwa Ibom",2022-12-27,2022-12-27,3
IBD026047,"3 Drown, Lagos",2022-12-26,2022-12-26,3
IBD026051,"Assailants Attack, Imo",2022-12-26,2022-12-26,2
IBD026049,"Ritual Killing, Oyo",2022-12-26,2022-12-26,3
IBD026025,"Auto Crash, Bauchi",2022-12-26,2022-12-26,1
IBD026064,"Bandits Attack, Zamfara",2022-12-26,2022-12-26,4
IBD026067,"Boko Haram Attack, Borno",2022-12-26,2022-12-26,8
IBD026258,"Robbers Kill Drivers, Edo",2022-12-26,2022-12-26,3
IBD026068,"Boko Haram Attack, Borno",2022-12-26,2022-12-26,20
IBD026018,"Auto Crash, Ebonyi",2022-12-26,2022-12-26,1
IBD026008,"Police vs Female Lawyer, Lagos",2022-12-25,2022-12-25,1
IBD026007,"Man vs Lady, Cross River",2022-12-25,2022-12-25,1
IBD026021,"Gunmen Attack, Delta",2022-12-25,2022-12-25,4
IBD026005,"Auto Crash, Ogun",2022-12-25,2022-12-25,3
IBD026012,"Auto Crash, Kaduna",2022-12-25,2022-12-25,5
IBD026020,"Gunmen Attack, Kaduna",2022-12-25,2022-12-25,1
IBD026031,"Auto Crash, Rivers",2022-12-25,2022-12-25,8
IBD029157,"Robbers vs Jogger, FCT (Abuja)",2022-12-25,2022-12-25,1
IBD026004,"Auto Crash, Bauchi",2022-12-25,2022-12-25,6
IBD026048,"Assailants Attack, Enugu",2022-12-25,2022-12-28,1
IBD026013,"Kidnappers vs Siblings, Taraba",2022-12-25,2022-12-25,4
IBD026014,"Thief vs Jogger, FCT (Abuja)",2022-12-25,2022-12-25,1
IBD026016,"Boko Haram vs Herders, Borno",2022-12-24,2022-12-24,17
IBD025988,"Auto Crash, Anambra",2022-12-24,2022-12-24,2
IBD026011,"Banditry, Kebbi",2022-12-24,2022-12-24,3
IBD026017,"Auto Crash, Akwa Ibom",2022-12-24,2022-12-24,2
IBD026006,"Cow Kills Youth, Bayelsa",2022-12-24,2022-12-24,1
IBD026119,"Robber, Lagos",2022-12-24,2022-12-24,1
IBD026041,"Police vs Kidnappers, Delta",2022-12-24,2022-12-24,2
IBD026137,"Man kill Family Members, Enugu",2022-12-24,2023-01-01,5
IBD026003,"Police vs Robbers, Lagos",2022-12-24,2022-12-24,2
IBD026065,"Mob vs Phone Thief, Delta",2022-12-24,2022-12-24,1
IBD026024,"Gunmen Attack, Plateau",2022-12-24,2022-12-24,1
IBD026221,"Herdsmen Attack, Enugu",2022-12-24,2022-12-24,2
IBD026058,"Found Dead, Anambra",2022-12-23,2022-12-23,1
IBD026062,"Man vs Colleague, FCT (Abuja)",2022-12-23,2022-12-23,1
IBD025998,"Bandits vs Village Head, Niger",2022-12-23,2022-12-23,2
IBD029099,"Bandits Kill Captive, FCT (Abuja)",2022-12-23,2022-12-23,1
IBD025997,"Banditry, Kaduna",2022-12-22,2022-12-22,10
IBD026001,"Gunmen vs Vigilante, Anambra",2022-12-22,2022-12-22,2
IBD025981,"Auto Crash, Ogun",2022-12-22,2022-12-22,4
IBD026010,"Inferno, FCT (Abuja)",2022-12-22,2022-12-22,3
IBD025993,"Banditry, Niger",2022-12-22,2022-12-22,1
IBD025989,"Army vs Bandits, Kaduna",2022-12-22,2022-12-22,4
IBD025999,"Boat Mishap, Lagos",2022-12-22,2022-12-22,1
IBD026000,"Army vs Boko Haram, Bornon",2022-12-22,2022-12-22,26
IBD025982,"Auto Crash, Lagos",2022-12-22,2022-12-22,1
IBD026027,"Bandits vs Pregnant Woman, Niger",2022-12-22,2022-12-22,1
IBD025994,"Army vs Bandits, Kaduna",2022-12-22,2022-12-22,2
IBD025992,"Army vs Bandits, Kaduna",2022-12-22,2022-12-22,4
IBD025984,"Army vs Boko Haram, Borno",2022-12-21,2022-12-27,119
IBD025986,"Police vs Bandits, Zamfara",2022-12-21,2022-12-21,12
IBD026009,"Kidnappers vs Woman, Kogi",2022-12-21,2022-12-21,1
IBD025975,"Auto Crash, Delta",2022-12-21,2022-12-21,2
IBD025969,"Gunmen vs Police, Kogi",2022-12-21,2022-12-21,2
IBD025972,"Electrocution, Kaduna",2022-12-21,2022-12-21,11
IBD025976,"Auto Crash, Bauchi",2022-12-21,2022-12-21,6
IBD025974,"Boat Mishap, Delta",2022-12-20,2022-12-20,3
IBD026127,"Assailants vs Man, Bauchi",2022-12-20,2022-12-20,1
IBD026022,"Found Dead, Lagos",2022-12-20,2022-12-20,3
IBD025967,"Auto Crash, Akwa Ibom",2022-12-19,2022-12-19,1
IBD025970,"Army vs IPOB/ESN, Ebonyi",2022-12-19,2022-12-19,14
IBD025968,"Soldier vs Guest, Lagos",2022-12-19,2022-12-19,2
IBD025962,"Auto Crash, Adamawa",2022-12-19,2022-12-19,8
IBD025957,"Banditry, Zamfara",2022-12-18,2022-12-19,130
IBD025947,"Auto Crash, Ondo",2022-12-18,2022-12-18,3
IBD025990,"Banditry, Niger",2022-12-18,2022-12-18,1
IBD025973,"Cult Killing, Akwa Ibom",2022-12-18,2022-12-18,1
IBD025958,"Bandits Kill 37, Kaduna",2022-12-18,2022-12-18,35
IBD025961,"Boat Mishap, Kogi",2022-12-18,2022-12-18,40
IBD025959,"Police vs Kidnappers, Bauchi",2022-12-18,2022-12-18,12
IBD025965,"Police vs Armed Robbers, Kebbi",2022-12-18,2022-12-18,1
IBD026104,"Guard, Anambra",2022-12-18,2022-12-18,1
IBD025963,"Police vs Kidnappers, Abia",2022-12-18,2022-12-18,4
IBD025944,"Kidnappers vs Businessman, Ondo",2022-12-17,2022-12-17,1
IBD025950,"Fulani Attack, Enugu",2022-12-17,2022-12-18,24
IBD025991,"Fish Farmer, Ogun",2022-12-17,2022-12-17,1
IBD025951,"Auto Crash, Niger",2022-12-17,2022-12-17,14
IBD025946,"Auto Crash, Bauchi",2022-12-17,2022-12-17,1
IBD025966,"Auto Crash, Kano",2022-12-17,2022-12-17,11
IBD025943,"Vigilante vs Bandits, Zamfara",2022-12-17,2022-12-17,15
IBD025945,"Man vs Friend, Cross River",2022-12-17,2022-12-17,1
IBD025956,"Kidnappers Kill Commissioner, Anambra",2022-12-17,2022-12-17,1
IBD029303,"Kidnappers vs Monarch, Imo",2022-12-17,2022-12-17,1
IBD025953,"Inferno, Jigawa",2022-12-16,2022-12-16,3
IBD025938,"Political Violence, Imo",2022-12-16,2022-12-16,1
IBD025949,"Herdsmen vs Farmers, Benue",2022-12-16,2022-12-16,3
IBD025942,"Bandits Kill 20, Zamfara",2022-12-16,2022-12-16,20
IBD025931,"Train Accident, FCT (Abuja)",2022-12-15,2022-12-15,1
IBD025960,"Police vs Motorcyclist, Lagos",2022-12-15,2022-12-15,1
IBD025940,"Cult Clash, Rivers",2022-12-15,2022-12-15,3
IBD026659,"Cultism, Lagos",2022-12-15,2022-12-15,2
IBD025932,"Auto Crash, Anambra",2022-12-14,2022-12-14,1
IBD025937,"Police vs Gunmen, Ebonyi",2022-12-14,2022-12-14,2
IBD025927,"Electrocution, Lagos",2022-12-14,2022-12-14,1
IBD025941,"Man vs Friend, Delta",2022-12-14,2022-12-14,1
IBD025923,"Police vs Bandits, Katsina",2022-12-14,2022-12-14,2
IBD025930,"Auto Crash, Borno",2022-12-14,2022-12-14,4
IBD025925,"Terrorists Attack, Kaduna",2022-12-14,2022-12-14,4
IBD025939,"Cult Killing, Osun",2022-12-13,2022-12-13,1
IBD025921,"Terrorists Attack, Kaduna",2022-12-13,2022-12-13,3
IBD025934,"Gunmen Attack, Sokoto",2022-12-13,2022-12-13,6
IBD025929,"Woman vs Neighbour, Kano",2022-12-13,2022-12-13,1
IBD025924,"Police vs Kidnappers, Delta",2022-12-13,2022-12-13,1
IBD026524,"Robbers vs Tricycle Rider, Ogun",2022-12-13,2022-12-13,1
IBD025922,"Cult Killing, Akwa Ibom",2022-12-13,2022-12-13,5
IBD026837,"Banditry, Kaduna",2022-12-13,2022-12-13,2
IBD025909,"Gunmen vs Police, Imo",2022-12-12,2022-12-12,5
IBD025918,"Police vs Bandits, Sokoto",2022-12-12,2022-12-12,1
IBD025916,"Auto Crash, Kebbi",2022-12-12,2022-12-12,14
IBD025899,"Gunmen Attack, Ebonyi",2022-12-12,2022-12-12,5
IBD025978,"Police vs Kidnappers, Ekiti",2022-12-12,2022-12-12,2
IBD026059,"Man vs Daughter, Akwa Ibom",2022-12-11,2022-12-11,1
IBD025910,"Gunmen vs Pregnant Woman, Borno",2022-12-11,2022-12-11,1
IBD025903,"Auto Crash, Lagos",2022-12-11,2022-12-11,1
IBD025897,"Assailant vs Lady, Plateau",2022-12-11,2022-12-11,1
IBD025926,"Policeman vs Man, Rivers",2022-12-11,2022-12-11,1
IBD025912,"NAF vs Bandits, Kaduna",2022-12-11,2022-12-11,28
IBD025920,"Gunmen vs Man, Ogun",2022-12-11,2022-12-11,1
IBD025907,"Tanker Explosion, Ogun",2022-12-11,2022-12-11,1
IBD025901,"Auto Crash, Kogi",2022-12-10,2022-12-10,6
IBD025911,"NAF vs Bandits, Kaduna",2022-12-10,2022-12-10,10
IBD025906,"Bandits vs District Head, Zamfara",2022-12-10,2022-12-10,1
IBD025900,"Auto Crash, Bauchi",2022-12-10,2022-12-10,6
IBD026170,"Police vs Kidnappers, Bauchi",2022-12-10,2022-12-10,4
IBD025919,"Robber vs Man, Ogun",2022-12-10,2022-12-10,1
IBD025890,"Gunmen vs Policeman, Imo",2022-12-09,2022-12-09,1
IBD025895,"Gunmen Kill 2, Imo",2022-12-09,2022-12-09,2
IBD025915,"Gunmen vs Woman, Oyo",2022-12-09,2022-12-09,1
IBD025894,"Gunmen vs Expatriates, Imo",2022-12-09,2022-12-09,2
IBD025902,"Gunmen vs 8 Northerners, Imo",2022-12-09,2022-12-09,8
IBD025904,"Banditry, Bauchi",2022-12-09,2022-12-10,27
IBD025898,"Gunmen Kill 2, Enugu",2022-12-09,2022-12-09,2
IBD025893,"Gunmen Kill 4, Imo",2022-12-09,2022-12-09,4
IBD025914,"Policewoman vs House Maid, Oyo",2022-12-09,2022-12-09,1
IBD025896,"Police vs IPOB/ESN, Imo",2022-12-09,2022-12-09,10
IBD025885,"Army vs IPOB/ESN, Enugu",2022-12-08,2022-12-08,1
IBD025928,"Herdsmen Attack, Kwara",2022-12-08,2022-12-08,1
IBD025886,"Banditry, Gombe",2022-12-08,2022-12-08,3
IBD025884,"Gunmen Attack, Enugu",2022-12-08,2022-12-08,12
IBD025983,"Auto Crash, Ogun",2022-12-08,2022-12-08,1
IBD025883,"Army vs Bandits, Kaduna",2022-12-07,2022-12-07,9
IBD025876,"Police vs Man, Lagos",2022-12-07,2022-12-07,1
IBD025878,"Gunmen Attack, FCT (Abuja)",2022-12-06,2022-12-06,1
IBD025870,"Boxer Dies, Delta",2022-12-06,2022-12-06,1
IBD025888,"Witchcraft, Bauchi",2022-12-06,2022-12-06,1
IBD025859,"Auto Crash, Niger",2022-12-06,2022-12-06,7
IBD025880,"Auto Crash, Jigawa",2022-12-06,2022-12-06,3
IBD025879,"Army vs ISWAP, Borno",2022-12-06,2022-12-06,8
IBD025877,"Man vs Wife, Lagos",2022-12-05,2022-12-05,1
IBD025868,"Bandits vs Policemen, Sokoto",2022-12-05,2022-12-05,6
IBD025867,"Cult Clash, Delta",2022-12-05,2022-12-05,4
IBD025872,"Army vs Bandits, Kaduna",2022-12-05,2022-12-05,30
IBD025874,"Boko Haram vs ISWAP, Borno",2022-12-05,2022-12-05,56
IBD025856,"Auto Crash, Anambra",2022-12-05,2022-12-05,2
IBD025881,"Guard vs Employer, Gombe",2022-12-05,2022-12-05,1
IBD025871,"Policeman vs Gunman, Ebonyi",2022-12-05,2022-12-05,3
IBD026045,"Witchcraft, Adamawa",2022-12-04,2022-12-04,7
IBD025865,"Vandals vs Vigilante, Rivers",2022-12-04,2022-12-04,1
IBD025869,"Security Agents vs Tricycle Rider, Plateau",2022-12-04,2022-12-04,1
IBD025854,"Domestic Violence, Lagos",2022-12-04,2022-12-04,1
IBD025917,"Woman vs Child, Kebbi",2022-12-04,2022-12-04,1
IBD025855,"Army vs Boko Haram, Borno",2022-12-03,2022-12-03,24
IBD025863,"Collapsed Building, Akwa Ibom",2022-12-03,2022-12-03,1
IBD025853,"Naval Officers vs Police, Lagos",2022-12-03,2022-12-03,1
IBD025857,"Auto Crash, Delta",2022-12-03,2022-12-03,3
IBD025860,"Herders vs Farmers, Rivers",2022-12-02,2022-12-02,1
IBD025849,"Farmers vs Herders, Borno",2022-12-02,2022-12-02,8
IBD025861,"Robbers, Delta",2022-12-02,2022-12-02,2
IBD025851,"Auto Crash, Bauchi",2022-12-02,2022-12-02,5
IBD025862,"Robbers vs Man, Oyo",2022-12-02,2022-12-02,1
IBD025858,Domestic Violence Jigawa,2022-12-02,2022-12-02,1
IBD026265,"Work Accident, Lagos",2022-12-02,2022-12-02,1
IBD025852,"Army vs Bandits, Niger",2022-12-02,2022-12-02,20
IBD025882,"Pregnant Girl Dies, Akwa Ibom",2022-12-02,2022-12-02,1
IBD025847,"Drug Overdose, Bayelsa",2022-12-01,2022-12-01,4
IBD025866,"NAF vs Bandits, Kaduna",2022-12-01,2022-12-01,17
IBD025913,"Scrap Collector vs Man, Lagos",2022-12-01,2022-12-01,1
IBD025840,"Auto Crash, Enugu",2022-12-01,2022-12-01,1
IBD025839,"Auto Crash, Adamawa",2022-12-01,2022-12-01,4
IBD025964,"Mother vs Son, Oyo",2022-12-01,2022-12-01,1
IBD025837,"Assailants vs Victim, Edo",2022-11-30,2022-11-30,1
IBD025846,"Troops vs Terrorist, Zamfara",2022-11-30,2022-11-30,3
IBD025844,"Bandits Kill 1, Sokoto",2022-11-30,2022-11-30,1
IBD025843,"Bandits Kill 6, Sokoto",2022-11-30,2022-11-30,6
IBD025838,"Father vs Daughter, Delta",2022-11-30,2022-11-30,1
IBD025842,"Cultism, Lagos",2022-11-30,2022-11-30,1
IBD025828,"Auto Crash, Lagos",2022-11-30,2022-11-30,1
IBD025829,"Gunmen vs Family, Benue",2022-11-30,2022-11-30,3
IBD025845,"Troops vs Terrorist, Katsina",2022-11-30,2022-11-30,20
IBD025850,"Found Dead, Bauchi",2022-11-30,2022-11-30,1
IBD025826,"Mother vs Daughter, Cross River",2022-11-29,2022-11-29,1
IBD025820,"Kidnap Victim, Katsina",2022-11-29,2022-11-29,1
IBD025835,"Gunmen vs Police, Delta",2022-11-29,2022-11-29,1
IBD025834,"Boy vs Girlfriend, Ogun",2022-11-29,2022-11-29,1
IBD025822,"Charm Testing, Enugu",2022-11-29,2022-11-29,1
IBD025836,"Medical Negligence, Rivers",2022-11-29,2022-11-29,1
IBD025819,"Bandits Attack, Katsina",2022-11-29,2022-11-29,2
IBD025830,"Hunters vs Man, Ondo",2022-11-29,2022-11-29,1
IBD025821,"Auto Crash, Bauchi",2022-11-28,2022-11-28,2
IBD025818,"Political Violence, Kaduna",2022-11-28,2022-11-28,1
IBD025823,"Assailants vs Musician, Anambra",2022-11-28,2022-11-28,1
IBD025832,"Domestic Violence, Bauchi",2022-11-28,2022-11-28,1
IBD025833,"Kidnap Victims, Kaduna",2022-11-28,2022-11-28,2
IBD025817,"Gunmen Attack, Kogi",2022-11-28,2022-11-28,1
IBD025802,"Auto Crash, Ogun",2022-11-27,2022-11-27,3
IBD025841,"Robbers vs Woman, Kogi",2022-11-27,2022-11-27,1
IBD025815,"Food Poisoning, Kaduna",2022-11-27,2022-11-27,3
IBD025808,"Assailants vs Motorcycle Thief, Edo",2022-11-27,2022-11-27,1
IBD026002,"Fulani Militia vs Man, Katsina",2022-11-27,2022-11-27,1
IBD026026,"Cult Killing, Ogun",2022-11-27,2022-11-27,1
IBD025825,"NAF vs ISWAP, Borno",2022-11-27,2022-11-27,30
IBD025803,"Army vs Bandits, Kaduna",2022-11-26,2022-11-26,4
IBD025804,"Pirates, Akwa Ibom",2022-11-26,2022-11-26,6
IBD025799,"Cult Clash, Anambra",2022-11-26,2022-11-26,3
IBD025979,"Lawyer vs Lover, Lagos",2022-11-26,2022-11-26,1
IBD025800,"Gunmen Attack, Ondo",2022-11-26,2022-11-26,2
IBD025824,"Herbalist vs Lotto Operator, Ogun",2022-11-25,2022-11-25,1
IBD025794,"Gunmen Attack, Kaduna",2022-11-25,2022-11-25,11
IBD025796,"Gunmen Attack, Kaduna",2022-11-25,2022-11-25,2
IBD025795,"Gunmen Attack, Kaduna",2022-11-25,2022-11-25,2
IBD025801,"Man vs Boy, Ogun",2022-11-25,2022-11-25,1
IBD025798,"Army vs Boko Haram, Borno",2022-11-24,2022-11-24,5
IBD025792,"Auto Crash, Delta",2022-11-24,2022-11-24,2
IBD025827,"NAF vs ISWAP, Borno",2022-11-24,2022-11-29,41
IBD025789,"Gunmen vs Police, Rivers",2022-11-24,2022-11-24,4
IBD025790,"Banditry, Zamfara",2022-11-23,2022-11-23,19
IBD025788,"Ritual Killing, Ogun",2022-11-23,2022-11-23,1
IBD025783,"Auto Crash, Lagos",2022-11-23,2022-11-23,1
IBD025805,"Political Crisis, Borno",2022-11-23,2022-11-23,1
IBD025778,"Police vs Youths, Osun",2022-11-23,2022-11-23,1
IBD025764,"Auto Crash, Bauchi",2022-11-22,2022-11-22,37
IBD025777,"Gunmen Attack, Plateau",2022-11-22,2022-11-22,8
IBD025831,"Woman vs Septuagenarian, Ogun",2022-11-22,2022-11-22,1
IBD025765,"Police vs Armed Robbers, Imo",2022-11-22,2022-11-22,1
IBD025761,"Auto Crash, FCT (Abuja)",2022-11-22,2022-11-22,17
IBD025763,"Auto Crash, Borno",2022-11-22,2022-11-22,37
IBD025766,"Auto Crash, Plateau",2022-11-22,2022-11-22,2
IBD025811,"Woman vs Co-Wife, Bauchi",2022-11-22,2022-11-22,1
IBD025791,"Auto Crash, Akwa Ibom",2022-11-21,2022-11-21,2
IBD025768,"Auto Crash, Borno",2022-11-21,2022-11-21,5
IBD025782,"ISWAP vs Boko Haram, Borno",2022-11-21,2022-11-21,50
IBD025759,"Found Dead, Bayelsa",2022-11-21,2022-11-21,1
IBD025762,"Inferno, Kano",2022-11-21,2022-11-21,3
IBD025767,"Auto Crash, Kogi",2022-11-21,2022-11-21,5
IBD025769,"Auto Crash, Yobe",2022-11-21,2022-11-21,5
IBD025743,"Police vs Gunmen, Enugu",2022-11-20,2022-11-20,2
IBD025739,"Lady vs Boyfriend, Lagos",2022-11-20,2022-11-20,1
IBD025753,"Food Poisoning, Benue",2022-11-20,2022-11-20,11
IBD025781,"Herdsmen Attack, Rivers",2022-11-20,2022-11-20,2
IBD025744,"Mob vs Man, Niger",2022-11-20,2022-11-20,1
IBD025746,"Herder vs Sibling, FCT ( Abuja)",2022-11-20,2022-11-20,1
IBD025785,"Student vs Colleagues, Sokoto",2022-11-20,2022-11-20,1
IBD025737,"Auto Crash, Kano",2022-11-19,2022-11-19,9
IBD025747,"Man vs Woman, Kano",2022-11-19,2022-11-19,1
IBD025727,"Gunmen vs Policemen, Enugu",2022-11-19,2022-11-19,3
IBD025760,"Herdsmen Attack, Enugu",2022-11-19,2022-11-21,10
IBD025873,"Man vs Lover, Oyo",2022-11-19,2022-11-19,1
IBD025740,Air Force vs Bandits,2022-11-19,2022-11-19,9
IBD025745,"Air Force vs Bandits, Kaduna",2022-11-19,2022-11-19,20
IBD025742,"Mob vs Transport Boss, Oyo",2022-11-19,2022-11-19,2
IBD025971,"IPOB/ESN vs Vigilante, Enugu",2022-11-19,2022-11-19,2
IBD025729,"Farmer Kills Attacker, Katsina",2022-11-19,2022-11-19,1
IBD025954,"Kidnappers vs Couple, Anambra",2022-11-19,2022-11-19,2
IBD025755,"Female Corpse, Lagos",2022-11-19,2022-11-19,1
IBD025748,"Gunmen vs Police, Enugu",2022-11-19,2022-11-19,1
IBD025731,"Mob vs Robbers, Ebonyi",2022-11-18,2022-11-18,3
IBD025809,"Police vs Man, Adamawa",2022-11-18,2022-11-18,1
IBD025730,"Gunmen Attack, Ebonyi",2022-11-18,2022-11-18,2
IBD026015,"Bandits vs Police, Kaduna",2022-11-18,2022-11-18,1
IBD025728,"Gunmen Kill 2, Enugu",2022-11-18,2022-11-18,2
IBD025725,"Gunmen vs Ex-Commissioner, Enugu",2022-11-18,2022-11-18,2
IBD025715,"Auto Crash, Kwara",2022-11-17,2022-11-17,1
IBD025716,"Auto Crash, FCT (Abuja)",2022-11-17,2022-11-17,6
IBD025741,"Assailants vs Businessman, Delta",2022-11-16,2022-11-16,2
IBD025712,"Soldier vs Colleague, Borno",2022-11-16,2022-11-16,3
IBD025710,"Bandits vs Imam, Sokoto",2022-11-16,2022-11-16,1
IBD025816,"Land Vendor vs Man, Benue",2022-11-16,2022-11-16,1
IBD025749,"Air Force vs Bandits, Kaduna",2022-11-16,2022-11-19,10
IBD025714,"Police vs Bandits, Niger",2022-11-16,2022-11-16,7
IBD025700,"Boko Haram vs Women, Borno",2022-11-16,2022-11-16,21
IBD025751,"Air Force vs Bandits, Kaduna",2022-11-16,2022-11-19,10
IBD025750,"Air Force vs Bandits, Kaduna",2022-11-16,2022-11-19,10
IBD025709,"Auto Crash, Bauchi",2022-11-16,2022-11-16,2
IBD025736,"NAF vs Boko Haram, Borno",2022-11-16,2022-11-17,16
IBD025812,"Man Stab One, Bauchi",2022-11-16,2022-11-16,1
IBD025780,"Woman vs Husband, Oyo",2022-11-16,2022-11-16,1
IBD025713,"Terrorists Attack, Plateau",2022-11-16,2022-11-16,1
IBD025688,"Auto Crash, Lagos",2022-11-15,2022-11-15,1
IBD025787,"Gunmen Attack, Plateau",2022-11-15,2022-11-15,9
IBD025689,"Gunmen vs Family, Plateau",2022-11-15,2022-11-15,10
IBD025683,"Party Stalwart, Plateau",2022-11-15,2022-11-15,1
IBD025996,"Gunmen vs Ebubeagu Operative, Ebonyi",2022-11-15,2022-11-15,1
IBD025599,"Kidnappers vs Guard, Benue",2022-11-15,2022-11-15,1
IBD025754,"Man vs Wife, Ogun",2022-11-14,2022-11-14,1
IBD025738,"Man vs Mother-in-law, Lagos",2022-11-14,2022-11-14,2
IBD025699,"Gunmen Attack, Plateau",2022-11-14,2022-11-14,3
IBD025711,"Bandits vs Farmers, Sokoto",2022-11-14,2022-11-14,2
IBD025679,"Gunmen vs Woman, Imo",2022-11-14,2022-11-14,2
IBD025687,"Decomposed Corps, Bauchi",2022-11-14,2022-11-14,2
IBD025691,"Soldiers vs Boko Haram, Borno",2022-11-14,2022-11-14,14
IBD025670,"Gunmen vs Monarch, Imo",2022-11-14,2022-11-14,4
IBD025685,"Gunmen Attack, Kaduna",2022-11-14,2022-11-14,1
IBD025682,"Auto Crash, Kaduna",2022-11-14,2022-11-14,10
IBD025686,"Domestic Violence, Plateau",2022-11-14,2022-11-14,1
IBD025672,"Auto Crash, Ekiti",2022-11-14,2022-11-14,2
IBD025669,"Bandits vs Villagers, Kaduna",2022-11-13,2022-11-13,3
IBD025674,"Gunmen vs Police, Imo",2022-11-13,2022-11-13,2
IBD025663,"Army vs Terrorists, Kaduna",2022-11-13,2022-11-13,2
IBD025671,"NAF vs Bandits, Kaduna",2022-11-13,2022-11-13,3
IBD025684,"Gunmen Attack, Kaduna",2022-11-13,2022-11-13,3
IBD025678,"Brothers Found Dead, FCT, (Abuja)",2022-11-13,2022-11-13,2
IBD025690,"Army vs Bandits, Kaduna",2022-11-13,2022-11-13,12
IBD025676,"Tricycle Operator vs Colleague, Ondo",2022-11-13,2022-11-13,1
IBD025673,"NAF Air Strikes, Kaduna",2022-11-13,2022-11-13,10
IBD025675,"Police vs Assailant, Plateau",2022-11-13,2022-11-13,1
IBD025677,"Assassins Kill 2, Delta",2022-11-12,2022-11-12,2
IBD025664,"Army vs Bandits, Kaduna",2022-11-12,2022-11-12,1
IBD025658,"Gunmen vs Soldiers, Anambra",2022-11-12,2022-11-12,6
IBD025666,"Gunmen Attack, Benue",2022-11-12,2022-11-12,1
IBD028598,"Man vs Mother, Niger",2022-11-11,2022-11-11,1
IBD025657,"Inferno, Kano",2022-11-11,2022-11-11,3
IBD025661,"Ritual Killing, Plateau",2022-11-11,2022-11-11,1
IBD025653,"Son vs Father, Plateau",2022-11-11,2022-11-11,1
IBD025659,"Bullion Van Attack, Anambra",2022-11-11,2022-11-11,3
IBD025717,"Kidnap Victim, FCT (Abuja)",2022-11-11,2022-11-11,1
IBD025667,"Gunmen Attack, Benue",2022-11-11,2022-11-11,1
IBD025656,"Building Collapse, Oyo",2022-11-11,2022-11-11,1
IBD025695,"Girl Dies, FCT (Abuja)",2022-11-11,2022-11-11,1
IBD025652,"Gunmen Attack, Benue",2022-11-10,2022-11-10,5
IBD025784,"Wife vs Husband, Rivers",2022-11-10,2022-11-10,1
IBD025651,"Auto Crash, Borno",2022-11-10,2022-11-10,3
IBD025645,"Stadium Collapse, Delta",2022-11-10,2022-11-10,3
IBD025758,"Ritual Killing, Ogun",2022-11-10,2022-11-10,1
IBD025649,"Security Operatives vs Bandit Leader, Kaduna",2022-11-10,2022-11-10,11
IBD025662,"Bandits vs Farmers, Niger",2022-11-10,2022-11-10,1
IBD025650,"Army vs Bandits, Zamfara",2022-11-10,2022-11-10,24
IBD025648,"Motorcyclists vs Robber, Lagos",2022-11-10,2022-11-10,1
IBD025726,"Woman vs Stepson, Katsina",2022-11-09,2022-11-09,1
IBD025642,"Witchcraft, Kebbi",2022-11-09,2022-11-09,1
IBD025660,"Auto Crash, Lagos",2022-11-09,2022-11-09,1
IBD025627,"Auto Crash, Adamawa",2022-11-09,2022-11-09,16
IBD025632,"Mob vs Robbers, Enugu",2022-11-09,2022-11-09,2
IBD025628,"Students Found Dead, Abia",2022-11-09,2022-11-09,2
IBD025633,"Auto Crash, Ogun",2022-11-09,2022-11-09,4
IBD025681,"Farmers vs Herders, Jigawa",2022-11-09,2022-11-09,2
IBD025636,"Bandits Attack, Niger",2022-11-09,2022-11-09,2
IBD026215,"Woman vs Maid, Enugu",2022-11-09,2022-11-09,1
IBD025647,"Domestic Violence, Lagos",2022-11-09,2022-11-09,1
IBD025641,"Auto Crash/Explosion, Kogi",2022-11-09,2022-11-09,21
IBD025640,"Gun Charm, Adamawa",2022-11-09,2022-11-09,1
IBD025639,"Herdsmen vs Farmers, Kano",2022-11-08,2022-11-08,1
IBD025630,"Gunmen Attack, Niger",2022-11-08,2022-11-08,2
IBD025629,"Gunmen vs Businessman, Niger",2022-11-08,2022-11-08,1
IBD025813,"Herdsmen Attack, Enugu",2022-11-08,2022-11-08,2
IBD025635,"Medical Quackery, Enugu",2022-11-08,2022-11-08,1
IBD025621,"Auto Crash, Enugu",2022-11-08,2022-11-08,1
IBD025624,"Gunmen vs Police, Anambra",2022-11-08,2022-11-08,3
IBD025619,"Explosion, Anambra",2022-11-08,2022-11-08,8
IBD025634,"Gunmen Attack, Plateau",2022-11-08,2022-11-08,4
IBD026186,"Gunmen vs Police, Imo",2022-11-07,2022-11-07,1
IBD025631,"Communal Attack, Benue",2022-11-07,2022-11-09,28
IBD025603,"Auto Crash, Ogun",2022-11-07,2022-11-07,3
IBD025614,"Banditry, Niger",2022-11-07,2022-11-07,43
IBD025622,"Auto Crash, Kaduna",2022-11-07,2022-11-07,2
IBD025655,"Auto Crash, Niger",2022-11-07,2022-11-11,2
IBD025665,"Banditry, Kaduna",2022-11-07,2022-11-07,1
IBD025602,"Bandits Kill 5, Niger",2022-11-07,2022-11-07,5
IBD025607,"Army vs Bandits, Zamfara",2022-11-06,2022-11-06,10
IBD025620,"Auto Crash, Kano",2022-11-06,2022-11-06,14
IBD025608,"Auto Crash, Niger",2022-11-06,2022-11-06,3
IBD025615,"Bandits vs Cook, Katsina",2022-11-06,2022-11-06,1
IBD025604,"Army vs Bandit Kingpin, Zamfara",2022-11-06,2022-11-06,5
IBD025593,"Cult Clash, Rivers",2022-11-05,2022-11-05,5
IBD025638,"Herdsmen vs Farmers, Kano",2022-11-05,2022-11-05,2
IBD025644,"Army vs IPOB/ESN, Abia",2022-11-05,2022-11-05,2
IBD025623,"Electrocution, Lagos",2022-11-05,2022-11-05,1
IBD025610,"Soldier vs Man, Abia",2022-11-05,2022-11-05,1
IBD025587,"Auto Crash, Bauchi",2022-11-05,2022-11-05,5
IBD025600,"Drown, Kano",2022-11-05,2022-11-05,1
IBD025590,"Labourers Drowned, Osun",2022-11-05,2022-11-05,1
IBD025625,"Auto Crash, Nasarawa",2022-11-05,2022-11-05,1
IBD025596,"Air Force vs ISWAP, Borno",2022-11-05,2022-11-05,22
IBD025654,"Man vs Sex Worker, Delta",2022-11-05,2022-11-05,1
IBD025592,"Domestic Violence, Ondo",2022-11-05,2022-11-05,2
IBD025617,"Auto Crash, Borno",2022-11-04,2022-11-04,6
IBD025586,"Army vs Boko Haram, Borno",2022-11-04,2022-11-04,3
IBD025583,"Gunmen Attack, Bauchi",2022-11-04,2022-11-04,2
IBD025589,"Cult Killing, Ogun",2022-11-04,2022-11-04,1
IBD025618,"Electrocution, Oyo",2022-11-04,2022-11-04,2
IBD025597,"Air Force vs ISWAP, Borno",2022-11-04,2022-11-04,20
IBD025584,"Residents Clash, Delta",2022-11-04,2022-11-04,3
IBD025626,"Army vs IPOB/ESN, Abia",2022-11-04,2022-11-04,4
IBD025601,"Army vs Youths, Imo",2022-11-04,2022-11-07,19
IBD025582,"Auto Crash, Ogun",2022-11-04,2022-11-04,2
IBD025611,"Youth vs Friend, Kaduna",2022-11-04,2022-11-04,1
IBD025581,"Herdsmen Attack, Benue",2022-11-04,2022-11-04,19
IBD025588,"Gunmen Attack, Borno",2022-11-03,2022-11-03,3
IBD025585,"Flooding, Bayelsa",2022-11-03,2022-11-03,4
IBD025613,"Female Student, Delta",2022-11-03,2022-11-03,1
IBD025606,"Soldiers vs Community, Abia",2022-11-03,2022-11-06,10
IBD025575,"Auto Crash, Ebonyi",2022-11-02,2022-11-02,9
IBD025580,"Communal Clash, Ogun",2022-11-02,2022-11-02,2
IBD025579,"Man vs Neighbour, Kwara",2022-11-02,2022-11-02,1
IBD025559,"Gunmen Attack, Anambra",2022-11-02,2022-11-02,3
IBD025668,"Robbers vs Woman, Lagos",2022-11-02,2022-11-02,1
IBD025577,"Bandits Attack, Kaduna",2022-11-02,2022-11-02,1
IBD025574,"Motorcyclist, Lagos",2022-11-02,2022-11-02,1
IBD025570,"Bandits Attack, Kebbi",2022-11-02,2022-11-02,4
IBD025578,"Mob vs Motorcycle Thief, Plateau",2022-11-01,2022-11-01,1
IBD025565,"Police vs Kidnappers, Akwa Ibom",2022-11-01,2022-11-01,1
IBD025560,"Bandits vs vigilantes, Niger State",2022-11-01,2022-11-01,14
IBD025551,"Generator Explosion, Lagos",2022-11-01,2022-11-01,2
IBD025562,"Domestic Violence, Akwa Ibom",2022-11-01,2022-11-01,1
IBD025594,"Man vs Wife, Delta",2022-11-01,2022-11-01,1
IBD025612,"Assailants vs Man, Delta",2022-11-01,2022-11-01,1
IBD025552,"Found Dead, Edo",2022-11-01,2022-11-01,10
IBD025566,"Boy Drown, Kano",2022-11-01,2022-11-01,1
IBD025550,"Terrorists vs Hunters, Niger",2022-11-01,2022-11-01,5
IBD026938,"Man vs Girlfriend, Lagos",2022-11-01,2022-11-01,1
IBD025556,"Cult Killing, Kwara",2022-10-31,2022-11-01,5
IBD025553,"Gas Explosion, Kwara",2022-10-31,2022-10-31,1
IBD025548,"Baby Dies, Lagos",2022-10-31,2022-10-31,1
IBD025546,"Teenagers Drown, Kaduna",2022-10-31,2022-10-31,2
IBD025561,"Farmer vs Herder, Nasarawa",2022-10-31,2022-10-31,2
IBD025646,"Cult Killing, Kwara",2022-10-31,2022-11-01,2
IBD025529,"Army vs Terrorists, Kaduna",2022-10-30,2022-10-30,8
IBD025539,"Auto Crash, Enugu",2022-10-30,2022-10-30,12
IBD025533,"inferno, Kwara",2022-10-30,2022-10-30,3
IBD025555,"Auto Crash, Bauchi",2022-10-30,2022-10-30,1
IBD025543,"Gunmen vs Man, Ebonyi",2022-10-30,2022-10-30,1
IBD025540,"Gunmen vs Vigilantes, Kogi",2022-10-30,2022-10-30,6
IBD025545,"Miners Die, Kogi",2022-10-29,2022-10-29,2
IBD025530,"Thug Kill Man, Plateau",2022-10-29,2022-10-29,2
IBD025535,"Muslim Procession, Niger",2022-10-29,2022-10-29,1
IBD025528,"Army vs Terrorists, Niger",2022-10-29,2022-10-29,6
IBD025536,"Militias, Plateau",2022-10-29,2022-10-29,2
IBD025538,"Auto Crash, Niger",2022-10-29,2022-10-29,1
IBD025537,"Auto Crash, Oyo",2022-10-29,2022-10-29,4
IBD025554,"Man vs Friend, Bauchi",2022-10-29,2022-10-29,1
IBD025534,"Herdsmen Attack, Benue",2022-10-29,2022-10-29,3
IBD025576,"Assailants Attack, Oyo",2022-10-28,2022-10-28,1
IBD025524,"Kidnappers Kill 3, Oyo",2022-10-28,2022-10-28,3
IBD025544,"Landlady vs Tenant,",2022-10-28,2022-10-28,1
IBD025531,"Boko Haram Attack, Borno",2022-10-28,2022-10-28,40
IBD025616,"Extra- Judicial Killing, Bayelsa",2022-10-28,2022-10-28,3
IBD025521,"Auto Crash, Anambra",2022-10-28,2022-10-28,3
IBD025517,"Auto Crash, Niger",2022-10-27,2022-10-27,2
IBD025557,"Kidnap Victim, Kano",2022-10-27,2022-10-27,1
IBD025520,"Police vs Gunmen, Imo",2022-10-27,2022-10-27,1
IBD025518,"Gunmen vs Herder, Delta",2022-10-27,2022-10-27,1
IBD025516,"Camp Building Collapse, Kogi",2022-10-27,2022-10-27,5
IBD025506,"Auto Crash, Lagos",2022-10-26,2022-10-26,3
IBD025514,"Sex Romp, Ondo",2022-10-26,2022-10-26,1
IBD025564,"Student vs Colleague, Akwa ibom",2022-10-26,2022-10-26,1
IBD025511,"Man vs Girlfriend, Adamawa",2022-10-25,2022-10-25,1
IBD025526,"Communal Clash, Bauchi",2022-10-25,2022-10-25,34
IBD025504,"Female Corpse, Cross River",2022-10-25,2022-10-25,1
IBD025475,"Auto Crash, Ogun",2022-10-24,2022-10-24,2
IBD025500,"Boko Haram vs ISWAP, Borno",2022-10-24,2022-10-24,24
IBD025519,"Guard vs Tenant, Lagos",2022-10-24,2022-10-24,1
IBD025509,"Woman vs Lover, Edo",2022-10-24,2022-10-24,1
IBD025510,"Land Dispute, Ondo",2022-10-24,2022-10-24,1
IBD025572,"Army vs Terrorists, Borno",2022-10-24,2022-10-24,49
IBD025573,"NAF vs Terrorists, Katsina",2022-10-24,2022-10-24,48
IBD025598,"Assailants vs Accounting Officer, Imo",2022-10-24,2022-10-24,1
IBD025502,"Robber vs Motorcyclist, Kwara",2022-10-24,2022-10-24,1
IBD025503,"Auto Crash, Kaduna",2022-10-24,2022-10-24,5
IBD025495,"Mob Kill Thief, Akwa Ibom",2022-10-23,2022-10-23,1
IBD025507,"Auto Crash, Lagos",2022-10-23,2022-10-23,1
IBD025490,"Smugglers vs Soldiers, Ogun",2022-10-23,2022-10-23,2
IBD025474,"Mob vs Thief, Akwa Ibom",2022-10-23,2022-10-23,1
IBD025496,"Auto Crash, Ogun",2022-10-23,2022-10-23,3
IBD025472,"Auto Crash, Ogun",2022-10-23,2022-10-23,3
IBD025501,"Boat Mishap, Lagos",2022-10-23,2022-10-23,4
IBD025486,"Herdsmen Attack, Benue",2022-10-23,2022-10-23,3
IBD025492,"Electrocution, Ekiti",2022-10-23,2022-10-23,2
IBD025571,"Army vs Terrorists, Kaduna",2022-10-23,2022-10-23,35
IBD025498,"Gunmen Attack, Sokoto",2022-10-23,2022-10-23,2
IBD025484,"Army vs ISWAP, Borno",2022-10-23,2022-10-23,24
IBD025463,"Flooding, Delta",2022-10-22,2022-10-22,2
IBD025459,"Herdsmen Attack, Nasarawa",2022-10-22,2022-10-22,2
IBD025480,"ISWAP vs Boko Haram, Borno",2022-10-22,2022-10-22,6
IBD025473,"Flooding, Bayelsa",2022-10-22,2022-10-22,1
IBD025478,"Guard Found Dead, Lagos",2022-10-22,2022-10-22,1
IBD025569,"Army vs Boko Haram, Borno",2022-10-22,2022-10-22,1
IBD025477,"Terrorists Attack, Katsina",2022-10-22,2022-10-22,2
IBD025505,"Domestic Violence, Lagos",2022-10-22,2022-10-22,1
IBD025476,"Bandits vs Passengers, Katsina",2022-10-22,2022-10-22,2
IBD028688,"Cult Killing, Edo",2022-10-21,2022-10-21,1
IBD025456,"Vigilante vs Teenager, Kaduna",2022-10-21,2022-10-21,1
IBD025461,"Auto Crash, Kwara",2022-10-21,2022-10-21,3
IBD025497,"Army vs Bandits, Zamfara",2022-10-21,2022-10-21,35
IBD025568,"NAF vs Boko Haram, Borno",2022-10-21,2022-10-21,48
IBD025567,"NAF vs Boko Haram, Borno",2022-10-21,2022-10-21,45
IBD025488,"Smugglers vs Customs Officer, Kwara",2022-10-21,2022-10-21,1
IBD025493,"Gunmen Kill Policeman, Enugu",2022-10-21,2022-10-21,1
IBD025454,"Gunmen vs Pastor, Edo",2022-10-21,2022-10-21,7
IBD025448,"Auto Crash, Ogun",2022-10-20,2022-10-20,10
IBD025450,"Army vs Bandits, Zamfara",2022-10-20,2022-10-20,4
IBD025453,"Vigilante vs Herdsmen, Edo",2022-10-20,2022-10-20,6
IBD025512,"Auto Crash, Kwara",2022-10-20,2022-10-27,29
IBD025468,"Flooding, Plateau",2022-10-20,2022-10-20,4
IBD025525,"Police vs Colleague, Kebbi",2022-10-19,2022-10-19,1
IBD025443,"Cultists vs Vigilantes, Rivers",2022-10-19,2022-10-19,2
IBD025444,"One Killed, Lagos",2022-10-19,2022-10-19,2
IBD025482,"Guard vs Water Vendor, Lagos",2022-10-19,2022-10-19,1
IBD025449,"Army vs Bandits, Kaduna",2022-10-19,2022-10-19,30
IBD025452,"Auto Crash, Lagos",2022-10-19,2022-10-19,3
IBD025441,"Herdsmen Attack, Benue",2022-10-19,2022-10-19,3
IBD025591,"Electrocution, Osun",2022-10-19,2022-10-19,1
IBD025479,"Rape, Ogun",2022-10-19,2022-10-19,1
IBD025513,"Wife vs Husband, Borno",2022-10-19,2022-10-19,1
IBD025955,"Kidnappers vs Man, Ogun",2022-10-19,2022-10-19,1
IBD025471,"Auto Crash, Ogun",2022-10-19,2022-10-19,1
IBD025345,"Herdsmen Attack, Benue",2022-10-18,2022-10-18,30
IBD025440,"Land Tussle, Niger",2022-10-18,2022-10-18,2
IBD025508,"Auto Crash, Lagos",2022-10-18,2022-10-18,1
IBD025445,"One Killed, Rivers",2022-10-18,2022-10-18,1
IBD025442,"Boat Capsized, Sokoto",2022-10-18,2022-10-18,15
IBD025431,"Gunmen Kill 2, Niger",2022-10-18,2022-10-18,2
IBD026516,"Assailants vs Man, Lagos",2022-10-18,2022-10-18,1
IBD025438,"Man Dies, Kano",2022-10-17,2022-10-17,1
IBD025434,"Communal Clash, Ondo",2022-10-17,2022-10-17,1
IBD025436,"Girl Drowns, Jigawa",2022-10-17,2022-10-17,1
IBD025455,"Army vs Boko Haram, Borno",2022-10-17,2022-10-17,49
IBD025439,"Auto Crash, kaduna",2022-10-17,2022-10-17,1
IBD025481,"Snake Bite, Plateau",2022-10-17,2022-10-17,1
IBD025432,"Banditry, Plateau",2022-10-17,2022-10-17,1
IBD025406,"Auto Crash, Kaduna",2022-10-16,2022-10-16,14
IBD025417,"Gunmen Attack, Kogi",2022-10-16,2022-10-16,2
IBD025416,"Factory Workers, Ogun",2022-10-16,2022-10-16,3
IBD025467,"Flooding, Akwa Ibom",2022-10-16,2022-10-16,1
IBD025814,"Political Issue, Ebonyi",2022-10-16,2022-10-16,1
IBD025421,"Troops vs Boko Haram, Borno",2022-10-16,2022-10-16,6
IBD025418,"Auto Crash, Kogi",2022-10-16,2022-10-16,5
IBD025532,"Police Brutality, Kaduna",2022-10-16,2022-10-16,1
IBD025414,"Police vs Colleague, Abia",2022-10-16,2022-10-16,1
IBD025491,"Hospital Negligence, Enugu",2022-10-16,2022-10-16,1
IBD025424,"Man vs Mother-in-Law, Niger",2022-10-16,2022-10-16,1
IBD025435,"Girl Drowns, Jigawa",2022-10-16,2022-10-16,1
IBD025541,"Extrajudicial Killing, Kaduna",2022-10-16,2022-10-16,1
IBD025464,"Flooding, Akwa Ibom",2022-10-16,2022-10-16,2
IBD025430,"Inferno, Lagos",2022-10-15,2022-10-15,1
IBD025401,"Political Violence, Zamfara",2022-10-15,2022-10-15,1
IBD025411,"Auto Crash, Lagos",2022-10-15,2022-10-15,3
IBD025402,"Auto Crash, Bauchi",2022-10-15,2022-10-15,11
IBD025460,"Drug Addict vs Lady, Osun",2022-10-15,2022-10-15,1
IBD025404,"Cult Clash, Plateau",2022-10-15,2022-10-15,2
IBD025407,"Flooding, Delta",2022-10-15,2022-10-15,1
IBD025409,"Cult Clash, Osun",2022-10-15,2022-10-15,1
IBD025522,"Auto Crash, Oyo",2022-10-15,2022-10-15,1
IBD025935,"Medical Negligence, Ogun",2022-10-15,2022-10-15,1
IBD025405,"Mob vs Thief, Plateau",2022-10-15,2022-10-15,1
IBD025422,"Vigilante vs Youth Leader, Rivers",2022-10-15,2022-10-15,1
IBD025977,"Extra Judicial Killing, Rivers",2022-10-15,2022-10-15,1
IBD025394,"Flooding, Rivers",2022-10-14,2022-10-14,1
IBD025400,"Teenager vs Father, Delta",2022-10-14,2022-10-14,1
IBD025423,"Police vs Robbers, Benue",2022-10-14,2022-10-14,3
IBD025403,"Gunmen Kill 4, Plateau",2022-10-14,2022-10-15,4
IBD025398,"Sex Romp, Lagos",2022-10-14,2022-10-14,1
IBD025515,"Man vs Girlfriend, Lagos",2022-10-14,2022-10-14,1
IBD025494,"Flood Victim, FCT (Abuja)",2022-10-14,2022-10-14,1
IBD025399,"Boat Capsized, Niger",2022-10-14,2022-10-14,22
IBD025391,"Auto Crash, Rivers",2022-10-14,2022-10-14,3
IBD025386,"Lady vs Boyfriend, Nasarawa",2022-10-13,2022-10-13,1
IBD025384,"Man vs Wife, Ondo",2022-10-13,2022-10-13,1
IBD025408,"Bandits Kill 1, Niger",2022-10-13,2022-10-13,1
IBD025462,"One Killed, Anambra",2022-10-13,2022-10-13,1
IBD025447,"Man vs Neighbour, Lagos",2022-10-13,2022-10-13,1
IBD025389,"Flooding, Anambra",2022-10-13,2022-10-13,1
IBD025379,"Auto Crash, Plateau",2022-10-13,2022-10-13,3
IBD025392,"Man vs Lover, Akwa Ibom",2022-10-13,2022-10-13,1
IBD025605,"Bandits vs Farmers, Zamfara",2022-10-13,2022-10-13,10
IBD025369,"Herders vs Farmers, Benue",2022-10-12,2022-10-12,5
IBD025377,"Gunmen Attack, Anambra",2022-10-12,2022-10-12,3
IBD025383,"Flooding, Rivers",2022-10-12,2022-10-12,6
IBD025382,"Police vs Bandits, Katsina",2022-10-12,2022-10-12,2
IBD025378,"Kidnappers vs Man, FCT, ( Abuja)",2022-10-12,2022-10-12,1
IBD025381,"Auto Crash, Lagos",2022-10-12,2022-10-12,1
IBD025376,"Man vs Wife, Ogun",2022-10-12,2022-10-12,1
IBD025412,"Ritual Killing, Lagos",2022-10-12,2022-10-12,1
IBD025385,"Police vs Bandits, Kaduna",2022-10-12,2022-10-12,2
IBD025396,"Domestic VIolence, Nasarawa",2022-10-11,2022-10-11,1
IBD025375,"Widower, Imo",2022-10-11,2022-10-11,1
IBD025366,"Lightning Kill 1, Ondo",2022-10-11,2022-10-11,1
IBD025364,"Army vs Boko Haram, Borno",2022-10-11,2022-10-11,19
IBD025451,"Army vs Bandits, Katsina",2022-10-11,2022-10-11,10
IBD025380,"Police vs Kidnapper, Plateau",2022-10-11,2022-10-11,1
IBD025643,"Man vs Boy, Bauchi",2022-10-11,2022-10-11,1
IBD025358,"Army vs Boko Haram, Borno",2022-10-11,2022-10-11,24
IBD025355,"Man vs Friend, Kano",2022-10-10,2022-10-10,1
IBD025357,"Flooding, Delta",2022-10-10,2022-10-10,53
IBD025368,"Lightning, Imo",2022-10-10,2022-10-10,2
IBD025356,"Electrocution, Niger",2022-10-10,2022-10-10,1
IBD025359,"Fulani Attack, Plateau",2022-10-10,2022-10-10,1
IBD025371,"Lands Dispute, Delta",2022-10-10,2022-10-10,3
IBD025367,"Assailants vs Boy, Lagos",2022-10-10,2022-10-10,1
IBD025343,"Gunmen Attack, Plateau",2022-10-09,2022-10-09,5
IBD025487,"Man Drowns, Lagos",2022-10-09,2022-10-09,1
IBD025342,"Gunmen vs Policemen, Enugu",2022-10-09,2022-10-09,2
IBD025350,"Gunmen vs Police, Imo",2022-10-09,2022-10-09,3
IBD025353,"NAF Aircraft vs Terrorists, Kaduna",2022-10-09,2022-10-09,32
IBD025281,"Vigilante vs Bandits, Taraba",2022-10-09,2022-10-09,12
IBD025351,"Flooding, Bayelsa",2022-10-09,2022-10-09,2
IBD025346,"Gunmen vs Expatriate, Ebonyi",2022-10-09,2022-10-09,1
IBD025348,"Flooding, Delta",2022-10-09,2022-10-09,4
IBD025372,"Kidnapped Victim, Oyo",2022-10-09,2022-10-09,1
IBD025466,"Flooding, Kano",2022-10-08,2022-10-15,23
IBD025344,"Gunmen vs Youth Leader, Enugu",2022-10-08,2022-10-08,2
IBD025352,"Medical Negligence, Ondo",2022-10-08,2022-10-08,1
IBD025360,"Stray Bullet, FCT (Abuja)",2022-10-08,2022-10-08,1
IBD025323,"Auto Crash, Abia",2022-10-08,2022-10-08,1
IBD025324,"Mysterious Death, Enugu",2022-10-08,2022-10-08,5
IBD025322,"Police vs Bandits, Katsina",2022-10-08,2022-10-08,27
IBD025349,"Communal Clash, Nasarawa",2022-10-08,2022-10-08,10
IBD025341,"Herdsmen vs Farmers, Nasarawa",2022-10-08,2022-10-09,10
IBD025485,"Snake Bite, Gombe",2022-10-08,2022-10-15,6
IBD025365,"Man vs Toddler, Lagos",2022-10-08,2022-10-08,1
IBD025347,"Assailants vs Traditional Chief, Osun",2022-10-08,2022-10-08,1
IBD025337,"Auto Crash, Plateau",2022-10-08,2022-10-08,8
IBD025370,"Flooding, Anambra",2022-10-07,2022-10-07,6
IBD025339,"Auto Crash, Niger",2022-10-07,2022-10-07,3
IBD025330,"Gas Explosion/Inferno, Kogi",2022-10-07,2022-10-07,4
IBD025340,"Flooding, Kwara",2022-10-07,2022-10-07,3
IBD025527,"Herdsmen Attack, Nasarawa",2022-10-07,2022-10-07,9
IBD025810,"Political Issues, Akwa Ibom",2022-10-07,2022-10-07,1
IBD025756,"Brothers vs Friend, Lagos",2022-10-07,2022-10-07,1
IBD025331,"Gunmen Attack, Imo",2022-10-07,2022-10-07,3
IBD025952,"Kidnappers vs Man, Ogun",2022-10-07,2022-10-07,1
IBD025388,"Flooding, Delta",2022-10-07,2022-10-07,8
IBD025329,"Flooding, Enugu",2022-10-07,2022-10-07,3
IBD025338,"Flooding, Kwara",2022-10-06,2022-10-06,1
IBD025361,"Surveyor, FCT",2022-10-06,2022-10-06,1
IBD025306,"Auto Crash, Ogun",2022-10-06,2022-10-06,2
IBD025336,"Flooding, Kwara",2022-10-06,2022-10-07,3
IBD025315,"Lady in The Hotel, Oyo",2022-10-06,2022-10-06,1
IBD025332,"Flooding, Benue",2022-10-05,2022-10-05,23
IBD025312,"Cult Clash, Edo",2022-10-05,2022-10-05,1
IBD025465,"Flooding, Adamawa",2022-10-05,2022-10-05,13
IBD025333,"Flooding, Kwara",2022-10-05,2022-10-05,6
IBD025311,"Cult Clash, Edo",2022-10-05,2022-10-05,3
IBD025334,"Flooding, Niger",2022-10-05,2022-10-05,23
IBD025307,"Drown, Zamfara",2022-10-05,2022-10-05,25
IBD025313,"Cult Attack, Kwara",2022-10-05,2022-10-05,1
IBD025305,"Auto Crash, Jigawa",2022-10-04,2022-10-04,1
IBD025303,"Flooding, Anambra",2022-10-04,2022-10-04,1
IBD025304,"Auto Crash, Ondo",2022-10-04,2022-10-04,1
IBD025239,"Auto Crash, Ondo",2022-10-04,2022-10-04,2
IBD025295,"Cult War, Cross River",2022-10-04,2022-10-04,6
IBD025291,"Army vs Youths, Delta",2022-10-04,2022-10-04,3
IBD025300,"Boat Mishap, Kogi",2022-10-03,2022-10-03,3
IBD025284,"Auto Crash, Edo",2022-10-03,2022-10-03,4
IBD025292,"Family Members, Kogi",2022-10-03,2022-10-03,5
IBD025289,"Boko Haram Attack, Borno",2022-10-03,2022-10-03,3
IBD025301,"Gunmen vs Cleric, Kwara",2022-10-03,2022-10-03,1
IBD025288,"Boko Haram Attack, Borno",2022-10-03,2022-10-03,40
IBD025299,"Auto Crash, Kaduna",2022-10-03,2022-10-03,3
IBD025290,"Explosion, Rivers",2022-10-03,2022-10-03,2
IBD025276,"Mob vs POS Thieves, Lagos",2022-10-02,2022-10-02,2
IBD025277,"Flood Incident, Delta",2022-10-02,2022-10-02,3
IBD025285,"Peace Maker, Ondo",2022-10-02,2022-10-02,1
IBD025280,"Gunshot Charm, Kwara",2022-10-02,2022-10-02,1
IBD025274,"Electrocution, Lagos",2022-10-02,2022-10-02,1
IBD025374,"Kidnappers vs Man, Kano",2022-10-02,2022-10-02,1
IBD025698,"Flooding, Kwara",2022-10-02,2022-10-02,2
IBD025279,"Flood Disaster, Anambra",2022-10-01,2022-10-01,1
IBD025275,"Dogs Kill Man, Lagos",2022-10-01,2022-10-01,1
IBD025297,"Woman vs Stepdaughter, Katsina",2022-10-01,2022-10-01,1
IBD025390,"Man vs Friend, Anambra",2022-10-01,2022-10-01,1
IBD025272,"Mob vs Herders, Kaduna",2022-10-01,2022-10-01,2
IBD025271,"Auto Crash, Ogun",2022-10-01,2022-10-01,2
IBD025697,"Flooding, Kwara",2022-10-01,2022-10-01,3
IBD025542,"Fire Disaster, Kano",2022-10-01,2022-10-31,15
IBD025269,"Boat Mishap, Taraba",2022-10-01,2022-10-01,15
IBD025286,"Witchcraft, Kogi",2022-09-30,2022-09-30,3
IBD025283,"Food Poisoning, Kogi",2022-09-30,2022-10-02,4
IBD025287,"Rape Victim, Kano",2022-09-29,2022-09-29,1
IBD025302,"Rainfall, Kwara",2022-09-29,2022-09-30,1
IBD025266,"Soldiers vs Boko Haram, Borno",2022-09-29,2022-09-29,40
IBD025328,"Flooding, Kogi",2022-09-29,2022-10-06,6
IBD025264,"Flood Incident, Kwara",2022-09-29,2022-09-30,2
IBD025259,"Army vs Community, Anambra",2022-09-29,2022-09-29,1
IBD025326,"Flooding, Kogi",2022-09-29,2022-10-06,7
IBD025308,"Woman vs Grand Daughter, Anambra",2022-09-29,2022-09-29,1
IBD025318,"Flooding, Katsina",2022-09-29,2022-10-06,8
IBD025696,"Flooding, Kwara",2022-09-29,2022-09-29,1
IBD025321,"Flooding, Katsina",2022-09-29,2022-10-06,8
IBD025327,"Flooding, Kogi",2022-09-29,2022-10-06,5
IBD025563,"Domestic Violence, Akwa Ibom",2022-09-29,2022-09-29,1
IBD025325,"Flooding/Boat Mishap, Kogi",2022-09-29,2022-10-06,5
IBD025257,"Auto Crash, Bauchi",2022-09-29,2022-09-29,4
IBD025263,"Terrorists vs Bandits, Kaduna",2022-09-29,2022-09-29,40
IBD025320,"Flooding, Katsina",2022-09-29,2022-10-06,8
IBD025256,"Banditry, Kaduna",2022-09-28,2022-09-28,1
IBD025204,"Gunmen Attack, Oyo",2022-09-28,2022-09-28,2
IBD025255,"Herders vs Farmer, Benue",2022-09-28,2022-09-28,1
IBD025237,"Gunmen vs Security Operatives, Anambra",2022-09-28,2022-09-28,5
IBD025253,"Bandits vs Farmer, Kaduna",2022-09-28,2022-09-28,1
IBD025245,"Transport Workers Clash, Lagos",2022-09-28,2022-09-28,3
IBD025249,"Tanker Explosion, Kogi",2022-09-28,2022-09-28,16
IBD025265,"INEC Staff Found Dead, Anambra",2022-09-28,2022-09-28,1
IBD025248,"Building Collapse, Ondo",2022-09-28,2022-09-28,1
IBD025254,"NSCDC Officers vs Kidnapper, Oyo",2022-09-28,2022-09-28,1
IBD025735,"Man vs Stepmother, Anambra",2022-09-28,2022-09-28,1
IBD025262,"Terrorists vs Soldiers, Zamfara",2022-09-28,2022-09-28,3
IBD025258,"Gunmen vs Army, Imo",2022-09-28,2022-09-28,3
IBD025231,"Gunmen Kill 4, Enugu",2022-09-27,2022-09-27,4
IBD025261,"Terrorist vs Custom Officer, Katsina",2022-09-27,2022-09-27,1
IBD025252,"Flooding, Kogi",2022-09-27,2022-10-02,5
IBD025240,"Escort Biker, FCT (Abuja)",2022-09-27,2022-09-27,1
IBD025236,"Auto Crash, Kebbi",2022-09-27,2022-09-27,6
IBD025246,"Vigilantes vs Bandits, Zamfara",2022-09-27,2022-09-27,31
IBD025235,"Auto Crash, Rivers",2022-09-27,2022-09-27,1
IBD025250,"Cult Attack, Kwara",2022-09-27,2022-09-27,1
IBD025225,"Inferno, Rivers",2022-09-27,2022-09-27,4
IBD025219,"Bandits vs Police, Katsina",2022-09-26,2022-09-26,1
IBD025218,"Brothers vs Motorcycle Thief, Kebbi",2022-09-26,2022-09-26,1
IBD025238,"Kidnappers Kill 1, Bauchi",2022-09-26,2022-09-26,1
IBD025242,"ISWAP Attack, Borno",2022-09-26,2022-09-26,3
IBD025230,"Army vs ISWAP, Yobe",2022-09-26,2022-09-26,40
IBD025232,"Auto Crash, Niger",2022-09-26,2022-09-26,2
IBD025139,"Communal Clash, Kogi",2022-09-25,2022-09-25,1
IBD025217,"Flooding, Kwara",2022-09-25,2022-09-25,7
IBD025206,"Auto Crash, Niger",2022-09-25,2022-09-25,4
IBD025223,"Banditry, Plateau",2022-09-25,2022-09-25,1
IBD025251,"Fake Doctor, Bauchi",2022-09-25,2022-09-25,1
IBD025205,"Auto Crash, Lagos",2022-09-25,2022-09-25,7
IBD025241,"Medical Negligence, Lagos",2022-09-25,2022-09-25,1
IBD025213,"Dead Baby, Jigawa",2022-09-25,2022-09-25,1
IBD025428,"Bandits Kill Lecturer and Village Head, Adamawa",2022-09-25,2022-09-30,2
IBD025220,"Assailants vs Boy, Plateau",2022-09-25,2022-09-25,1
IBD025247,"Motorcyclist vs Passenger, Niger",2022-09-25,2022-09-25,1
IBD025216,"Banditry, Zamfara",2022-09-25,2022-09-25,3
IBD025244,"Cultists vs Singer, FCT (Abuja)",2022-09-25,2022-09-25,4
IBD028580,"Decompose Body Found, Plateau",2022-09-25,2022-09-25,1
IBD025211,"Guard vs Machine Operator, FCT, ( Abuja)",2022-09-24,2022-09-24,1
IBD025222,"Banditry, Kaduna",2022-09-24,2022-09-24,1
IBD025212,"Boy Drowns, Jigawa",2022-09-24,2022-09-24,1
IBD025221,"Banditry, Kaduna",2022-09-24,2022-09-24,2
IBD025207,"Police vs Cultists, Plateau",2022-09-24,2022-09-24,1
IBD025214,"Teenager vs Friend, Lagos",2022-09-24,2022-09-24,1
IBD025469,"Flooding, Abia",2022-09-24,2022-09-24,8
IBD025234,"Auto Crash, Abia",2022-09-24,2022-09-24,2
IBD025208,"ISWAP vs Traders, Kano",2022-09-24,2022-09-24,2
IBD025243,"Mob vs Ritualist, Lagos",2022-09-24,2022-09-24,1
IBD025470,"Flooding, Abia",2022-09-24,2022-09-24,5
IBD025203,"Building Collapse, Anambra",2022-09-23,2022-09-23,2
IBD025194,"Police vs Kidnappers, Edo",2022-09-23,2022-09-23,1
IBD025201,"Man vs Step-Daughter, Ondo",2022-09-23,2022-09-23,1
IBD025209,"Drug Overdose, Lagos",2022-09-23,2022-09-23,1
IBD025200,"Banditry, Zamfara",2022-09-23,2022-09-23,15
IBD025193,"Building Collapse, Lagos",2022-09-23,2022-09-23,4
IBD025185,"Auto Crash, Lagos",2022-09-22,2022-09-22,1
IBD025202,"Hoodlums vs Police, Edo",2022-09-22,2022-09-22,1
IBD025429,"Air Force vs Terrorists, Zamfara",2022-09-22,2022-09-22,40
IBD025198,"Son vs Parents, Anambra",2022-09-22,2022-09-22,2
IBD025317,"Gunmen Attack, Benue",2022-09-22,2022-09-22,2
IBD025183,"Wife vs Husband, Kebbi",2022-09-21,2022-09-21,1
IBD025179,"Armed Robbers Kill One, Ogun",2022-09-21,2022-09-21,1
IBD025188,"Herdsmen, Benue",2022-09-21,2022-09-21,1
IBD025190,"Police vs Boy, Plateau",2022-09-21,2022-09-21,1
IBD025187,"Herdsmen Attack, Benue",2022-09-21,2022-09-21,14
IBD025184,"Armed Robbers vs Man, Kebbi",2022-09-21,2022-09-21,1
IBD025191,"Boat Mishap, FCT (Abuja)",2022-09-21,2022-09-21,5
IBD025680,"Extrajudicial Killing, Plateau",2022-09-21,2022-09-21,1
IBD027844,"Flooding, Bauchi",2022-09-21,2022-09-21,25
IBD025167,"Armed Robbers vs Security Guard, Plateau",2022-09-20,2022-09-20,1
IBD025177,"Bandits Kill 4, Zamfara",2022-09-20,2022-09-20,7
IBD025182,"Boat Capsized, Benue",2022-09-20,2022-09-20,9
IBD025314,"Hoodlums vs Police, Ogun",2022-09-20,2022-09-20,1
IBD025186,"Army vs Boko Haram, Borno",2022-09-20,2022-09-20,7
IBD025176,"Auto Crash, Kogi",2022-09-20,2022-09-20,4
IBD025174,"Banditry, Niger",2022-09-20,2022-09-20,5
IBD025175,"Kidnappers killed Three, Ondo",2022-09-20,2022-09-20,3
IBD025178,"Gunmen vs Woman, Oyo",2022-09-20,2022-09-20,1
IBD025793,"Kidnap Victims, Abia",2022-09-20,2022-09-20,10
IBD025170,"Factory Worker vs Friend, Lagos",2022-09-19,2022-09-19,1
IBD025169,"Gunmen vs Woman, Plateau",2022-09-19,2022-09-19,1
IBD025309,"Pastor vs Pregnant Women, Kogi",2022-09-19,2022-09-19,18
IBD025157,"Bandits vs Children, Niger",2022-09-18,2022-09-18,5
IBD025168,"Armed Robbers vs Security Guard, Plateau",2022-09-18,2022-09-18,1
IBD025142,"Auto Crash, FCT (Abuja)",2022-09-18,2022-09-18,19
IBD025149,"Banditry, Katsina",2022-09-18,2022-09-18,2
IBD025143,"Auto Crash, Ogun",2022-09-18,2022-09-18,3
IBD025145,"Auto Crash, Cross River",2022-09-18,2022-09-18,1
IBD025158,"Man Dies, Rivers",2022-09-18,2022-09-18,1
IBD025156,"Auto Crash, Delta",2022-09-18,2022-09-18,4
IBD025154,"Herdsmen Attack, Benue",2022-09-18,2022-09-18,3
IBD025159,"Bandits vs Driver, Katsina",2022-09-18,2022-09-18,1
IBD025215,"Herder vs Man, Edo",2022-09-17,2022-09-17,1
IBD025151,"Boy Drowns, Jigawa",2022-09-17,2022-09-17,1
IBD025153,"Man Dies, Jigawa",2022-09-17,2022-09-17,1
IBD025152,"Man Drowns, Jigawa",2022-09-17,2022-09-17,1
IBD025171,"Teenager vs Girl, Oyo",2022-09-17,2022-09-17,1
IBD025172,"ISWAP vs Boko Haram, Borno",2022-09-17,2022-09-17,25
IBD025173,"Army vs IPOB/ESN, Imo",2022-09-17,2022-09-18,4
IBD025144,"Building Collapse, Akwa Ibom",2022-09-17,2022-09-17,2
IBD025293,"Son vs Mother, Ebonyi",2022-09-17,2022-09-17,1
IBD025140,"Army vs Bandits, Zamfara",2022-09-17,2022-09-17,34
IBD025135,"Building Collapse, Jigaawa",2022-09-17,2022-09-17,1
IBD025267,"Medical Negligence, FCT (Abuja)",2022-09-17,2022-09-17,1
IBD025150,"Friends Drown, Jigawa",2022-09-17,2022-09-17,2
IBD027846,"Flooding, Yobe",2022-09-17,2022-09-17,11
IBD025137,"Gunmen vs Man, Ebonyi",2022-09-16,2022-09-16,1
IBD025130,"Man Drowns, Jigawa",2022-09-16,2022-09-16,1
IBD025354,"Chief vs Herbalist, Ogun",2022-09-16,2022-09-16,1
IBD025196,"Man vs Debtor, Ebonyi",2022-09-16,2022-09-16,1
IBD025125,"Man vs Ex-lover, Kano",2022-09-16,2022-09-16,1
IBD025126,"Land Tussle, Delta",2022-09-16,2022-09-16,1
IBD025138,"Auto Crash, Gombe",2022-09-16,2022-09-16,2
IBD027849,"Flooding, Kano",2022-09-16,2022-09-16,23
IBD025117,"Boko Haram vs ISWAP, Borno",2022-09-15,2022-09-15,25
IBD025128,"Cultist vs Students, Lagos",2022-09-15,2022-09-15,2
IBD025136,"Mob vs Phone Thief, Delta",2022-09-15,2022-09-15,1
IBD025118,"Police vs Terrorists, Katsina",2022-09-15,2022-09-15,7
IBD025132,"Hoodlum vs Motorcyclists, Osun",2022-09-15,2022-09-15,10
IBD025116,"Baby Found Dead, Jiagawa",2022-09-15,2022-09-15,1
IBD025181,"Army vs Boko Haram, Borno",2022-09-15,2022-09-21,36
IBD025119,"Bandits vs Businessman, Katsina",2022-09-15,2022-09-15,1
IBD025397,"Army vs IPOB/ESN, Enugu",2022-09-15,2022-09-15,10
IBD025609,"Flooding, Bayelsa",2022-09-15,2022-09-22,89
IBD025547,"Police vs Driver, Anambra",2022-09-15,2022-09-15,1
IBD025115,"Bandits vs Vigilante, Niger",2022-09-14,2022-09-14,1
IBD025180,"Hoodlums Kill 2, Ogun",2022-09-14,2022-09-14,2
IBD025129,"Sisters Drown, Jigawa",2022-09-14,2022-09-14,2
IBD025141,"Assailants vs Man, FCT (Abuja)",2022-09-14,2022-09-14,1
IBD025489,"Witchcraft, Cross River",2022-09-14,2022-09-14,5
IBD025134,"Youths vs Man, Bayelsa",2022-09-14,2022-09-14,1
IBD025122,"Auto Crash, Niger",2022-09-14,2022-09-14,6
IBD025113,"Police vs Kidnappers, Kwara",2022-09-13,2022-09-13,2
IBD025123,"NAF Troops vs Boko Haram, Borno",2022-09-13,2022-09-15,35
IBD025114,"Kidnappers vs Colleague, Kano",2022-09-13,2022-09-13,1
IBD025111,"Landslide, Jigawa",2022-09-13,2022-09-13,1
IBD025110,"Police vs Kidnappers, Edo",2022-09-13,2022-09-13,3
IBD025121,"ATF Troops vs ISWAP, Borno",2022-09-13,2022-09-15,30
IBD025092,"Flooding, Lagos",2022-09-12,2022-09-12,2
IBD025109,"Herders Attack, Nasarawa",2022-09-12,2022-09-12,3
IBD025133,"Banditry, Niger",2022-09-12,2022-09-12,3
IBD025103,"Boat Capsized, Taraba",2022-09-12,2022-09-12,3
IBD025100,"Army vs Bandits, Kaduna",2022-09-11,2022-09-11,10
IBD025091,"Canoe Mishap, Jigawa",2022-09-11,2022-09-11,5
IBD025101,"Chieftaincy Tussle, Ogun",2022-09-11,2022-09-11,3
IBD025088,"Gunmen vs Policemen, Anambra",2022-09-11,2022-09-11,7
IBD025095,"JTF vs Bandits, Katsina",2022-09-11,2022-09-11,8
IBD025089,"Assailant vs Man, Enugu",2022-09-11,2022-09-11,1
IBD025127,"Kidnappers vs Man, Edo",2022-09-11,2022-09-11,1
IBD025105,"Flooding, Niger",2022-09-11,2022-09-12,2
IBD025373,"Auto Crash, Imo",2022-09-11,2022-09-11,1
IBD025097,"Assailants vs Octogenarian, Adamawa",2022-09-11,2022-09-11,1
IBD025104,"Flooding, Niger",2022-09-11,2022-09-12,6
IBD025093,"Police vs Kidnapper, Edo",2022-09-11,2022-09-11,1
IBD025102,"Army vs Bandits, Kaduna",2022-09-11,2022-09-11,10
IBD025106,"Flooding, Niger",2022-09-11,2022-09-12,1
IBD025094,"Army vs Boko Haram, Borno",2022-09-11,2022-09-11,7
IBD025112,"Assailants vs Boy, Osun",2022-09-11,2022-09-11,1
IBD025166,"Flooding, Niger",2022-09-10,2022-09-17,1
IBD025161,"Flooding, Niger",2022-09-10,2022-09-17,2
IBD025163,"Flooding, Niger",2022-09-10,2022-09-17,1
IBD025162,"Flooding, Niger",2022-09-10,2022-09-17,2
IBD025160,"Flooding, Niger",2022-09-10,2022-09-17,6
IBD025087,"Security Guard vs Man, Osun",2022-09-10,2022-09-10,1
IBD025165,"Flooding, Niger",2022-09-10,2022-09-17,1
IBD025085,"Mysterious Death, Anambra",2022-09-10,2022-09-10,3
IBD025099,"Army vs Boko Haram, Borno",2022-09-10,2022-09-10,10
IBD025164,"Flooding, Niger",2022-09-10,2022-09-17,1
IBD025080,"Auto Crash, Oyo",2022-09-09,2022-09-09,18
IBD025075,"Auto Crash, Ogun",2022-09-09,2022-09-09,2
IBD025098,"Army vs Boko Haram, Borno",2022-09-09,2022-09-09,10
IBD025084,"Assailants Attack, Benue",2022-09-09,2022-09-10,4
IBD025090,"Security Operatives vs Community, Rivers",2022-09-09,2022-09-10,2
IBD025079,"Auto Crash, Ondo",2022-09-08,2022-09-08,1
IBD025077,"Fence Collapsed, Lagos",2022-09-08,2022-09-08,2
IBD025427,"Air Force vs Bandits, Niger",2022-09-08,2022-09-08,10
IBD025082,"Ritual Killing, Plateau",2022-09-08,2022-09-08,1
IBD025076,"Gunmen Kill 4, Kogi",2022-09-08,2022-09-08,3
IBD025558,"Auto Crash, Lagos",2022-09-08,2022-09-08,1
IBD025426,"Air Force vs Boko Haram, Borno",2022-09-08,2022-09-08,40
IBD025083,"Militants vs Villagers, Bayelsa",2022-09-08,2022-09-08,1
IBD025052,"Robbers vs Community, Bayelsa",2022-09-08,2022-09-08,2
IBD025425,"Army vs Boko Haram, Borno",2022-09-08,2022-09-08,52
IBD025061,"Building Collapse, Oyo",2022-09-08,2022-09-08,7
IBD025047,"Auto Crash, Ogun",2022-09-07,2022-09-07,4
IBD025064,"Auto Crash, Ogun",2022-09-07,2022-09-07,3
IBD025071,"Army vs Boko Haram, Katsina",2022-09-07,2022-09-07,10
IBD025055,"5 Drown, Jigawa",2022-09-07,2022-09-07,5
IBD025120,"Woman vs Child, Nasarawa",2022-09-07,2022-09-07,1
IBD025067,"Mob vs Woman, Lagos",2022-09-07,2022-09-07,1
IBD025060,"Gunmen vs Police, Enugu",2022-09-07,2022-09-07,4
IBD025437,"Police vs Kidnappers, Bauchi",2022-09-07,2022-09-07,2
IBD025420,"Gunmen Attack, Kaduna",2022-09-07,2022-09-07,2
IBD025189,"Terrorist Attack, Benue",2022-09-07,2022-09-07,4
IBD025081,"Building Collapse, Jigawa",2022-09-07,2022-09-07,3
IBD025096,"Man vs Brother, Lagos",2022-09-07,2022-09-07,1
IBD025048,"Auto Crash, Oyo",2022-09-06,2022-09-06,1
IBD025056,"Auto Crash, Ondo",2022-09-06,2022-09-06,1
IBD025039,"Woman vs Baby, Kano",2022-09-06,2022-09-06,1
IBD025043,"Bank Robbery, Kogi",2022-09-06,2022-09-06,3
IBD025029,"Leadership Tussle, Delta",2022-09-06,2022-09-06,1
IBD025073,"Boy Dies, FCT (Abuja)",2022-09-06,2022-09-06,1
IBD025734,"Army vs Lady, Rivers",2022-09-06,2022-09-06,1
IBD025044,"Auto Crash, Anambra",2022-09-06,2022-09-06,1
IBD025316,"Domestic Violence, Ondo",2022-09-06,2022-09-06,1
IBD025035,"Banditry, Plateau",2022-09-06,2022-09-06,30
PAR012623,"Man Kills Ex-Lover, Adamawa",2022-09-06,2022-09-06,1
IBD025415,"Army vs Bandits, Kaduna",2022-09-05,2022-09-05,10
IBD025053,"Army vs Bandits, Kaduna",2022-09-05,2022-09-05,2
IBD025021,"Children Drown, Jigawa",2022-09-05,2022-09-05,3
IBD025046,"Auto Crash, Lagos",2022-09-05,2022-09-05,2
IBD025045,"Auto Crash, Ogun",2022-09-05,2022-09-05,1
IBD025037,"Ritual Killing, Niger",2022-09-05,2022-09-05,1
IBD025034,"Army vs Pirates, Rivers (Offshore)",2022-09-04,2022-09-04,30
IBD025019,"One Dead, Delta",2022-09-04,2022-09-04,1
IBD025042,"Security Operatives vs Bandits, Kaduna",2022-09-04,2022-09-05,8
IBD025015,"Police vs Terrorists, Katsina",2022-09-04,2022-09-04,2
IBD025036,"Gunmen vs Cleric, Ebonyi",2022-09-04,2022-09-04,1
IBD025041,"Security Operatives vs Bandits, Kaduna",2022-09-04,2022-09-05,7
IBD025038,"Ritual Killing, Ondo",2022-09-04,2022-09-04,1
IBD025010,"Herdsmen Attack, Benue",2022-09-04,2022-09-04,3
IBD025028,"Auto Crash, Anambra",2022-09-04,2022-09-04,5
IBD025013,"Auto Crash, FCT (Abuja)",2022-09-04,2022-09-04,9
IBD025059,"Building Collapse, Jigawa",2022-09-04,2022-09-04,1
IBD025009,"Building Collapse, Lagos",2022-09-04,2022-09-04,6
IBD025040,"Security Operatives vs Bandits, Niger",2022-09-04,2022-09-05,15
IBD025020,"Bandits Kill 2, FCT (Abuja)",2022-09-03,2022-09-03,3
IBD025014,"Gunmen vs NSCDC Officer, Ekiti",2022-09-03,2022-09-03,1
IBD025006,"Auto Crash, Delta",2022-09-03,2022-09-03,1
IBD025072,"Army vs Boko Haram, Zamfara",2022-09-03,2022-09-03,3
IBD025066,"Boy Drowns, Jigawa",2022-09-03,2022-09-03,1
IBD025000,"Gunmen vs NSCDC Officer, Ekiti",2022-09-03,2022-09-03,1
IBD025065,"Man Drowns, Jigawa",2022-09-03,2022-09-03,1
IBD025008,"Army vs Bandits, Kaduna",2022-09-03,2022-09-03,3
IBD025054,"Doctor vs Driver, Edo",2022-09-03,2022-09-03,1
IBD025030,"Cult Clash, Benue",2022-09-03,2022-09-04,3
IBD025012,"Gunmen vs Driver, Rivers",2022-09-03,2022-09-03,1
IBD025108,"Boat Mishap, Bayelsa",2022-09-03,2022-09-03,1
IBD025197,"Gunmen vs Driver, Rivers",2022-09-03,2022-09-03,1
IBD025022,"Terrorists Attack, Kaduna",2022-09-03,2022-09-03,1
IBD025018,"Teenager Drowns, Jigawa",2022-09-03,2022-09-03,1
IBD025694,"Flooding, Kwara",2022-09-03,2022-09-03,1
IBD025419,"Army vs Boko Haram, Borno",2022-09-02,2022-09-02,4
IBD025025,"Auto Crash, Bauchi",2022-09-02,2022-09-02,1
IBD025049,"Flooding, Bauchi",2022-09-02,2022-09-06,5
IBD025032,"Rainstorm, Katsina",2022-09-02,2022-09-02,2
IBD025026,"Auto Crash, Bauchi",2022-09-02,2022-09-02,2
IBD025031,"Rainstorm, Katsina",2022-09-02,2022-09-02,3
IBD025003,"Auto Crash, Ebonyi",2022-09-02,2022-09-02,1
IBD024995,"Pirate vs Passenger, Rivers (Offshore)",2022-09-02,2022-09-02,1
IBD025050,"Flooding, Bauchi",2022-09-02,2022-09-06,3
IBD024997,"Medical Negligence, Kwara",2022-09-02,2022-09-02,2
IBD025199,"Medical Negligence, Kano",2022-09-02,2022-09-02,2
IBD024999,"Cult Killing, Ogun",2022-09-02,2022-09-02,1
IBD025017,"Boat Mishap, Jigawa",2022-09-02,2022-09-02,5
IBD025058,"Girls vs Friend, Gombe",2022-09-02,2022-09-02,1
IBD025016,"Boko Haram vs Worshippers, Borno",2022-09-02,2022-09-02,4
IBD025051,"Flooding, Bauchi",2022-09-02,2022-09-06,3
IBD025063,"Ritual Killing, Plateau",2022-09-01,2022-09-01,1
IBD025001,"Medical Negligence, Delta",2022-09-01,2022-09-02,4
IBD024993,"Flooding, Niger",2022-09-01,2022-09-01,1
IBD024991,"Herdsmen Attack, Benue",2022-09-01,2022-09-01,6
IBD024984,"Kidnappers vs Vigilante, Bauchi",2022-09-01,2022-09-01,4
IBD024996,"Kidnap Victim, Ondo",2022-09-01,2022-09-01,1
IBD025147,"Bandits vs Farmers, Kaduna",2022-09-01,2022-09-01,1
IBD025413,"Army vs Boko Haram, Borno",2022-09-01,2022-09-04,40
IBD024985,"Gunmen vs Soldiers, Enugu",2022-09-01,2022-09-01,1
IBD024998,"Army vs Boko Haram, Borno",2022-09-01,2022-09-02,70
IBD025023,"Terrorists vs Driver, Kaduna",2022-09-01,2022-09-01,1
IBD025011,"Ritual Killing, Ondo",2022-09-01,2022-09-01,1
IBD024986,"Terrorists vs Soldiers, Katsina",2022-08-31,2022-08-31,2
IBD024979,"Auto Crash, Ekiti",2022-08-31,2022-08-31,7
IBD024989,"Army vs Bandits, Kaduna",2022-08-31,2022-08-31,2
IBD025155,"Security Operatives vs Kidnappers, Cross River",2022-08-31,2022-08-31,2
IBD025004,"Flooding, Plateau",2022-08-31,2022-08-31,2
IBD024992,"Flooding, Plateau",2022-08-31,2022-08-31,3
IBD024990,"Domestic Violence, Jigawa",2022-08-31,2022-08-31,2
IBD027848,"Flooding, Kebbi",2022-08-31,2022-08-31,2
IBD024974,"Tricycle Rider Drown, Kano",2022-08-30,2022-08-30,1
IBD024973,"Building Collapse, Kano",2022-08-30,2022-08-30,2
IBD024988,"Army vs Boko Haram, Borno",2022-08-30,2022-08-31,49
IBD024965,"Auto Crash, Kogi",2022-08-30,2022-08-30,7
IBD025007,"Army vs Boko Haram, Borno",2022-08-30,2022-09-03,200
IBD024982,"Army vs Terrorists, Kaduna",2022-08-30,2022-08-30,16
IBD024977,"Flooding, Borno",2022-08-30,2022-08-30,15
IBD024966,"Auto Crash, Kogi",2022-08-30,2022-08-30,1
IBD024980,"Man vs Brother, Anambra",2022-08-30,2022-08-30,1
IBD024975,"Army vs IPOB/ESN, Imo",2022-08-30,2022-08-30,2
IBD024983,"NAF vs Terrorists, Kaduna",2022-08-30,2022-08-30,14
IBD024976,"Communal Clash, Kogi",2022-08-30,2022-08-30,1
IBD024970,"Army vs Terrorists, Kaduna",2022-08-29,2022-08-29,1
IBD025069,"Police vs IPOB/ESN, Imo",2022-08-29,2022-08-29,5
IBD025068,"Army vs IPOB/ESN, Anambra",2022-08-29,2022-08-29,2
IBD024972,"Food Poison, Sokoto",2022-08-29,2022-08-29,7
IBD024994,"Flooding, Niger",2022-08-29,2022-09-01,6
IBD024963,"Bandits Kill Man, Plateau",2022-08-28,2022-08-28,1
IBD025131,"Assailants vs Man, Osun",2022-08-28,2022-08-28,1
IBD024971,"Police vs Kidnapper, Edo",2022-08-28,2022-08-28,1
IBD024962,"Mysterious Death, Kwara",2022-08-28,2022-08-28,2
IBD024958,"Gunmen vs PDP member, Plateau",2022-08-28,2022-08-28,1
IBD025024,"Syndicate vs Woman, Akwa Ibom",2022-08-28,2022-08-28,1
IBD024949,"Auto Crash, Ondo",2022-08-28,2022-08-28,1
IBD024943,"Cult Killing, Lagos",2022-08-28,2022-08-28,1
IBD024956,"Flooding, Borno",2022-08-28,2022-08-28,1
IBD025107,"Robber Dies, Lagos",2022-08-28,2022-08-28,1
IBD024948,"Auto Crash, Ogun",2022-08-28,2022-08-28,3
IBD024960,"Inmate Dies, FCT (Abuja)",2022-08-28,2022-08-28,1
IBD027875,"Police vs Kidnapper,",2022-08-28,2022-08-28,1
IBD024955,"Auto Crash, Kano",2022-08-28,2022-08-28,3
IBD030599,"Cult Clash, Plateau",2022-08-28,2022-08-28,1
IBD024969,"Canoe Capsizes, Jigawa",2022-08-27,2022-08-27,2
IBD024937,"Banditry, Kaduna",2022-08-27,2022-08-27,5
IBD024957,"Mob vs Women, Cross River",2022-08-27,2022-08-27,2
IBD024944,"Assailant vs Corps Member, Adamawa",2022-08-27,2022-08-27,1
IBD024961,"Mine Collapse, Kogi",2022-08-27,2022-08-27,2
IBD024951,"Gunmen vs Woman, Plateau",2022-08-27,2022-08-27,1
IBD024953,"Banditry, Katsina",2022-08-26,2022-08-26,1
IBD024950,"Generator Fumes, Enugu",2022-08-26,2022-08-26,7
IBD024968,"Gas Explosion, Ogun",2022-08-26,2022-08-26,1
IBD024947,"Ritual Killing, Benue",2022-08-26,2022-08-26,1
IBD024936,"Man vs Lover, Delta",2022-08-26,2022-08-26,1
IBD023867,"Domestic Violence, Kebbi",2022-08-25,2022-08-25,1
IBD025078,"Police vs Armed Robbers, Benue",2022-08-25,2022-08-25,3
IBD024952,"Banditry, Katsina",2022-08-25,2022-08-27,2
IBD024925,"Leadership Crisis, Lagos",2022-08-25,2022-08-25,2
IBD024941,"Cult Killings, Edo",2022-08-25,2022-08-25,2
IBD024934,"Building Collapse, FCT (Abuja)",2022-08-25,2022-08-25,2
IBD024945,"Police vs Terrorists, Imo",2022-08-25,2022-08-25,5
PAR012626,"Troops vs Bandits, Kaduna",2022-08-24,2022-08-24,40
IBD024923,"Gunmen Kill Police Inspector, Lagos",2022-08-24,2022-08-24,1
IBD024920,"Mob vs Robbers, Delta",2022-08-24,2022-08-24,3
IBD024946,"Gunmen Attack, Ebonyi",2022-08-24,2022-08-24,3
IBD024954,"One Killed, Edo",2022-08-24,2022-08-24,1
IBD024930,"Inferno, kano",2022-08-24,2022-08-24,1
IBD024899,"Soldiers vs Boko Haram, Borno",2022-08-24,2022-08-24,6
IBD024928,"Terrorist vs Driver, Katsina",2022-08-24,2022-08-24,1
IBD024929,"Bandits vs Soldiers, Zamfara",2022-08-24,2022-08-24,23
IBD024935,"Bandits vs Soldier, Kaduna",2022-08-24,2022-08-24,1
IBD024918,"Gunmen vs Police, Lagos",2022-08-24,2022-08-24,1
IBD024927,"Auto Crash, Abia",2022-08-24,2022-08-24,5
IBD024924,"Scavenger, Nasarawa",2022-08-23,2022-08-23,1
IBD024921,"Student vs Stepmother, Katsina",2022-08-23,2022-08-23,1
IBD024940,"Police vs Robbers, Delta",2022-08-23,2022-08-23,2
IBD024917,"Oro Worshipper vs Church, Lagos",2022-08-23,2022-08-23,1
IBD024911,"Auto Crash, Ondo",2022-08-23,2022-08-23,6
IBD025005,"Flooding, Plateau",2022-08-23,2022-08-23,1
IBD027827,"Auto Crash, Plateau",2022-08-23,2022-08-23,1
IBD024910,"Communal Clash, Gombe",2022-08-22,2022-08-22,3
IBD024981,"Man vs Boy, Delta",2022-08-22,2022-08-22,1
IBD024912,"Police Kill Kidnapper, Edo",2022-08-22,2022-08-22,1
IBD024919,"Bandits Kill 1, FCT (Abuja)",2022-08-22,2022-08-22,1
IBD024942,"Flooding, Plateau",2022-08-22,2022-08-24,4
IBD025779,"Prophet vs Boy, Ondo",2022-08-22,2022-08-27,1
IBD024914,"Auto Crash, Lagos",2022-08-22,2022-08-22,1
IBD024901,"Gas Explosion, Abia",2022-08-21,2022-08-21,6
IBD024908,"Gunmen Kill Urhobo Chief, Delta",2022-08-21,2022-08-21,1
IBD024891,"Man Drowns, Lagos",2022-08-21,2022-08-21,1
IBD024905,"Gunmen vs Hotelier, Kwara",2022-08-21,2022-08-21,1
IBD024906,"Water Tanker, Lagos",2022-08-21,2022-08-21,2
IBD024894,"Gunmen Kill Political Appointee, Lagos",2022-08-21,2022-08-21,1
IBD024895,"Auto Crash, Nasarawa",2022-08-21,2022-08-21,5
IBD024904,"Bandits vs Villagers, Kaduna",2022-08-21,2022-08-21,2
IBD024902,"Army Major, Anambra",2022-08-21,2022-08-21,1
IBD025848,"Army vs Bandits, Zamfara",2022-08-21,2022-08-21,12
IBD024897,"Auto Crash, Ogun",2022-08-21,2022-08-21,2
IBD025278,"Flooding, Adamawa",2022-08-21,2022-08-27,27
IBD024907,"Drown, Lagos",2022-08-20,2022-08-20,1
IBD024541,"Police Kill Kidnapper, Edo",2022-08-20,2022-08-20,1
IBD024893,"Motorcycle Thief, Osun",2022-08-20,2022-08-20,1
IBD024885,"Assailants vs Town Union President, Enugu",2022-08-20,2022-08-20,1
IBD024903,"NAF vs ISWAP, Borno",2022-08-20,2022-08-20,40
IBD024892,"Petrol Explosion, Lagos",2022-08-20,2022-08-20,3
IBD024883,"Leadership Tussle, Delta",2022-08-20,2022-08-20,1
IBD024959,"Man vs Woman, Oyo",2022-08-20,2022-08-20,1
IBD025226,"Flooding Kill 2, Benue",2022-08-20,2022-08-27,2
IBD025227,"Flooding Kill 3, Benue",2022-08-20,2022-08-27,3
IBD025228,"Flooding Kill 4, Benue",2022-08-20,2022-08-27,4
IBD025224,"Flooding Kill 14, Benue",2022-08-20,2022-08-27,14
IBD025446,"Son vs Father, Yobe",2022-08-20,2022-08-20,1
IBD024890,"Bandit vs Police, Kebbi",2022-08-20,2022-08-20,1
IBD025298,"Assailants vs APC Chieftain, Osun",2022-08-20,2022-08-20,1
IBD024888,"Kidnapper, Edo",2022-08-20,2022-08-20,1
IBD025757,"Food Poisoning, Benue",2022-08-20,2022-08-20,1
IBD024926,"Army vs ISWAP, Borno",2022-08-20,2022-08-20,32
IBD027847,"Flooding, Zamfara",2022-08-20,2022-08-20,2
IBD024878,"Flooding, Adamawa",2022-08-20,2022-08-20,10
IBD024889,"Police vs Terrorist, Katsina",2022-08-20,2022-08-20,1
IBD024909,"Gunmen vs Businessman, Imo",2022-08-19,2022-08-19,1
IBD024880,"Gunmen vs Mechanic, Imo",2022-08-19,2022-08-19,2
IBD024877,"Church Stampede, Lagos",2022-08-19,2022-08-19,5
IBD024876,"Domestic Violence, Adamawa",2022-08-19,2022-08-19,2
IBD024896,"Soldier vs Cleric, Yobe",2022-08-19,2022-08-19,1
IBD024886,"Auto Crash, Ogun",2022-08-18,2022-08-18,3
IBD024875,"Gunmen vs Lawyer, Zamfara",2022-08-18,2022-08-18,1
IBD024872,"Auto Crash, Kogi",2022-08-18,2022-08-18,3
IBD025260,"One Killed, Rivers",2022-08-18,2022-08-18,1
IBD025864,"Robbers Kill 2, Delta",2022-08-18,2022-08-22,2
IBD024870,"Auto Crash, Plateau",2022-08-18,2022-08-18,11
IBD024882,"Auto Crash, FCT (Abuja)",2022-08-17,2022-08-17,5
IBD024869,"Gunmen vs Soldiers Clash, Abia",2022-08-17,2022-08-17,3
IBD024879,"Man Found Dead in Office, Katsina",2022-08-17,2022-08-17,1
IBD024860,"Mob vs Kidnapper, Kaduna",2022-08-17,2022-08-17,1
IBD024861,"Gunmen Attack, Ebonyi",2022-08-17,2022-08-17,2
IBD024939,"Flooding, Gombe",2022-08-17,2022-08-17,4
IBD024884,"Mob vs Phone Thief, Bayelsa",2022-08-17,2022-08-17,1
IBD024865,"Cult Clash, Kogi",2022-08-16,2022-08-16,3
IBD024871,"FRSC vs Motorist, Abia",2022-08-16,2022-08-16,1
IBD024863,"Security Operatives vs Kidnappers, Kogi",2022-08-16,2022-08-16,2
IBD024854,"Students Drowns, Lagos",2022-08-16,2022-08-16,4
IBD024855,"Police vs Motorcyclists, Lagos",2022-08-16,2022-08-16,2
IBD024867,"Police vs Motorcyclists, Lagos",2022-08-16,2022-08-16,1
IBD024864,"Food Poisoning, Zamfara",2022-08-16,2022-08-16,7
IBD024835,"Windstorm, Jigawa",2022-08-15,2022-08-15,33
IBD024847,"Auto Crash, Ogun",2022-08-15,2022-08-15,1
IBD024845,"Auto Crash, Ogun",2022-08-15,2022-08-15,3
IBD024850,"Police vs Terrorist, Katsina",2022-08-15,2022-08-15,40
IBD024842,"Auto Crash, Gombe",2022-08-15,2022-08-15,1
IBD024931,"Troops vs Terrorists, Kaduna",2022-08-15,2022-08-15,2
IBD024853,"Auto Crash, Bauchi",2022-08-15,2022-08-15,9
IBD024852,"Police vs Armed Robbers, Edo",2022-08-15,2022-08-15,1
IBD024932,"Troops vs Terrorists, Kaduna",2022-08-15,2022-08-15,2
IBD024858,"Electrocution, Osun",2022-08-15,2022-08-15,1
IBD024933,"Troops vs Terrorist, Plateau",2022-08-15,2022-08-15,3
IBD025933,"Medical Negligence, Ogun",2022-08-15,2022-08-15,1
IBD024833,"Auto Crash, Ogun",2022-08-14,2022-08-14,3
IBD024841,"Hoodlums Attack, Kogi",2022-08-14,2022-08-14,1
IBD024849,"Mysterious Death, Lagos",2022-08-14,2022-08-14,1
IBD024848,"Land Tussle, Edo",2022-08-14,2022-08-14,5
IBD024843,"Man vs Woman, Nasarawa",2022-08-14,2022-08-14,1
IBD024838,"Sex Romp, Lagos",2022-08-14,2022-08-14,1
IBD024844,"Police vs Kidnappers, Edo",2022-08-14,2022-08-14,5
IBD024916,"Police vs Kidnappers, Bauchi",2022-08-14,2022-08-14,2
IBD024840,"Auto Crash, Akwa Ibom",2022-08-14,2022-08-14,2
IBD024846,"Auto Crash, Anambra",2022-08-14,2022-08-14,2
IBD024839,"Army vs ISWAP, Borno",2022-08-14,2022-08-14,4
IBD026019,"Police vs Graduate, Edo",2022-08-13,2022-08-13,1
IBD024811,"Inferno, Rivers",2022-08-13,2022-08-14,6
IBD024832,"Gunmen vs Teacher, Nasarawa",2022-08-13,2022-08-13,1
IBD024866,"Gunmen vs Driver, Kogi",2022-08-13,2022-08-13,1
IBD024831,"Army vs Terrorists, Niger",2022-08-13,2022-08-13,40
IBD024827,"Banditry, Taraba",2022-08-13,2022-08-13,14
PAR012625,"Gunmen Attack, Port Harcourt",2022-08-12,2022-08-12,1
IBD024825,"Army vs Terrorists, Kaduna",2022-08-12,2022-08-12,40
IBD024822,"Fulani Group vs OPC, Kwara",2022-08-12,2022-08-12,6
IBD024830,"POS Operator vs Armed Robbers, Oyo",2022-08-12,2022-08-12,1
IBD024828,"Building Collapse, Kano",2022-08-12,2022-08-12,3
PAR012624,"Man vs Teenager, Bauchi",2022-08-12,2022-08-12,1
IBD024856,"Gunmen vs Motorcyclist, Imo",2022-08-11,2022-08-11,1
IBD024823,"Bandits vs Vigilantes, FCT (Abuja)",2022-08-11,2022-08-11,2
IBD024857,"Police vs IPOB/ESN, Enugu",2022-08-11,2022-08-12,1
IBD025074,"Man Killed 1, Ekiti",2022-08-11,2022-08-11,1
IBD024807,"Police vs Ex-convicts, Lagos",2022-08-11,2022-08-11,2
IBD024824,"Vigilantes vs Teenager, Niger",2022-08-11,2022-08-11,1
IBD024817,"Police vs Colleagues, Imo",2022-08-10,2022-08-10,1
IBD024814,"Auto Crash, Ogun",2022-08-10,2022-08-10,1
IBD024809,"Herdsmen Attack, Benue",2022-08-10,2022-08-10,6
IBD024837,"Gunmen vs Policemen, Delta",2022-08-10,2022-08-10,1
IBD024802,"Lesbian vs Man, Anambra",2022-08-10,2022-08-10,1
IBD024820,"Assailants vs Sex Worker, Delta",2022-08-10,2022-08-10,1
IBD024800,"Kidnappers Kill Man, Plateau",2022-08-10,2022-08-10,2
IBD024810,"Ritual Killing, Bayelsa",2022-08-10,2022-08-10,1
IBD024812,"Gunmen vs Motorcyclist, Ekiti",2022-08-10,2022-08-10,1
IBD024795,"2 Found Dead, Niger",2022-08-09,2022-08-09,2
IBD024798,"Man vs Lottery Operator, Lagos",2022-08-09,2022-08-09,1
IBD024775,"Drillers Drown, Kano",2022-08-09,2022-08-09,2
IBD024829,"Assailants vs Girl, Ogun",2022-08-09,2022-08-09,1
IBD024813,"Banditry, Sokoto",2022-08-09,2022-08-09,11
IBD024806,"Robbers vs Woman, Nasarawa",2022-08-09,2022-08-09,1
IBD024803,"Banditry, Kaduna",2022-08-09,2022-08-09,18
IBD024816,"Auto Crash, Edo",2022-08-09,2022-08-09,1
IBD024804,"Bandits vs Immigration Officials, Jigawa",2022-08-09,2022-08-09,1
IBD024815,"Man vs Wife, Niger",2022-08-09,2022-08-09,2
IBD024787,"Fire Disaster, Delta",2022-08-08,2022-08-08,1
IBD024794,"Cult Killing, Kwara",2022-08-08,2022-08-08,3
IBD024799,"Road Accident, Delta",2022-08-08,2022-08-08,4
IBD024834,"Windstorm, Jigawa",2022-08-08,2022-08-08,17
IBD024524,"ISWAP vs Policemen, Borno",2022-08-08,2022-08-08,1
IBD024783,"Auto Crash, Ogun",2022-08-08,2022-08-08,7
IBD024782,"Kidnappers Kill 3, Taraba",2022-08-08,2022-08-08,3
IBD025057,"Yahoo Boys vs Colleague, Osun",2022-08-08,2022-08-08,1
IBD024785,"Operatives vs Shi'ites, Kaduna",2022-08-08,2022-08-08,6
IBD026954,"Man vs Neighbour, Lagos",2022-08-07,2022-08-07,1
IBD024789,"Kidnappers Kill 1, Niger",2022-08-07,2022-08-07,1
IBD024773,"Banditry, Katsina",2022-08-07,2022-08-07,2
IBD024796,"Ritual Killing, Kogi",2022-08-07,2022-08-07,1
IBD024790,"NAF vs Boko Haram, Borno",2022-08-07,2022-08-07,40
IBD024779,"Army vs Man, Enugu",2022-08-07,2022-08-07,1
IBD024781,"Kidnappers Kill Officer, Ogun",2022-08-07,2022-08-07,1
IBD024819,"Man vs Woman, Anambra",2022-08-07,2022-08-07,1
IBD024776,"Auto Crash, Lagos",2022-08-06,2022-08-06,1
IBD024769,"Banditry, Katsina",2022-08-06,2022-08-06,13
IBD024821,"Man vs Grandmother, Ondo",2022-08-06,2022-08-06,1
IBD024780,"Banditry, FCT (Abuja)",2022-08-06,2022-08-06,1
IBD024774,"Hit-And-Run Driver, Ogun",2022-08-06,2022-08-06,1
IBD024792,"Political Violence, Osun",2022-08-06,2022-08-06,2
IBD024791,"Auto Crash, Bauchi",2022-08-06,2022-08-06,3
IBD025393,"Cultists Kill Woman, Edo",2022-08-06,2022-08-06,1
IBD024768,"Gunmen Attack Police Station, Imo",2022-08-05,2022-08-05,4
IBD024777,"Auto Crash, Lagos",2022-08-05,2022-08-05,1
IBD024766,"Police vs Armed Robbers, Delta",2022-08-05,2022-08-05,1
IBD024786,"Building Collapse, Kano",2022-08-05,2022-08-05,1
IBD024767,"Cult Killing, Osun",2022-08-05,2022-08-05,1
IBD025062,"Boy vs Father, Kwara",2022-08-05,2022-08-05,1
IBD024793,"Bandits vs Farmer, Taraba",2022-08-05,2022-08-06,3
IBD024771,"Bandits Kill Expatriates, Kogi",2022-08-05,2022-08-05,5
IBD024764,"Auto Crash, Ogun",2022-08-05,2022-08-05,4
IBD024836,"Kidnappers vs Man, Ondo",2022-08-04,2022-08-04,1
IBD024778,"Police vs Armed Robbers, Lagos",2022-08-04,2022-08-04,2
IBD024762,"Army vs Police, Lagos",2022-08-04,2022-08-04,1
IBD024757,"Police vs Gunmen, Imo",2022-08-04,2022-08-04,2
IBD024874,"Herders Kill Man, Oyo",2022-08-04,2022-08-04,1
IBD024826,"Ritual Killing, Kogi",2022-08-04,2022-08-04,1
IBD024759,"Boko Haram vs Farmers, Borno",2022-08-03,2022-08-03,3
IBD024761,"Boko Haram vs Army, Borno",2022-08-03,2022-08-03,34
IBD024742,"Flooding, Jigawa",2022-08-03,2022-08-03,2
IBD024770,"Banditry, Katsina",2022-08-03,2022-08-03,4
IBD024755,"Gunmen vs Police Officer, Delta",2022-08-03,2022-08-03,1
IBD024784,"Flood Disaster, Kano",2022-08-03,2022-08-04,3
IBD024818,"Assailants vs Monarch, Cross River",2022-08-03,2022-08-03,1
IBD024754,"Son vs Father, Niger",2022-08-03,2022-08-03,1
IBD024741,"Flooding, Jigawa",2022-08-03,2022-08-03,5
IBD024748,"Banditry, Katsina",2022-08-03,2022-08-03,3
IBD024740,"Kidnappers vs Victims, Oyo",2022-08-03,2022-08-03,3
IBD024750,"Man vs Cousin, Nasarawa",2022-08-02,2022-08-02,1
IBD024868,"Medical Negligence, FCT (Abuja)",2022-08-02,2022-08-02,1
IBD024747,"Terrorists Kill 3, Katsina",2022-08-02,2022-08-02,3
IBD024744,"Auto Crash, Bauchi",2022-08-02,2022-08-02,1
IBD024730,"Auto Crash, Cross River",2022-08-02,2022-08-02,5
IBD024745,"Police vs Robbers, Delta",2022-08-02,2022-08-02,1
IBD024753,"Banditry, Plateau",2022-08-02,2022-08-02,5
IBD024746,"Auto Crash, Lagos",2022-08-02,2022-08-02,1
IBD024765,"Armed Robbers vs Security Guard, Delta",2022-08-02,2022-08-02,1
IBD024736,"Auto Crash, Lagos",2022-08-02,2022-08-02,1
IBD024763,"Man vs Master's Son, Niger",2022-08-02,2022-08-02,1
IBD024729,"Auto Crash, Lagos",2022-08-02,2022-08-02,16
IBD024743,"Gunmen vs AIG, Kaduna",2022-08-02,2022-08-02,1
IBD024749,"NAN Correspondent's Father, Kaduna",2022-08-02,2022-08-02,1
IBD025395,"Cult Killing, Edo",2022-08-02,2022-08-02,3
IBD027613,"Market Demolition, Enugu",2022-08-01,2022-08-01,6
IBD024788,"Kidnappers vs Graduate, Adamawa",2022-08-01,2022-08-01,1
IBD024735,"Ritual Killing, Osun",2022-08-01,2022-08-01,1
IBD024728,"Gunmen vs Guards, Imo",2022-08-01,2022-08-01,7
IBD024716,"Police vs Terrorists, Delta",2022-08-01,2022-08-01,1
IBD024751,"IPOB/ESN vs Nigeriens, Imo",2022-08-01,2022-08-01,7
IBD024719,"Auto Crash, Kogi",2022-08-01,2022-08-01,2
IBD024715,"Auto Crash, Delta",2022-08-01,2022-08-01,4
IBD024724,"Auto Crash, FCT (Abuja)",2022-08-01,2022-08-01,3
IBD025146,"Police vs Kidnappers, Cross River",2022-08-01,2022-08-01,2
IBD024705,"Herdsmen Attack, Benue",2022-07-31,2022-07-31,1
IBD024734,"Domestic Violence, Ondo",2022-07-31,2022-07-31,1
IBD024711,"Boko Haram Attack, Taraba",2022-07-31,2022-07-31,3
IBD024732,"Inferno, Delta",2022-07-31,2022-07-31,1
IBD024717,"Police vs Robbers, Delta",2022-07-31,2022-07-31,5
IBD024737,"Banditry, Katsina",2022-07-31,2022-07-31,2
IBD024725,"Boat Mishap, Delta",2022-07-31,2022-07-31,4
IBD024731,"Mob vs Man, Lagos",2022-07-31,2022-07-31,1
IBD024714,"Banditry, Kaduna",2022-07-31,2022-07-31,2
IBD024721,"Kidnappers vs Man, Anambra",2022-07-31,2022-07-31,1
IBD024718,"Auto Crash, Anambra",2022-07-31,2022-07-31,1
IBD024738,"Baby, Niger",2022-07-31,2022-07-31,1
IBD024739,"Vigilantes vs Qur'anic Teacher, Kano",2022-07-31,2022-07-31,1
IBD024720,"Kidnappers vs Boy, Niger",2022-07-31,2022-07-31,1
IBD024712,"Bandits Attack, Plateau",2022-07-31,2022-07-31,7
IBD024710,"Bunkers vs Policeman, Bayelsa",2022-07-30,2022-07-30,1
IBD024756,"Woman Killed, Edo",2022-07-30,2022-07-30,1
IBD024699,"Gunmen vs Police/Vigilante, Kogi",2022-07-30,2022-07-30,8
IBD024726,"Flooding, Yobe",2022-07-30,2022-07-31,3
IBD024704,"Flood Disaster, Gombe",2022-07-30,2022-07-30,1
IBD024709,"Police vs Criminal, Adamawa",2022-07-30,2022-07-30,3
IBD024859,"IPOB/ESN vs Police, Enugu",2022-07-30,2022-07-30,1
IBD025270,"Extra Judicial Killing, Anambra",2022-07-30,2022-07-30,5
IBD024697,"Auto Crash, Lagos",2022-07-29,2022-07-29,1
PAR012622,"Assailants vs Man, Imo",2022-07-29,2022-07-29,1
IBD027643,"Gunmen vs Woman, Imo",2022-07-29,2022-07-29,1
IBD024693,"Lady vs Boyfriend, Bayelsa",2022-07-29,2022-07-29,1
IBD024708,"Bandits vs Man, Bauchi",2022-07-29,2022-07-29,1
IBD024700,"Electrocution, Lagos",2022-07-29,2022-07-29,1
IBD024702,"Bandits vs Vigilante, Plateau",2022-07-29,2022-07-29,18
IBD024701,"Kidnappers Kill 1, Bauchi",2022-07-29,2022-07-29,1
IBD025033,"Airport Security vs Girl, Ebonyi",2022-07-29,2022-07-29,1
IBD024760,"Cult Killing, Lagos",2022-07-29,2022-08-02,3
IBD024713,"Food Poison, Kogi",2022-07-29,2022-07-31,5
IBD024695,"Auto Crash, Lagos",2022-07-29,2022-07-29,3
IBD024706,"Transport Union Crisis, Lagos",2022-07-29,2022-07-29,1
IBD024692,"Solider vs Terrorists, FCT, (Abuja)",2022-07-28,2022-07-28,2
IBD026429,"Auto Crash, FCT (Abuja)",2022-07-27,2022-07-27,1
IBD024686,"Army vs Bandits, FCT (Abuja)",2022-07-27,2022-07-27,30
IBD024707,"Bus Driver vs Despatch Rider, Lagos",2022-07-27,2022-07-27,1
IBD024758,"Policemen vs Gunmen, Cross River",2022-07-27,2022-07-27,1
IBD024694,"Banditry, Sokoto",2022-07-27,2022-07-27,23
IBD024727,"Mob vs Motorcycle Thief, Bauchi",2022-07-27,2022-07-27,1
IBD024687,"Banditry, Zamfara",2022-07-27,2022-07-27,23
IBD024683,"Explosion, Kwara",2022-07-27,2022-07-27,1
IBD024685,"Police vs Kidnappers, Edo",2022-07-27,2022-07-27,2
IBD024690,"Police vs Boko Haram, Borno",2022-07-27,2022-07-27,1
IBD024689,"Auto Crash, FCT (Abuja)",2022-07-27,2022-07-27,3
IBD024674,"Auto Crash, Ogun",2022-07-27,2022-07-27,3
IBD024698,"Gunmen Kill Monarch, Taraba",2022-07-27,2022-07-27,2
IBD024682,"Banditry vs Army, Plateau",2022-07-27,2022-07-27,20
IBD024681,"Banditry, Plateau",2022-07-27,2022-07-27,6
IBD024670,"Cult Clash, Bayelsa",2022-07-26,2022-07-26,1
IBD024675,"Auto Crash, Ogun",2022-07-26,2022-07-26,2
IBD024679,"Banditry, Kaduna",2022-07-26,2022-07-26,3
IBD024677,"Boat Mishap, Bayelsa",2022-07-26,2022-07-26,4
IBD024668,"Auto Crash, Niger",2022-07-26,2022-07-26,1
IBD024676,"Auto Crash, Kwara",2022-07-26,2022-07-26,1
IBD024673,"Bullion Van Attack, Abia",2022-07-26,2022-07-26,2
IBD024666,"Auto Crash, Ogun",2022-07-26,2022-07-26,4
IBD024684,"Found Dead, Ebonyi",2022-07-25,2022-07-25,1
IBD024733,"Medical Negligence, Ondo",2022-07-25,2022-07-25,1
IBD024649,"Gunmen vs Police, Ondo",2022-07-25,2022-07-25,1
IBD024651,"Police vs Kidnappers, Osun",2022-07-25,2022-07-25,2
IBD024671,"Man vs Father, Nasarawa",2022-07-25,2022-07-25,1
IBD024662,"Husband vs Wife, Nasarawa",2022-07-25,2022-07-25,1
IBD024669,"Terrorists Attack, Katsina",2022-07-25,2022-07-26,3
IBD024659,"Stray Bullets, Lagos",2022-07-25,2022-07-25,1
IBD024653,"Bomb Explosion, Borno",2022-07-25,2022-07-25,10
IBD027634,"Yahoo Boys vs Man, Delta",2022-07-24,2022-07-24,1
IBD024643,"Gunmen vs Policemen, Delta",2022-07-24,2022-07-24,3
IBD024661,"Bandits vs Army, FCT (Abuja)",2022-07-24,2022-07-24,6
IBD024641,"Driver vs Bandits, Katsina",2022-07-24,2022-07-24,2
IBD024652,"Teenager Drowns, Lagos",2022-07-24,2022-07-24,1
IBD024665,"Police vs Bandits, Kaduna",2022-07-24,2022-07-24,2
IBD024663,"Herders vs Farmers, Benue",2022-07-24,2022-07-24,9
IBD024599,"Communal Clash, Oyo",2022-07-24,2022-07-24,1
IBD024654,"Pastor vs Gunmen, Taraba",2022-07-24,2022-07-24,1
IBD024660,"Windstorm, Kano",2022-07-24,2022-07-24,1
IBD024967,"Man vs Friend, Kogi",2022-07-24,2022-07-24,1
IBD024664,"Domestic Violence, Adamawa",2022-07-23,2022-07-23,1
IBD024644,"Ebubeagu vs Youth, Imo",2022-07-23,2022-07-23,1
IBD024667,"Lady vs Boyfriend, Edo",2022-07-23,2022-07-23,1
IBD024647,"Auto Crash, Niger",2022-07-23,2022-07-23,4
IBD024629,"Gunmen vs Politician, Bayelsa",2022-07-23,2022-07-23,1
IBD024645,"Extra Judicial Killing, Lagos",2022-07-23,2022-07-23,1
IBD024637,"Police vs Gunmen, Anambra",2022-07-23,2022-07-23,1
IBD024646,"Gunmen Attack, Delta",2022-07-23,2022-07-23,1
IBD024642,"Banditry, Plateau",2022-07-23,2022-07-23,3
IBD024626,"Boat Mishap, Niger",2022-07-23,2022-07-23,30
IBD024630,"Cultism, Osun",2022-07-23,2022-07-23,1
IBD024672,"Gunmen Attack, Taraba",2022-07-23,2022-07-26,3
IBD024678,"Electrocution, Kwara",2022-07-23,2022-07-23,1
IBD024633,"Gunmen Attack, Adamawa",2022-07-23,2022-07-23,1
IBD024640,"Robbers vs Man, Delta",2022-07-23,2022-07-23,1
IBD024638,"Police vs Gunmen, Anambra",2022-07-23,2022-07-23,1
IBD024648,"Gunmen vs Businessman, Kwara",2022-07-23,2022-07-23,1
IBD025807,"Political Issue, Delta",2022-07-23,2022-07-23,1
IBD027577,"Cult Killing, Anambra",2022-07-22,2022-07-22,2
IBD024723,"Herdsmen vs Yan Babeli, Plateau",2022-07-22,2022-07-31,6
IBD024632,"Bandits vs Villagers, Kaduna",2022-07-22,2022-07-22,15
IBD024628,"Banditry, Niger",2022-07-22,2022-07-22,30
IBD024624,"Auto Crash, Ondo",2022-07-22,2022-07-22,9
IBD025002,"Auto Crash, Kaduna",2022-07-22,2022-07-22,1
IBD024691,"Herdsmen Attack, Taraba",2022-07-22,2022-07-22,9
IBD024623,"Auto Crash, Kaduna",2022-07-21,2022-07-21,24
IBD031516,"Assailants vs APC Women, Imo",2022-07-21,2022-07-21,5
IBD024627,"Assailants Kill 5, Plateau",2022-07-21,2022-07-21,5
IBD024625,"Mother Dies From Shock, Imo",2022-07-21,2022-07-21,1
IBD024620,"Security Operatives vs Student, Ogun",2022-07-21,2022-07-21,1
IBD025806,"Political Crisis, Taraba",2022-07-21,2022-07-21,2
IBD024752,"Robbers vs Motorcyclist, Ondo",2022-07-20,2022-07-20,1
IBD024617,"Man Dies, Kano",2022-07-20,2022-07-20,1
IBD024616,"Bandits vs Policemen, Katsina",2022-07-20,2022-07-20,8
IBD024619,"Auto Crash, Lagos",2022-07-20,2022-07-20,1
IBD024608,"Tanker Explosion, Lagos",2022-07-20,2022-07-20,2
IBD024696,"NYSC Corps Member, Ogun",2022-07-20,2022-07-20,1
IBD024772,"Vigilante vs Man, Edo",2022-07-20,2022-07-20,1
IBD026387,"Auto Crash, Lagos",2022-07-19,2022-07-19,1
IBD024887,"Land Dispute, Anambra",2022-07-19,2022-07-19,1
IBD024703,"Woman vs Inlaw, Anambra",2022-07-19,2022-07-19,1
IBD024602,"Bandits Attack, Katsina",2022-07-19,2022-07-19,8
IBD024535,"Domestic Violence, Osun",2022-07-19,2022-07-19,1
IBD024614,"Auto Crash, Ogun",2022-07-19,2022-07-19,1
IBD024680,"Auto Crash, Ondo",2022-07-18,2022-07-18,1
IBD024688,"Herdsmen Attack, Taraba",2022-07-18,2022-07-18,2
IBD024598,"Man Dies, Kwara",2022-07-18,2022-07-18,1
IBD024611,"Auto Crash, Niger",2022-07-18,2022-07-18,4
IBD024606,"Troops vs Bandit, Kaduna",2022-07-18,2022-07-18,1
IBD024621,"Tenant vs Landlord, FCT (Abuja)",2022-07-18,2022-07-18,1
IBD024612,"Rape Victim, Edo",2022-07-17,2022-07-17,1
IBD024595,"Domestic Violence, Edo",2022-07-17,2022-07-17,1
IBD024603,"Banditry, Katsina",2022-07-17,2022-07-17,3
IBD024610,"Gunmen Kill 2, Kogi",2022-07-17,2022-07-17,2
IBD024592,"Soldiers vs Terrorists, Niger",2022-07-17,2022-07-17,27
IBD024613,"Bandits Kill Farmers, Sokoto",2022-07-17,2022-07-18,4
IBD024581,"Bandits Attack, Kaduna",2022-07-17,2022-07-17,3
IBD024601,"ISWAP vs Vigilante, Borno",2022-07-17,2022-07-17,6
IBD024590,"Kidnappers vs Man, Oyo",2022-07-17,2022-07-17,1
IBD024589,"Workers vs Couple, Delta",2022-07-17,2022-07-17,2
IBD024588,"Troops vs Terrorists, Katsina",2022-07-17,2022-07-17,2
IBD024578,"Banditry, Plateau",2022-07-17,2022-07-17,2
IBD024593,"Gunmen vs Wedding Guest, Imo",2022-07-17,2022-07-17,11
IBD024609,"Flooding, Yobe",2022-07-17,2022-07-17,2
IBD024607,"Flooding, Yobe",2022-07-17,2022-07-17,2
IBD024569,"Ritual Killing, Edo",2022-07-16,2022-07-16,1
IBD024597,"Auto Crash, Delta",2022-07-16,2022-07-16,3
IBD024574,"Auto Crash, Ondo",2022-07-16,2022-07-16,8
IBD024596,"Auto Crash, Ogun",2022-07-16,2022-07-16,1
IBD024594,"Domestic Violence, Delta",2022-07-16,2022-07-16,1
IBD024591,"Auto Crash, Delta",2022-07-15,2022-07-15,3
IBD024556,"Bandits vs Terrorists, Kaduna",2022-07-15,2022-07-15,2
IBD024586,"Terrorists vs Health Workers, Kaduna",2022-07-15,2022-07-15,2
IBD024605,"Banditry, FCT ( Abuja)",2022-07-15,2022-07-15,1
IBD024584,"Gunmen vs Man, Imo",2022-07-15,2022-07-15,1
IBD024587,"Troops vs Terrorists, Benue",2022-07-15,2022-07-15,3
IBD024579,"Auto Crash, FCT(Abuja)",2022-07-15,2022-07-15,1
IBD024873,"Cult Killing, Lagos",2022-07-15,2022-07-15,1
IBD024622,"Male Corpse Found In Hotel, Niger",2022-07-15,2022-07-15,1
IBD025027,"Boat Mishap, Niger",2022-07-15,2022-07-15,1
IBD024600,"Catholic Priest, Kaduna",2022-07-15,2022-07-15,1
IBD025732,"Herdsmen Attack, Nasarawa",2022-07-15,2022-07-15,1
IBD024570,"Police vs Robbers, Abia",2022-07-14,2022-07-14,3
IBD024571,"Suspected Cultists Kill Man, Abia",2022-07-14,2022-07-14,1
IBD024567,"Poly Lecturer, Adamawa",2022-07-14,2022-07-14,1
IBD024573,"Domestic Violence, FCT, Abuja",2022-07-13,2022-07-13,1
IBD024564,"Security Operatives vs Tricycle Passengers, Delta",2022-07-13,2022-07-13,2
IBD024558,"Auto Crash, Ondo",2022-07-13,2022-07-13,1
IBD024568,"Quack Nurse, Delta",2022-07-13,2022-07-13,1
IBD024566,"Banditry, Bauchi",2022-07-13,2022-07-13,1
IBD024575,"Electrocution, FCT (Abuja)",2022-07-13,2022-07-13,1
IBD024572,"Corpse Found, FCT (Abuja)",2022-07-12,2022-07-12,1
IBD024551,"Police vs Robbers, Edo",2022-07-12,2022-07-12,1
IBD024553,"Windstorm Attack, Jigawa",2022-07-12,2022-07-12,6
IBD024547,"Bandits Kill 3, Taraba",2022-07-11,2022-07-11,4
IBD024552,"Herdsmen Attack, Benue",2022-07-11,2022-07-11,4
IBD024538,"Auto Crash, Ogun",2022-07-11,2022-07-11,4
IBD024582,"Found Dead, Edo",2022-07-11,2022-07-11,1
IBD024576,"Land Dispute, Kwara",2022-07-11,2022-07-11,1
IBD024559,"Cultist vs Student, Kwara",2022-07-11,2022-07-11,1
IBD024631,"Policewoman vs Hoodlums, Edo",2022-07-11,2022-07-11,1
IBD026073,"Cultism, Abia",2022-07-10,2022-07-10,5
IBD024542,"Pipeline Worker, Bayelsa",2022-07-10,2022-07-10,1
IBD024561,"Banditry, Katsina",2022-07-10,2022-07-10,1
IBD024557,"Mudslide, Cross River",2022-07-10,2022-07-10,4
IBD024577,"Sallah Auto Crash, Niger",2022-07-10,2022-07-10,1
IBD024543,"Drinking Spree, FCT (Abuja)",2022-07-10,2022-07-10,1
IBD024544,"Banditry, Zamfara",2022-07-10,2022-07-10,12
IBD024549,"Gunmen vs Man, Plateau",2022-07-10,2022-07-10,1
IBD024526,"Flood Disaster, Lagos",2022-07-09,2022-07-09,4
IBD024533,"Auto Crash, Osun",2022-07-09,2022-07-09,1
IBD024555,"Flooding, Ogun",2022-07-09,2022-07-09,4
IBD024550,"Communal Clash, Niger",2022-07-09,2022-07-10,4
IBD024580,"Police vs Gunmen, Anambra",2022-07-09,2022-07-15,13
IBD024528,"Gunmen Kill 4, Kaduna",2022-07-09,2022-07-09,4
IBD024539,"Armed Robbers Kill 1, Oyo",2022-07-09,2022-07-09,1
IBD024540,"Tank Farm Explosion, Delta",2022-07-08,2022-07-08,5
IBD024527,"Pupils Die Inside Bus, Lagos",2022-07-08,2022-07-08,2
IBD024546,"Communal Clash, Cross River",2022-07-08,2022-07-11,2
IBD024634,"Flooding, Lagos",2022-07-08,2022-07-08,1
IBD024585,"Flooding, Lagos",2022-07-08,2022-07-08,1
IBD024639,"Mysterious, Akwa Ibom",2022-07-08,2022-07-08,1
IBD024532,"Boat Mishap, Lagos",2022-07-08,2022-07-08,17
IBD024545,"Banditry, Zamfara",2022-07-08,2022-07-08,6
IBD024529,"Gunmen Kill 10, Plateau",2022-07-08,2022-07-08,1
IBD024565,"Assailant vs Nollywood Actor, Delta",2022-07-08,2022-07-08,1
IBD025908,"Murder, Sokoto",2022-07-07,2022-07-07,1
IBD027064,"Extortion, Lagos",2022-07-07,2022-07-15,22
IBD024516,"Auto Crash, Kaduna",2022-07-07,2022-07-07,9
IBD024537,"Ritual Killing, Kwara",2022-07-07,2022-07-07,1
IBD024913,"Cult Killing, Lagos",2022-07-07,2022-07-01,2
IBD024530,"Auto Crash, Kwara",2022-07-07,2022-07-07,8
IBD024522,"Auto Crash, Kano",2022-07-06,2022-07-06,2
IBD024604,"Auto Crash, Lagos",2022-07-06,2022-07-06,1
IBD024510,"Boat Mishap, Lagos",2022-07-06,2022-07-06,2
IBD024515,"Kidnappers Kill 2, Adamawa",2022-07-06,2022-07-06,2
IBD024514,"Man Stabs Another, Lagos",2022-07-05,2022-07-05,1
IBD024511,"Army vs Bandits, Katsina",2022-07-05,2022-07-05,40
IBD024938,"Assailants vs Mother of Twins, Enugu",2022-07-05,2022-07-05,1
IBD024520,"ISWAP Prison Break, FCT (Abuja)",2022-07-05,2022-07-05,4
IBD024618,"Bandits Kill 30, Taraba",2022-07-05,2022-07-12,40
IBD024525,"Co-Worker vs Teenager, Kano",2022-07-05,2022-07-05,1
IBD024521,"Bandits vs Presidential Convoy, Katsina",2022-07-05,2022-07-05,2
IBD024512,"Gunmen vs Policeman, Rivers",2022-07-05,2022-07-05,1
IBD024805,"Farmers vs Man, Benue",2022-07-05,2022-07-05,1
IBD024517,"Fighter Jet Kill 2, Katsina",2022-07-05,2022-07-05,2
IBD024506,"Ritual Killing, Oyo",2022-07-04,2022-07-04,1
IBD024504,"Drug Overdose, Gombe",2022-07-04,2022-07-04,1
IBD024657,"Mob vs Robbers, Abia",2022-07-04,2022-07-04,3
IBD024499,"Auto Crash, Akwa Ibom",2022-07-04,2022-07-04,1
IBD024507,"Army vs Bandits, Plateau",2022-07-04,2022-07-04,8
IBD024495,"Arsonists vs Guard, Ondo",2022-07-04,2022-07-04,1
IBD024501,"Terrorists Attack, Kaduna",2022-07-04,2022-07-05,5
IBD024503,"Kidnappers vs Police, Kwara",2022-07-03,2022-07-03,1
IBD024492,"Police vs Kidnappers, Edo",2022-07-03,2022-07-03,3
PAR012621,"Inferno, Borno",2022-07-03,2022-07-03,2
IBD024488,"Gunmen Attack, Abia",2022-07-03,2022-07-03,2
IBD024486,"Bandits vs Village Head, Plateau",2022-07-03,2022-07-03,2
IBD024496,"Sorcery/Rape, Enugu",2022-07-03,2022-07-03,3
IBD024497,"Bandits vs Vigilante, Plateau",2022-07-03,2022-07-03,13
IBD024493,"Banditry, Zamfara",2022-07-03,2022-07-03,5
IBD024519,"Soldiers vs Boko Haram, Borno",2022-07-03,2022-07-03,5
IBD024656,"Mob vs Robbers, Abia",2022-07-03,2022-07-03,3
IBD024485,"Auto Crash, Yobe",2022-07-02,2022-07-02,10
IBD024394,"Bandits vs Farmers, Sokoto",2022-07-02,2022-07-02,4
IBD024484,"Auto Crash, Ogun",2022-07-02,2022-07-02,16
IBD024502,"Communal Clash, Ebonyi",2022-07-02,2022-07-02,16
IBD024487,"Man vs Wife, Ogun",2022-07-02,2022-07-02,2
IBD024523,"Kidnappers, Kwara",2022-07-02,2022-07-02,1
IBD024494,"Police vs Robbers, Delta",2022-07-02,2022-07-02,1
IBD024415,"Auto Crash, Kogi",2022-07-01,2022-07-01,2
IBD024500,"Police vs Gunmen, Ebonyi",2022-07-01,2022-07-01,1
IBD024508,"Bandits vs Police, Katsina",2022-07-01,2022-07-05,2
IBD024475,"Electrocution, Abia",2022-07-01,2022-07-01,1
IBD024471,"Herdsmen vs Tax Collector, Benue",2022-07-01,2022-07-01,1
IBD024513,"Drivers vs Police, Oyo",2022-07-01,2022-07-01,1
IBD025458,"Mob vs Men, Cross River",2022-07-01,2022-07-01,21
IBD024490,"Police vs Robbers, Delta",2022-07-01,2022-07-01,5
IBD022752,"Banditry, Taraba",2022-06-30,2022-06-30,7
IBD024451,"Vigilante vs Man, Enugu",2022-06-30,2022-06-30,1
IBD024462,"Banditry, Niger",2022-06-30,2022-06-30,40
IBD024465,"Gunmen vs Policemen, Enugu",2022-06-30,2022-06-30,3
IBD024482,"Herdsmen Attack, Enugu",2022-06-30,2022-06-30,2
IBD024474,"Police vs IPOB, Ebonyi",2022-06-30,2022-06-30,1
IBD024808,"Workers vs Boss, Kwara",2022-06-29,2022-06-29,1
IBD024468,"Cult Clash, Edo",2022-06-29,2022-06-29,8
IBD024449,"Auto Crash, Ogun",2022-06-29,2022-06-29,5
IBD024467,"Auto Crash, Delta",2022-06-29,2022-06-29,3
IBD024452,"Auto Crash, Ogun",2022-06-29,2022-06-29,3
IBD024472,"Flooding Kills Boy, Anambra",2022-06-29,2022-06-29,1
IBD024450,"Police vs Kidnappers, Anambra",2022-06-28,2022-06-28,2
IBD027851,"Flooding, Kano",2022-06-28,2022-06-28,2
IBD027853,"Flooding, Kano",2022-06-28,2022-06-28,1
IBD027852,"Flooding, Kano",2022-06-28,2022-06-28,2
IBD024458,"Auto Crash, Kwara",2022-06-28,2022-06-28,1
IBD024466,"Unstable Man vs Youth, Delta",2022-06-28,2022-06-28,1
IBD024453,"Cultist, Anambra",2022-06-28,2022-06-28,1
IBD024459,"Army vs Kidnapper, Plateau",2022-06-28,2022-06-28,1
IBD024469,"Policeman, Rivers",2022-06-28,2022-06-28,1
IBD024448,"Police Kill Driver, Ogun",2022-06-28,2022-06-28,2
IBD024440,"Army vs Youths, Delta",2022-06-28,2022-06-28,1
IBD024489,"Soldiers vs Youths, Anambra",2022-06-28,2022-06-29,40
IBD024898,"Communal Clash, Cross River",2022-06-27,2022-06-27,4
IBD024536,"Security Operatives vs Man, Anambra",2022-06-27,2022-06-27,1
IBD024455,"Auto Crash, Delta",2022-06-27,2022-06-27,2
IBD024436,"Auto Crash/ Inferno, Kogi",2022-06-27,2022-06-27,3
IBD024460,"Fulani Militias vs Church Members, Taraba",2022-06-27,2022-06-27,30
IBD024416,"Auto Crash, Jigawa",2022-06-27,2022-06-27,6
IBD024446,"Medical Negligence, Akwa Ibom",2022-06-27,2022-06-27,1
IBD024431,"Herdsmen vs Conductor, Lagos",2022-06-27,2022-06-27,1
IBD024438,"Auto Crash, Jigawa",2022-06-27,2022-06-27,6
IBD024435,"Gunmen Attack, Ebonyi",2022-06-27,2022-06-27,8
IBD024531,"Amotekun vs Student, Ondo",2022-06-27,2022-06-27,1
IBD024457,"Vigilantes vs Bandits, Niger",2022-06-27,2022-06-27,5
IBD024437,"Police vs Kidnappers, Edo",2022-06-27,2022-06-27,1
IBD024421,"Banditry, Kaduna",2022-06-27,2022-06-28,2
IBD024443,"Man Dies, Lagos",2022-06-27,2022-06-27,1
IBD024441,"Gunmen vs Woman, Enugu",2022-06-27,2022-06-27,2
IBD024420,"Kidnappers vs Catholic Priest, Edo",2022-06-26,2022-06-26,3
IBD024509,"Inferno, Lagos",2022-06-26,2022-06-26,4
IBD024417,"Hunters vs Kidnappers, Kogi",2022-06-26,2022-06-26,2
IBD024422,"Police vs Armed Robbers, Delta",2022-06-26,2022-06-26,3
IBD024423,"Police vs Armed Robbers, Edo",2022-06-26,2022-06-26,2
IBD024433,"Police vs Man, Benue",2022-06-26,2022-06-26,1
IBD024426,"Police vs Robber, Plateau",2022-06-25,2022-06-25,1
IBD024429,"Gang Clash, Lagos",2022-06-25,2022-06-25,1
IBD024428,"Banditry, Zamfara",2022-06-25,2022-06-25,1
IBD024411,"Terrorists vs Catholic Priest, Kaduna",2022-06-25,2022-06-25,1
IBD024464,"Banditry, Plateau",2022-06-25,2022-06-26,8
IBD024414,"Man vs Neighbour, Anambra",2022-06-25,2022-06-25,1
IBD024409,"Banditry, Niger",2022-06-25,2022-06-25,3
IBD024650,"Flooding, Yobe",2022-06-25,2022-07-01,17
IBD024406,"Bandits vs Farmers, Sokoto",2022-06-25,2022-06-25,11
IBD024413,"Auto Crash, Ogun",2022-06-25,2022-06-25,5
IBD024425,"Auto Crash, Lagos",2022-06-25,2022-06-25,1
IBD027403,"Assailants vs Naval Rating, Lagos",2022-06-24,2022-06-24,1
IBD024405,"Bandits vs Vigilantes, Niger",2022-06-24,2022-06-24,4
IBD024401,"Gunmen vs Police, Kogi",2022-06-24,2022-06-24,1
IBD024427,"Auto Crashes, FCT (Abuja)",2022-06-24,2022-06-24,1
IBD024412,"Domestic Violence, Edo",2022-06-24,2022-06-24,1
IBD024419,"Army vs Bandits, Benue",2022-06-24,2022-06-24,3
IBD024636,"Man vs Friend, Nasarawa",2022-06-24,2022-06-24,1
IBD024390,"Mob vs Motorcycle Thieves, Oyo",2022-06-23,2022-06-23,3
IBD024470,"Police vs Kidnapper, Gombe",2022-06-23,2022-06-23,1
IBD024404,"Mob vs Kidnappers, Anambra",2022-06-23,2022-06-23,1
IBD024396,"Banditry, FCT (Abuja)",2022-06-23,2022-06-23,1
IBD024391,"Kidnappers vs Lawyer, Imo",2022-06-23,2022-06-23,1
IBD024403,"Gunmen vs 3 Friends, Benue",2022-06-23,2022-06-23,3
IBD024491,"Boko Haram Attack, Borno",2022-06-23,2022-06-23,9
IBD024389,"Auto Crash, Lagos",2022-06-23,2022-06-23,1
IBD024393,"Police vs Terrorist, Kaduna",2022-06-23,2022-06-23,1
IBD024388,"Gunmen vs Monarch, Bayelsa",2022-06-23,2022-06-23,2
IBD024402,"Herdsmen vs Policemen, Benue",2022-06-23,2022-06-23,2
IBD024386,"Police vs Robbers, Delta",2022-06-22,2022-06-22,1
IBD024380,"Boat Mishap, Bayelsa",2022-06-22,2022-06-22,8
IBD024408,"Herdsmen Attack, FCT (Abuja)",2022-06-22,2022-06-22,2
IBD024392,"Gunmen vs Polytechnic Officer, Zamfara",2022-06-22,2022-06-22,1
IBD024399,"One Dead, Kano",2022-06-22,2022-06-22,1
IBD024548,"Man vs Sex Worker, Ondo",2022-06-22,2022-06-22,1
IBD024447,"Auto Crash, Abia",2022-06-22,2022-06-22,3
IBD024505,"Army vs Indigenes, Bayelsa",2022-06-22,2022-06-29,3
IBD024400,"Peacemakers, Kwara",2022-06-22,2022-06-22,1
IBD029293,"Man vs Wife's Lover, Ekiti",2022-06-21,2022-06-21,1
IBD024397,"Troops vs Terrorist, Zamfara",2022-06-21,2022-06-21,42
IBD024398,"Troops vs Terrorist, Katsina",2022-06-21,2022-06-21,2
IBD024381,"Ex-lawmaker, Anambra",2022-06-21,2022-06-21,1
IBD024382,"Man vs Friend, Adamawa",2022-06-21,2022-06-21,1
IBD024418,"Banditry, Bauchi",2022-06-21,2022-06-21,1
IBD024378,"Auto Crash, Ogun",2022-06-21,2022-06-21,1
IBD024376,"Herdsmen Attack, Benue",2022-06-21,2022-06-21,10
IBD024371,"Flooding, Ondo",2022-06-21,2022-06-21,1
IBD024383,"Police vs Bandits, Katsina",2022-06-21,2022-06-21,2
IBD024384,"Gunmen Attack, Delta",2022-06-21,2022-06-21,3
IBD024375,"Inferno, Rivers",2022-06-20,2022-06-20,7
IBD024373,"Auto Crash, Bayelsa",2022-06-20,2022-06-20,3
IBD024476,"3 Die In Church, Osun",2022-06-20,2022-06-20,3
IBD024364,"Ritual Killing, FCT (Abuja)",2022-06-20,2022-06-20,1
IBD024326,"Kidnap Suspect, Edo",2022-06-20,2022-06-20,1
IBD024498,"Ritual Killing, Ebonyi",2022-06-20,2022-06-20,1
IBD024358,"Gunmen Attack, Kaduna",2022-06-19,2022-06-19,3
IBD024356,"Ex-Prison Inmate vs Pregnant Woman, Imo",2022-06-19,2022-06-19,1
IBD024368,"Gunmen vs Herder, FCT, (Abuja)",2022-06-19,2022-06-19,1
IBD024361,"Army vs Fuel Attendant, Niger",2022-06-19,2022-06-19,1
IBD024374,"Banditry, Sokoto",2022-06-19,2022-06-19,5
IBD024367,"Herdsmen Attack, Delta",2022-06-19,2022-06-19,3
IBD024372,"Man vs Bus Driver, Lagos",2022-06-19,2022-06-19,1
IBD024797,"Man vs Creditor, Oyo",2022-06-19,2022-06-19,1
IBD024370,"Police vs Bandits, Zamfara",2022-06-19,2022-06-19,1
IBD024360,"Auto Crash, Oyo",2022-06-19,2022-06-19,1
IBD024354,"Auto Crash, Niger",2022-06-18,2022-06-18,18
IBD024357,"Boat Mishap, Bayelsa",2022-06-18,2022-06-18,7
IBD024385,"Fulani Herdsmen and Youths, Abia",2022-06-18,2022-06-18,3
IBD024352,"Mob vs Phone Thief, Bayelsa",2022-06-18,2022-06-18,1
IBD024344,"Herdsmen Attack, Benue",2022-06-17,2022-06-17,2
IBD035434,"Headless Body/Ritual, Ondo",2026-07-14,2026-07-14,1
IBD035433,"Headless Body, Plateau",2026-07-14,2026-07-14,1
IBD035432,"Herdsmen Attack, Benue",2026-07-14,2026-07-14,1
IBD035439,"Auto Crash, Kogi",2026-07-14,2026-07-14,6
IBD035427,"Auto Crash, Oyo",2026-07-13,2026-07-13,3
IBD035425,"Domestic Violence, Imo",2026-07-13,2026-07-13,1
IBD035437,"Gunmen Kill Farmer, Kwara",2026-07-13,2026-07-13,1
IBD035431,"NURTW Chieftain, Lagos",2026-07-13,2026-07-13,1
IBD035430,"Domestic Violence, Kano",2026-07-13,2026-07-13,1
IBD035438,"Cult Clash, Bayelsa",2026-07-13,2026-07-13,1
IBD035422,"Bandits Kill a Driver, Zamfara",2026-07-12,2026-07-12,1
IBD035428,"Kidnappers Kill Undergradute Student, Edo",2026-07-12,2026-07-12,2
IBD035426,"Domestic Violence, Nasarawa",2026-07-12,2026-07-12,1
IBD035435,"Police Kill Man, Bauchi",2026-07-12,2026-07-12,1
IBD035416,"Soldiers Kill Terrorist Kingpin, Benue",2026-07-11,2026-07-11,1
IBD035412,"Herdsmen Attack, Plateau",2026-07-11,2026-07-11,9
IBD035414,"Auto Crash, Bauchi",2026-07-11,2026-07-11,7
IBD035413,"Soldiers vs Boko Haram, Borno",2026-07-11,2026-07-11,10
IBD035418,"Herdsmen Attack, Benue",2026-07-11,2026-07-12,17
IBD035436,"Domestic Violence, Rivers",2026-07-11,2026-07-11,1
IBD035417,"Landslide, Cross River",2026-07-11,2026-07-11,5
IBD035402,"Soldiers vs Kidnappers, Oyo",2026-07-10,2026-07-10,13
IBD035420,"Building Collapse, Kano",2026-07-10,2026-07-10,1
IBD035415,"Mob Lynches Motorcycle Thieves, FCT (Abuja)",2026-07-10,2026-07-10,2
IBD035403,"Building Collapse, Gombe",2026-07-10,2026-07-10,1
IBD035421,"Notorious Bandit Commander Killed, Zamfara",2026-07-10,2026-07-10,1
IBD035419,"Soldiers vs Boko Haram, Borno",2026-07-10,2026-07-10,3
IBD035423,"Boko Haram Attack, Niger",2026-07-10,2026-07-11,5
IBD035410,"NAF vs Boko Haram, Borno",2026-07-10,2026-07-10,10
IBD035400,"Auto Crash, Ogun",2026-07-09,2026-07-09,2
IBD035397,"Flood Victim, Cross River",2026-07-09,2026-07-09,1
IBD035396,"Soldiers vs Bandits, Katsina",2026-07-09,2026-07-09,8
IBD035383,"Banditry, Bauchi",2026-07-08,2026-07-08,1
IBD035393,"Police vs Kidnappers, Ogun",2026-07-08,2026-07-08,2
IBD035355,"Banditry, Sokoto",2026-07-08,2026-07-08,8
IBD035382,"Banditry, Sokoto",2026-07-08,2026-07-08,5
IBD035394,"Gunmen Kill Unversity Lecturer, Brother, Benue",2026-07-08,2026-07-08,2
IBD035381,"Kidnappers, Ondo",2026-07-08,2026-07-08,2
IBD035395,"Man Dies in Hotel, Bayelsa",2026-07-08,2026-07-08,1
IBD035351,"Windstorm Kills 3, Yobe",2026-07-08,2026-07-08,3
IBD035399,"Gunmen Attack, Plateau",2026-07-08,2026-07-08,3
IBD035404,"Flood Incident, Delta",2026-07-08,2026-07-08,1
IBD035401,"Medical Negligence, Kwara",2026-07-08,2026-07-08,1
IBD035408,"Banditry, FCT (Abuja)",2026-07-08,2026-07-08,1
IBD035387,"Windstorm Kill 1, Jigawa",2026-07-07,2026-07-07,1
IBD035375,"Auto Crash, Enugu",2026-07-07,2026-07-07,1
IBD035380,"Ethnic Clash, Oyo",2026-07-07,2026-07-08,4
IBD035384,"Windstorm Kill 4, Jigawa",2026-07-07,2026-07-07,4
IBD035385,"Windstorm Kill 1, Jigawa",2026-07-07,2026-07-07,1
IBD035390,"Banditry, Zamfara",2026-07-07,2026-07-07,10
IBD035391,"Cult Violence, Bayelsa",2026-07-07,2026-07-07,1
IBD035386,"Windstorm Kill 1, Jigawa",2026-07-07,2026-07-07,1
IBD035398,"Boko Haram Attack, Borno",2026-07-07,2026-07-07,1
IBD035373,"Troops vs Bandit Commander, Zamfara",2026-07-07,2026-07-07,1
IBD035389,"Banditry, Zamfara",2026-07-07,2026-07-07,24
IBD035361,"Auto Crash, Kwara",2026-07-06,2026-07-06,16
IBD035374,"Cult Violence, Osun",2026-07-06,2026-07-06,1
IBD035366,"Man Stabbed to Death, Cross River",2026-07-06,2026-07-06,1
IBD035365,"Auto Crash, Kogi",2026-07-06,2026-07-06,7
IBD035363,"Auto Crash, Ogun",2026-07-06,2026-07-06,10
IBD035372,"Two Sister Set Ablaze, Benue",2026-07-06,2026-07-06,2
IBD035407,"Political Violence, Bauchi",2026-07-05,2026-07-05,1
IBD035392,"Domestic Violence, Rivers",2026-07-05,2026-07-05,1
IBD035364,"Bandits Kill Driver, Niger",2026-07-05,2026-07-05,1
IBD035377,"Farmers vs Herdsmen, Taraba",2026-07-05,2026-07-05,1
IBD035379,"Gunmen Kill Poliecman, Taraba",2026-07-05,2026-07-05,1
IBD035406,"Male Corpse, Lagos",2026-07-05,2026-07-05,1
IBD035360,"IED Explosion, Niger",2026-07-05,2026-07-05,4
IBD035368,"Motorcycle Thieve, Kano",2026-07-05,2026-07-05,1
IBD035358,"Gunmen Kill Vigilantes, Plateau",2026-07-04,2026-07-04,3
IBD035362,"Gunmen Attack, Plateau",2026-07-04,2026-07-04,3
IBD035367,"Masquerader Kill Man, Oyo",2026-07-04,2026-07-04,1
IBD035429,"Cultists Kill Scavenger, Bayelsa",2026-07-04,2026-07-05,1
IBD035354,"Auto Crash, Bauchi",2026-07-04,2026-07-04,2
IBD035356,"Police vs Robbers, Sokoto",2026-07-04,2026-07-04,1
IBD035359,"Communal Crisis, Cross River",2026-07-04,2026-07-04,1
IBD035369,"Communal Clash, Niger",2026-07-04,2026-07-04,4
IBD035353,"Robbers Kill Technician, Ondo",2026-07-04,2026-07-04,1
IBD035357,"Gunmen Attack, Kogi",2026-07-04,2026-07-04,7
IBD035352,"Troops Kill Kidnapper, Benue",2026-07-02,2026-07-02,1
IBD035348,"Bandits Kil Former SSG, Benue",2026-07-02,2026-07-02,1
IBD035350,"Fulani Attack, Benue",2026-07-02,2026-07-02,4
IBD035342,"Herdsmen Attack, Benue",2026-07-02,2026-07-02,2
IBD035337,"Security Operatives vs Bandits, Plateau",2026-07-02,2026-07-02,1
IBD035409,"Jungle Justice, Ebonyi",2026-07-02,2026-07-02,1
IBD035343,"Boko Haram Attack, Borno",2026-07-01,2026-07-01,13
IBD035327,"Bandits Kill Quranic Students, Bauchi",2026-07-01,2026-07-01,2
IBD035325,"Herdsmen Attack, Benue",2026-07-01,2026-07-01,12
IBD035344,"Miners Die, Kano",2026-07-01,2026-07-01,3
IBD035328,"Communal Clash, Niger",2026-07-01,2026-07-01,32
IBD035378,"Communal Clash, Rivers",2026-07-01,2026-07-06,4
IBD035371,"Mob vs Travelers, Kaduna",2026-07-01,2026-07-01,2
IBD035336,"Lakurawa vs Bandits, Niger",2026-07-01,2026-07-01,10
IBD035346,"Banditary, Sokoto",2026-07-01,2026-07-01,1
IBD035330,"IED Explosion, Sokoto",2026-07-01,2026-07-01,2
IBD035341,"Kidnap Victim, Delta",2026-07-01,2026-07-01,1
IBD035347,"Banditry, Sokoto",2026-07-01,2026-07-01,3
IBD035334,"Soldiers vs Gunmen, Plateau",2026-06-30,2026-06-30,4
IBD035321,"Gunmen Kill Miners, Plateau",2026-06-30,2026-06-30,3
IBD035333,"Gunmen Attack, Plateau",2026-06-30,2026-06-30,2
IBD035332,"Domestic Violence, Yobe",2026-06-30,2026-06-30,1
IBD035331,"Gunmen vs Herders, Plateau",2026-06-30,2026-06-30,4
IBD035326,"Banditry, Katsina",2026-06-30,2026-06-30,8
IBD035323,"Auto Crash, Kebbi",2026-06-30,2026-06-30,5
IBD035349,"Gunmen Kill Hunter, Delta",2026-06-30,2026-06-30,1
IBD035324,"Auto Crash, Kebbi",2026-06-29,2026-06-29,18
IBD035335,"Police vs Kidnappers, Oyo",2026-06-29,2026-06-29,1
IBD035338,"Auto Crash, Imo",2026-06-29,2026-06-29,2
IBD035320,"Banditary, Niger",2026-06-29,2026-06-29,40
IBD035310,"Boko Haram/ISWAP Attack, Borno",2026-06-29,2026-06-29,13
IBD035319,"Gunmen vs Policemen, Rivers",2026-06-29,2026-06-29,2
IBD035370,"Gunmen Attack, Rivers",2026-06-29,2026-07-06,4
IBD035322,"Windstorm Kill Children, Bauchi",2026-06-29,2026-06-29,2
IBD035314,"Kidnappers Kill Guard, Delta",2026-06-28,2026-06-28,1
IBD035329,"Banditry, Kaduna",2026-06-28,2026-06-28,1
IBD035306,"Banditry, Sokoto",2026-06-28,2026-06-28,4
IBD035312,"Gunmen Kill 2, Plateau",2026-06-28,2026-06-29,2
IBD035316,"Troops Kill Bandits, Kaduna",2026-06-28,2026-06-28,2
IBD035305,"IED Explosion, Sokoto",2026-06-28,2026-06-28,1
IBD035301,"Auto Crash, Katsina",2026-06-28,2026-06-28,8
IBD035411,"Flooding, Lagos",2026-06-28,2026-06-28,1
IBD035315,"Scavenger Kill Man, FCT (Abuja)",2026-06-28,2026-06-28,1
IBD035318,"Banditry, Kaduna",2026-06-27,2026-06-27,1
IBD035308,"Boko Haram/ISWAP Factional Clash, Borno",2026-06-27,2026-06-27,11
IBD035302,"Security Operatives vs Gunmen, Benue",2026-06-27,2026-06-27,2
IBD035317,"Banditry, Kaduna",2026-06-27,2026-06-27,1
IBD035311,"Boat Mishap, Rivers",2026-06-27,2026-06-27,2
IBD035300,"Auto Crash, Imo",2026-06-27,2026-06-27,2
IBD035304,"Soldiers vs Lakaruwa, Kebbi",2026-06-27,2026-06-27,2
IBD035345,"Kidnap Victims, Kaduna",2026-06-26,2026-06-26,6
IBD035299,"Gunmen Kill MACBAN Chairman, Benue",2026-06-26,2026-06-26,2
IBD035313,"Auto Crash, Niger",2026-06-26,2026-06-26,5
IBD035295,"Domestic Violence, Bayelsa",2026-06-26,2026-06-26,1
IBD035298,"Police vs Kidnappers, Ogun",2026-06-26,2026-06-26,4
IBD035292,"Undergraduate, Osun",2026-06-25,2026-06-25,1
IBD035303,"School Teacher, Kogi",2026-06-25,2026-06-25,1
IBD035307,"Banditry, Katsina",2026-06-25,2026-06-25,6
IBD035296,"IED Explosion, Imo",2026-06-25,2026-06-25,2
IBD035289,"Building Collapse, Lagos",2026-06-25,2026-06-25,8
IBD035293,"Banditry, Katsina",2026-06-25,2026-06-25,7
IBD035278,"Building Collapse, Rivers",2026-06-24,2026-06-24,1
IBD035286,"Auto Crash/Political Campaign, Osun",2026-06-24,2026-06-24,1
IBD035282,"Agunechemba vs Gunmen, Anambra",2026-06-24,2026-06-24,4
IBD035290,"Gunmen Kill Youth Leader, Plateau",2026-06-24,2026-06-24,1
IBD035294,"Banditry, Sokoto",2026-06-24,2026-06-24,3
IBD035283,"Lakurawa Attack, Sokoto",2026-06-24,2026-06-24,4
IBD035279,"Police vs Kidnappers, Ogun",2026-06-24,2026-06-24,2
IBD035285,"Political Violence, Osun",2026-06-24,2026-06-24,1
IBD035291,"Bandits Kill Policemen, Kaduna",2026-06-24,2026-06-24,2
IBD035284,"Kidnap Victim, Kebbi",2026-06-23,2026-06-23,1
IBD035281,"Auto Crash, Rivers",2026-06-23,2026-06-23,1
IBD035288,"Banditry, Sokoto",2026-06-23,2026-06-23,10
IBD035287,"Auto Crash, Ebonyi",2026-06-23,2026-06-23,3
IBD035297,"Domestic Violence, Delta",2026-06-23,2026-06-23,1
IBD035274,"Domestic Violence, Yobe",2026-06-23,2026-06-23,1
IBD035277,"Soldiers Kill Bandits, Sokoto",2026-06-23,2026-06-23,40
IBD035273,Gunmen vs Herders Plateau,2026-06-22,2026-06-22,2
IBD035266,"Auto Crash, Ogun",2026-06-22,2026-06-22,2
IBD035270,"Soldiers vs Bandits, Zamfara",2026-06-22,2026-06-22,13
IBD035280,"Tanker Explosion, Enugu",2026-06-22,2026-06-22,3
IBD035309,"Domestic Violence, Kaduna",2026-06-22,2026-06-22,1
IBD035265,"Farmers vs Herdsmen, Kebbi",2026-06-22,2026-06-22,9
IBD035275,"Banditry Kill Farmers, Kaduna",2026-06-22,2026-06-22,6
IBD035272,"Auto Crash, Enugu",2026-06-22,2026-06-22,3
IBD035267,"Soldiers vs Banditry, Katsina",2026-06-21,2026-06-21,2
IBD035269,"Soldiers vs Bandits, Sokoto",2026-06-21,2026-06-21,5
IBD035255,"Mob Kill Woman, Kaduna",2026-06-21,2026-06-21,1
IBD035259,"Political Violence, Osun",2026-06-21,2026-06-21,1
IBD035264,"Gunmen Attack, Plateau",2026-06-21,2026-06-22,22
IBD035252,"Broadcaster, Guard Found Dead, Ogun",2026-06-20,2026-06-20,2
IBD035254,"Domestic Violence, Anambra",2026-06-20,2026-06-20,2
IBD035253,"IED Explosion, Sokoto",2026-06-20,2026-06-20,3
IBD035268,"Secondary School Student Kills Colleague, Enugu",2026-06-20,2026-06-20,1
IBD035263,"Church Elder Found Dead, Ondo",2026-06-20,2026-06-20,1
IBD035256,"Cult Clash, Delta",2026-06-19,2026-06-19,2
IBD035245,"Auto Crash, Oyo",2026-06-19,2026-06-19,6
IBD035250,"Kidnap Victims, Oyo",2026-06-19,2026-06-19,2
IBD035247,"Gunmen Kill 2, Plateau",2026-06-19,2026-06-19,2
IBD035251,"Auto Crash, FCT (Abuja)",2026-06-19,2026-06-19,1
IBD035248,"Fire Incident/Domestic Violence, Kano",2026-06-19,2026-06-19,1
IBD035249,"Police Kill Kidnap Kingpin, Kebbi",2026-06-19,2026-06-19,1
IBD035238,"Undergraduate Student, Ogun",2026-06-18,2026-06-18,1
IBD035246,"NAF vs Bandits, Kaduna",2026-06-18,2026-06-19,40
IBD035262,"NAF Strikes Bandits, Kaduna",2026-06-18,2026-06-18,10
IBD035234,"Gunmen Attack, Kaduna",2026-06-17,2026-06-17,9
IBD035244,"Police vs Kidnappers, Edo",2026-06-17,2026-06-17,1
IBD035239,"Gunmen Attack, Plateau",2026-06-17,2026-06-17,2
IBD035231,"Banditry, Sokoto",2026-06-17,2026-06-17,1
IBD035258,"Cult Clash, Delta",2026-06-16,2026-06-16,2
IBD035261,"Army vs Boko Haram, Borno",2026-06-16,2026-06-19,40
IBD035232,"District Head, Plateau",2026-06-16,2026-06-16,1
IBD035236,"Domestic Violence, Delta",2026-06-16,2026-06-16,1
IBD035223,"Bandits vs Miners, Plateau",2026-06-16,2026-06-16,5
IBD035229,"Auto Crash, Delta",2026-06-16,2026-06-16,6
IBD035233,"Toddler Beheaded, Ondo",2026-06-16,2026-06-16,1
IBD035224,"IED Explosion, Zamfara",2026-06-16,2026-06-16,13
IBD035228,"Auto Crash, Taraba",2026-06-16,2026-06-16,2
IBD035230,"Banditry, Sokoto",2026-06-16,2026-06-16,1
IBD035227,"Bandits vs Farmers, Sokoto",2026-06-16,2026-06-16,4
IBD035222,"Gunmen Attack Security Operatives, Plateau",2026-06-15,2026-06-15,3
IBD035214,"Street Fight, Cross River",2026-06-15,2026-06-15,1
IBD035226,"Cult Violence, Edo",2026-06-15,2026-06-15,1
IBD035217,"Cult Clash, Kwara",2026-06-14,2026-06-14,4
IBD035243,"Nursing Student, Anambra",2026-06-14,2026-06-14,1
IBD035206,"Banditry, Niger",2026-06-14,2026-06-14,7
IBD035211,"Kidnappers Kill Monarch, Kwara",2026-06-14,2026-06-14,1
IBD035220,"Domestic Violence, Anambra",2026-06-14,2026-06-14,1
IBD035215,"Domestic Violence, Kano",2026-06-14,2026-06-14,1
IBD035210,"Auto Crash, FCT (Abuja)",2026-06-14,2026-06-14,2
IBD035213,"Auto Crash, Ondo",2026-06-13,2026-06-13,1
IBD035240,"School Bullying Victim, Kano",2026-06-13,2026-06-13,1
IBD035235,"Land Dispute, Enugu",2026-06-13,2026-06-13,1
IBD035198,"Boat Accident, Benue",2026-06-13,2026-06-13,11
IBD035199,"Boko Haram Attack, Borno",2026-06-13,2026-06-13,1
IBD035219,"Domestic Violence, Edo",2026-06-13,2026-06-13,1
IBD035225,"Domestic Violence, Katsina",2026-06-13,2026-06-13,1
IBD035209,"Auto Crash, FCT (Abuja)",2026-06-13,2026-06-13,2
IBD035216,"Woman Hacked to Death, Ekiti",2026-06-13,2026-06-13,1
IBD035208,"Female Corpse, FCT (Abuja)",2026-06-13,2026-06-13,1
IBD035212,"Lakurawa Attack, Kebbi",2026-06-13,2026-06-13,20
IBD035207,"Football Fans Kill Youth, Bayelsa",2026-06-13,2026-06-13,1
IBD035205,"Woman Loses Baby, Niger",2026-06-13,2026-06-13,1
IBD035194,"Banditry, Niger",2026-06-13,2026-06-13,22
IBD035189,"Banditry, Zamfara",2026-06-12,2026-06-12,17
IBD035193,"Army General Dies in Captivity, Katsina",2026-06-12,2026-06-12,1
IBD035195,"Undergraduate Student, Kogi",2026-06-12,2026-06-12,1
IBD035190,"Undergraduate Student, Kebbi",2026-06-11,2026-06-11,1
IBD035218,"Bandits Kill Businessman, Katsina",2026-06-11,2026-06-11,1
IBD035339,"Undergraduate Kidnap Victim, Kwara",2026-06-11,2026-06-11,1
IBD035191,"Banditry, Kwara",2026-06-11,2026-06-11,1
IBD035187,"Gunmen Kill Vigilantes, Plateau",2026-06-10,2026-06-10,2
IBD035183,"Soldiers vs Boko Haram, Borno",2026-06-10,2026-06-10,40
IBD035185,"Banditry, Nasarawa",2026-06-10,2026-06-10,1
IBD035186,"Kidnap Victim, Kebbi",2026-06-10,2026-06-10,1
IBD035197,"Cult Violence, Lagos",2026-06-10,2026-06-10,3
IBD035242,"Auto Crash, Lagos",2026-06-10,2026-06-10,1
IBD035182,"Domestic Violence, Kano",2026-06-10,2026-06-10,1
IBD035181,"Police vs Bandits, Sokoto",2026-06-10,2026-06-10,3
IBD035141,"Gunmen Attack, Kogi",2026-06-10,2026-06-10,4
IBD035201,"NAF vs Boko Haram, Borno",2026-06-10,2026-06-10,27
IBD035188,"Auto Crash, Rivers",2026-06-09,2026-06-11,3
IBD035196,"Soldiers vs Boko Haram, Yobe",2026-06-09,2026-06-09,2
IBD035135,"Polce vs Bandits, Zamfara",2026-06-09,2026-06-09,1
IBD035173,"Political Violence, Osun",2026-06-09,2026-06-09,2
IBD035167,"Communal Clash, Cross River",2026-06-09,2026-06-09,2
IBD035177,"IED Explosion, Zamfara",2026-06-09,2026-06-09,1
IBD035144,"Security Operatives vs Bandits, Zamfara",2026-06-09,2026-06-09,6
IBD035180,"Vandal Electrocuted, Bayelsa",2026-06-09,2026-06-09,1
IBD035134,"Rainstorm Kill Grandmother, Bauchi",2026-06-09,2026-06-09,2
IBD035221,"Extra-Judicial Killing, Lagos",2026-06-09,2026-06-09,1
IBD035179,"Police vs Kidnappers, FC T (Abuja)",2026-06-09,2026-06-09,2
IBD035159,"Train Mishap, Delta",2026-06-08,2026-06-08,4
IBD035169,"Thunderstorm, Niger",2026-06-08,2026-06-08,1
IBD035184,"Footballer Dies, Plateau",2026-06-08,2026-06-08,1
IBD035170,"Auto Crash, Lagos",2026-06-08,2026-06-08,1
IBD035257,"Kidnap Victims, Imo",2026-06-08,2026-06-08,2
IBD035168,"Banditry, Sokoto",2026-06-08,2026-06-08,1
IBD035166,"Banditry, Kogi",2026-06-08,2026-06-08,1
IBD035176,"Cattle Rustlers Kill Hunter, Ogun",2026-06-08,2026-06-08,1
IBD035163,"Herders Kill Man, Benue",2026-06-08,2026-06-08,1
IBD035160,"Gunmen Kill Soldier, Ogun",2026-06-08,2026-06-08,5
IBD035178,"Bandits Kill Soldiers, Kaduna",2026-06-08,2026-06-08,12
IBD035165,"Police vs Bandits, Zamfara",2026-06-07,2026-06-07,3
IBD035204,"Man Found Dead, Bauchi",2026-06-07,2026-06-07,1
IBD035161,"Banditry, Kebbi",2026-06-07,2026-06-07,2
IBD035151,"Banditry, Zamfara",2026-06-07,2026-06-07,4
IBD035203,"Kidnap Victim, Kwara",2026-06-07,2026-06-07,1
IBD035164,"Bandits Kill Man, FCT (Abuja)",2026-06-07,2026-06-07,1
IBD035145,"Police vs Kidnappers, Oyo",2026-06-06,2026-06-06,2
IBD035157,"Auto Crash, Ogun",2026-06-06,2026-06-06,1
IBD035154,"Bandits Kill 1, Kogi",2026-06-06,2026-06-06,1
IBD035148,"Gunmen Kill FRSC Officers, Kebbi",2026-06-06,2026-06-06,3
IBD035152,"Motorcyclist Lynched to Death, Lagos",2026-06-06,2026-06-06,1
IBD035200,"Police vs Bandits, Benue",2026-06-06,2026-06-12,3
IBD035155,"Man Kill Another, Kano",2026-06-06,2026-06-06,1
IBD035153,"Banditry, Sokoto",2026-06-06,2026-06-06,5
IBD035150,"Bandits Kill Youths, Niger",2026-06-06,2026-06-06,2
IBD035175,"Cult Violence, Lagos",2026-06-05,2026-06-05,1
IBD035202,"Domestic Violence, Edo",2026-06-05,2026-06-05,1
IBD035143,"Boko Haram Attack, Borno",2026-06-05,2026-06-05,8
IBD035174,"Cult Violence, Lagos",2026-06-05,2026-06-05,1
IBD035172,"Soldiers vs Bandits, Zamfara",2026-06-05,2026-06-05,1
IBD035136,"Kidnappers Kill Security Guard, FCT (Abuja)",2026-06-04,2026-06-04,1
IBD035133,"Herders vs Farmers, Bauchi",2026-06-04,2026-06-04,7
IBD035149,"Militia Attack, Benue",2026-06-04,2026-06-04,1
IBD035128,"Domestic Violence, Ondo",2026-06-04,2026-06-04,1
IBD035146,"Banditry, Sokoto",2026-06-04,2026-06-04,10
IBD035156,"Auto Crash, Gombe",2026-06-03,2026-06-03,3
IBD035119,"Man Drowns, Kano",2026-06-03,2026-06-03,1
IBD035140,"Banditry, Niger",2026-06-03,2026-06-03,3
IBD035123,"Auto Crash, Adamawa",2026-06-03,2026-06-03,6
IBD035131,"Domestic Violence, Rivers",2026-06-02,2026-06-02,1
IBD035129,"Undergraduate Student, Lagos",2026-06-02,2026-06-02,1
IBD035117,"Church Worshippers, Kwara",2026-06-02,2026-06-02,5
IBD035125,"Domestic Violence, Kaduna",2026-06-02,2026-06-02,1
IBD035115,"Bandits Kill Farmers, Zamfara",2026-06-02,2026-06-02,9
IBD035106,"Banditry, Sokoto",2026-06-02,2026-06-02,20
IBD035113,"Herdsmen Attack, Plateau",2026-06-02,2026-06-02,1
IBD035130,"Domestic Violence, Ondo",2026-06-02,2026-06-02,1
IBD035121,"Gunmen Kill 1, Plateau",2026-06-02,2026-06-02,1
IBD035118,"Soldiers vs Boko Haram, Borno",2026-06-02,2026-06-02,50
IBD035120,"Banditry, Kwara",2026-06-01,2026-06-01,1
IBD035095,"Gunmen Attack, Kogi",2026-06-01,2026-06-01,2
IBD035111,"Domestic Violence, Cross River",2026-06-01,2026-06-01,1
IBD035093,"Auto Crash, Plateau",2026-06-01,2026-06-01,1
IBD035100,"Soldiers Clash with Masqueraders, Kogi",2026-05-31,2026-05-31,2
IBD035103,"Motorcycle Thieves, Plateau",2026-05-31,2026-05-31,2
IBD035094,"Gunmen Kill Policemen, Anambra",2026-05-31,2026-05-31,4
IBD035098,"Gunmen Attack, Plateau",2026-05-31,2026-05-31,8
IBD035102,"Gunmen Kill Ex-Councillor, Plateau",2026-05-31,2026-05-31,1
IBD035108,"Robber vs Trader, Niger",2026-05-31,2026-05-31,1
IBD035088,"Gunmen Kill Lecturer, Delta",2026-05-31,2026-05-31,1
IBD035105,"Soldiers vs Bandits, Niger",2026-05-31,2026-05-31,1
IBD035112,"Banditry, Kaduna",2026-05-31,2026-05-31,1
IBD035099,"Gunmen Kill 8, Plateau",2026-05-31,2026-05-31,8
IBD035096,"Gunmen Attack, Sokoto",2026-05-31,2026-05-31,17
IBD035089,"Auto Crash, Delta",2026-05-30,2026-05-30,2
IBD035091,"Violent Attack, Kwara",2026-05-30,2026-05-30,2
IBD035085,"Auto Crash, FCT (Abuja)",2026-05-30,2026-05-30,4
IBD035107,"Ritualist Kill Student, Kogi",2026-05-30,2026-05-30,1
IBD035084,"Boy Drowns, Rivers",2026-05-30,2026-05-30,1
IBD035126,"Police vs Kidnappers, Enugu",2026-05-30,2026-05-30,1
IBD035127,"Police vs Armed Robbers, Enugu",2026-05-30,2026-05-30,1
IBD035087,"Soldiers Kill Terrorist, Kogi",2026-05-30,2026-05-30,1
IBD035092,"Extra-Judicial Killing, Ogun",2026-05-30,2026-05-30,1
IBD035083,"Police vs Criminal, Zamfara",2026-05-29,2026-05-29,1
IBD035073,"Auto Crash, Osun",2026-05-29,2026-05-29,2
IBD035070,"Woman, Son Die Inside Well, Kano",2026-05-29,2026-05-29,2
IBD035124,"Communal Clash, Taraba",2026-05-29,2026-05-29,5
IBD035082,"Banditry, Katsina",2026-05-29,2026-05-29,16
IBD035080,"Troops vs Bandits, Zamfara",2026-05-29,2026-05-29,5
IBD035139,"Domestic Violence, Kano",2026-05-29,2026-05-02,1
IBD035086,"Police vs Bandits, Zamfara",2026-05-29,2026-05-29,1
IBD035076,"Auto Crash, Ogun",2026-05-28,2026-05-28,4
IBD035075,"Auto Crash, Osun",2026-05-28,2026-05-28,4
IBD035071,"Man Dies Inside Well, Kano",2026-05-28,2026-05-28,1
IBD035104,"Security Operatives vs Terrorists, Niger",2026-05-27,2026-05-31,201
IBD035079,"Police vs Kidnappers, Adamawa",2026-05-27,2026-05-27,2
IBD035072,"Windstorm Kill Businesswoman, Benue",2026-05-27,2026-05-27,1
IBD035074,"Decorator, Edo",2026-05-27,2026-05-27,1
IBD035101,"Bolt Driver, FCT (Abuja)",2026-05-27,2026-05-27,1
IBD035056,"Domestic Violence, Edo",2026-05-26,2026-05-26,2
IBD035059,"NAF vs Boko Haram, Borno",2026-05-26,2026-05-26,40
IBD035069,"Footballer, FCT (Abuja)",2026-05-26,2026-05-26,1
IBD035061,"Cult Incident, Abia",2026-05-26,2026-05-26,1
IBD035053,"Cult Attack, Osun",2026-05-26,2026-05-26,2
IBD035065,"Auto Crash, Oyo",2026-05-26,2026-05-26,7
IBD035067,"Electrocution, Lagos",2026-05-26,2026-05-26,5
IBD035054,"Police vs Kidnappers, Oyo",2026-05-25,2026-05-25,3
IBD035068,"Auto Crash, Zamfara",2026-05-25,2026-05-25,6
IBD035055,"Police vs Bandits, Zamfara",2026-05-25,2026-05-25,2
IBD035063,"Auto Crash, Cross River",2026-05-25,2026-05-25,3
IBD035057,"Thieves Kill Motorcyclist, FCT (Abuja)",2026-05-25,2026-05-25,1
IBD035058,"Auto Crash, Delta",2026-05-25,2026-05-25,18
IBD035060,"Boko Haram Attack, Borno",2026-05-25,2026-05-25,1
IBD035110,"Soldiers Kill Kidnappers, Benue",2026-05-25,2026-05-25,2
IBD035109,"Soldiers Kill Robbers, Taraba",2026-05-25,2026-05-25,2
IBD035077,"Bandits Kill Councilor, Director, Zamfara",2026-05-25,2026-05-25,2
IBD035062,"Driver kills Traffic Controller, Cross River",2026-05-25,2026-05-25,1
IBD035052,"Communal Clash, Niger",2026-05-24,2026-05-24,3
IBD035116,"Drown, Bauchi",2026-05-24,2026-05-24,1
IBD035081,"Serial Killer, Cross River",2026-05-24,2026-05-25,30
IBD035064,"Cult Violence, Delta",2026-05-24,2026-05-25,2
IBD035046,"Police vs Kidnappers, Lagos",2026-05-24,2026-05-24,4
IBD035048,"Banditry, Kaduna",2026-05-23,2026-05-23,3
IBD035036,"Bandits Kill Worshippers, Kwara",2026-05-23,2026-05-23,3
IBD035035,"Friends Die, Kano",2026-05-23,2026-05-23,2
IBD035047,"Auto Crash, Katsina",2026-05-23,2026-05-23,11
IBD035044,"Police vs Baby, Anambra",2026-05-23,2026-05-23,1
IBD035043,"Auto Crash, Ogun",2026-05-23,2026-05-23,1
IBD035033,"Herdsmen Attack, Benue",2026-05-22,2026-05-22,1
IBD035034,"Herdsmen Attack, Benue",2026-05-22,2026-05-22,2
IBD035028,"Man Die in Soakaway, Oyo",2026-05-22,2026-05-22,1
IBD035132,"Commercial Driver, Rivers",2026-05-22,2026-05-22,1
IBD035029,"Boko HaramAttack, Borno",2026-05-22,2026-05-22,12
IBD035038,"Boko Haram Attack, Adamawa",2026-05-22,2026-05-22,6
IBD035042,"Assailants Murdered Woman, FCT (Abuja)",2026-05-21,2026-05-21,1
IBD035142,"EFCC vs Fugitive, Benue",2026-05-21,2026-05-21,1
IBD035032,"Fulani Herdsmen Attack, Plateau",2026-05-21,2026-05-21,1
IBD031962,"Deputy Governor's Aide, Niger",2026-05-21,2026-05-21,1
IBD035050,"NAF vs Bandits, Niger",2026-05-21,2026-05-21,11
IBD035026,"Nursing Student, Imo",2026-05-21,2026-05-21,1
IBD035039,"Banditry, Kaduna",2026-05-21,2026-05-21,5
IBD035037,"Political Violence, Kano",2026-05-20,2026-05-20,1
IBD035049,"NAF vs Bandits, Niger",2026-05-20,2026-05-20,11
IBD035024,"Auto Crash, Lagos",2026-05-20,2026-05-20,1
IBD035022,"Auto Crash, Kano",2026-05-20,2026-05-20,4
IBD035023,"Auto Crash, Gombe",2026-05-20,2026-05-20,2
IBD035021,"Auto Crash, Ondo",2026-05-20,2026-05-20,2
IBD035025,"Army vs Boko Haram, Borno",2026-05-19,2026-05-19,40
IBD035027,"Business Dispute, Lagos",2026-05-19,2026-05-19,1
IBD035241,"Bandit Kidnapped Victims, Zamfara",2026-05-19,2026-05-19,3
IBD035018,"Auto Crash, Lagos",2026-05-19,2026-05-19,1
IBD035020,"Policeman Shot Dead, Kano",2026-05-18,2026-05-18,3
IBD035078,"Boy Dies Inside Well, FCT (Abuja)",2026-05-18,2026-05-18,1
IBD035138,"Lagoon, Lagos",2026-05-18,2026-05-18,1
IBD035016,"Police vs Kidnapper, Ogun",2026-05-18,2026-05-18,1
IBD035017,"Police vs Kidnapper, Delta",2026-05-18,2026-05-18,1
IBD035014,"Auto Crash, Jigawa",2026-05-18,2026-05-18,7
IBD035012,"Banditry, Katsina",2026-05-17,2026-05-17,11
IBD035013,"Auto Crash, Niger",2026-05-17,2026-05-17,2
IBD035001,"Auto Crash, Lagos",2026-05-17,2026-05-17,1
IBD035030,"Domestic Violence, Bauchi",2026-05-17,2026-05-17,1
IBD035003,"Man Killed During Festival, Edo",2026-05-17,2026-05-17,1
IBD035011,"Auto Crash, Ogun",2026-05-17,2026-05-17,1
IBD035007,"Birthday Party, Ogun",2026-05-17,2026-05-17,1
IBD035002,"Auto Crash, Edo",2026-05-17,2026-05-17,2
IBD034996,"Boko Haram Bomb Makers, Borno",2026-05-16,2026-05-16,6
IBD035000,"Domestic Violence, Enugu",2026-05-16,2026-05-16,2
IBD034995,"Building Collapse, FCT (Abuja)",2026-05-16,2026-05-16,5
IBD035009,"Cult Violence, Lagos",2026-05-16,2026-05-16,1
IBD035005,"Domestic Violence, Abia",2026-05-16,2026-05-16,1
IBD035004,"Political Violence, Plateau",2026-05-16,2026-05-16,1
IBD035010,"Lakurawa vs Soldiers, Sokoto",2026-05-16,2026-05-16,8
IBD034999,"Domestic Violence, Enugu",2026-05-16,2026-05-16,1
IBD035114,"Kidnap Victims, Edo",2026-05-16,2026-05-16,3
IBD034997,"Boko Haram Attack, Borno",2026-05-15,2026-05-15,59
IBD035015,"Domestic Violence, FCT (Abuja)",2026-05-15,2026-05-15,1
IBD034998,"Police vs Kidnappers, Ogun",2026-05-15,2026-05-15,2
IBD035008,"Rape Victim, Lagos",2026-05-15,2026-05-15,1
IBD034989,"Terrorist Attack Schools, Oyo",2026-05-15,2026-05-17,3
IBD035019,"Auto Crash, Rivers",2026-05-15,2026-05-15,3
IBD034988,"Boko Haram Attack, Borno",2026-05-14,2026-05-14,6
IBD034990,"Forest Personnel Drown, Delta",2026-05-14,2026-05-14,2
IBD034992,"Assailants Kill Farmer, Ondo",2026-05-14,2026-05-14,1
IBD034991,"Security Operatives vs Youths, Anambra",2026-05-14,2026-05-14,4
IBD035122,"Cult Violence, Abia",2026-05-13,2026-05-13,1
IBD035066,"Teenager Dies Mysteriously, Rivers",2026-05-13,2026-05-13,1
IBD034986,"Herdsmen Attack, Imo",2026-05-13,2026-05-13,1
IBD034987,"Auto Crash, FCT (Abuja)",2026-05-13,2026-05-13,2
IBD034985,"Soldiers vs Boko Haram, Borno",2026-05-13,2026-05-13,2
IBD034982,"Lakurawa Attack, Kebbi",2026-05-13,2026-05-13,2
IBD034978,"Gunmen Attack, Plateau",2026-05-13,2026-05-13,2
IBD034984,"Madman Kill Man, Delta",2026-05-13,2026-05-13,2
IBD034980,"Auto Crash, Osun",2026-05-12,2026-05-12,1
IBD035006,"Palm Wine Tapper, Edo",2026-05-12,2026-05-12,3
IBD034979,"Bishop killed, Delta",2026-05-12,2026-05-12,1
IBD034983,"Boko Haram Executes Captives, Borno",2026-05-12,2026-05-12,5
IBD034975,"Gunmen Attack, Plateau",2026-05-11,2026-05-11,2
IBD034973,"Kidnap Victim, Kaduna",2026-05-11,2026-05-11,1
IBD034976,"Gumen Kill 3, Kano",2026-05-11,2026-05-11,4
IBD034977,"Military Market Airstrike, Zamfara",2026-05-10,2026-05-10,100
IBD034965,"Auto Crash, Ogun",2026-05-10,2026-05-10,11
IBD034972,"Cult Attack, Imo",2026-05-10,2026-05-10,2
IBD034943,"NAF Airstrike, Niger",2026-05-10,2026-05-10,70
IBD034966,"Cult Attack, Edo",2026-05-10,2026-05-10,1
IBD034968,"Herders vs Farmer, Plateau",2026-05-10,2026-05-10,2
IBD034967,"Domestic Violence, Enugu",2026-05-10,2026-05-10,1
IBD034971,"Banditry, Zamfara",2026-05-10,2026-05-10,30
IBD034970,"Cultists Attack, Benue",2026-05-10,2026-05-11,8
IBD034950,"Auto Crash, Ogun",2026-05-09,2026-05-09,1
IBD034946,"Gunmen Attack, Plateau",2026-05-09,2026-05-09,11
IBD034934,"Domestic Violence, Kebbi",2026-05-09,2026-05-09,2
IBD034937,"Political Violence, Osun",2026-05-09,2026-05-09,1
IBD034944,"Auto Crash, Lagos",2026-05-09,2026-05-09,2
IBD034942,"Gunmen Attack, Plateau",2026-05-09,2026-05-09,1
IBD034994,"Boko Haram vs Police Officers, Yobe",2026-05-08,2026-05-08,40
IBD034935,"Man Stabbed to Death, Osun",2026-05-08,2026-05-08,1
IBD034948,"Notorious Bandit Leader, Zamfara",2026-05-08,2026-05-08,1
IBD034932,"Gunmen Kill Farmers, Plateau",2026-05-08,2026-05-08,13
IBD034949,"Windstorm Kills 4, Borno",2026-05-08,2026-05-08,4
IBD034938,"Gumen Kill 3, Plateau",2026-05-08,2026-05-08,3
IBD034939,"Security Operatives vs Residents, Plateau",2026-05-08,2026-05-08,1
IBD034941,"Banditry, Katsina",2026-05-08,2026-05-08,4
IBD034933,"Soldiers vs Boko Haram, Yobe",2026-05-07,2026-05-07,52
IBD034929,"Communal Clash, Kogi",2026-05-07,2026-05-07,24
IBD034931,"Mob Attack, Bauchi",2026-05-07,2026-05-07,2
IBD034926,"Police Kill Robber, Oyo",2026-05-07,2026-05-07,1
IBD034925,"Soldiers vs Bandits, Zamfara",2026-05-07,2026-05-07,2
IBD034947,"Extra judicial Killing, Anambra",2026-05-07,2026-05-07,1
IBD034936,"Auto Crash, Kogi",2026-05-07,2026-05-07,16
IBD034930,"Windstorm Kills Baby, Niger",2026-05-07,2026-05-07,1
IBD034922,"IED Explosion, Zamfara",2026-05-07,2026-05-07,6
IBD034921,"Soldiers vs Boko Haram, Borno",2026-05-06,2026-05-06,22
IBD034924,"Soldiers vs Boko Haram, Borno",2026-05-06,2026-05-07,2
IBD034940,"Thunderstorm Kills Police Officer, Borno",2026-05-06,2026-05-06,1
IBD034928,"Police Kill Kidnapper, Plateau",2026-05-06,2026-05-06,1
IBD034918,"Political Violence, Kano",2026-05-05,2026-05-05,3
IBD034974,"Hospital Patient, Kano",2026-05-05,2026-05-05,1
IBD034910,"Auto Crash, Lagos",2026-05-05,2026-05-05,1
IBD034919,"Gunmen Kill Herders, Plateau",2026-05-05,2026-05-05,3
IBD034917,"Domestic Violence, Kano",2026-05-05,2026-05-05,1
IBD034914,"Gunmen Attack, Plateau",2026-05-05,2026-05-06,7
IBD034916,"Banditry, Kogi",2026-05-05,2026-05-05,2
IBD034908,"Rainstorm Kill Girl, Niger",2026-05-04,2026-05-04,1
IBD034905,"Soldiers vs Bandits, Katsina",2026-05-04,2026-05-04,45
IBD034945,"Mob Lynch Man, Lagos",2026-05-04,2026-05-04,1
IBD035147,"Banditry, Zamfara",2026-05-04,2026-05-06,5
IBD034909,"Rainstorm Kill 2, Kaduna",2026-05-04,2026-05-04,2
IBD034927,"Female Corpse, Osun",2026-05-04,2026-05-04,1
IBD034903,"Police Kill Bandit, Kebbi",2026-05-04,2026-05-04,1
IBD034912,"Soldiers vs Bandits, Zamfara",2026-05-04,2026-05-04,2
IBD034904,"Banditry, Katsina",2026-05-04,2026-05-04,7
IBD034896,"Market Crisis, Lagos",2026-05-03,2026-05-03,1
IBD034898,"Cult Clash/Political Violence, Ogun",2026-05-03,2026-05-03,1
IBD034911,"Cult Clash, Benue",2026-05-03,2026-05-04,3
IBD034899,"Gunmen Attack, Plateau",2026-05-03,2026-05-03,5
IBD034901,"Banditry, Katsina",2026-05-03,2026-05-03,13
IBD034907,"Troops Kill Bandits, Zamfara",2026-05-03,2026-05-03,7
IBD034923,"Police vs Kidnappers, FCT (Abuja)",2026-05-03,2026-05-03,3
IBD034895,"Businessman, Edo",2026-05-02,2026-05-02,1
IBD034889,"Gunmen Attack, Benue",2026-05-02,2026-05-02,4
IBD034897,"Cult Attack, Lagos",2026-05-02,2026-05-02,2
IBD034888,"Soldiers vs Bandits, Katsina",2026-05-01,2026-05-01,4
IBD034902,"Auto Crash, Yobe",2026-05-01,2026-05-01,2
IBD034981,"Male Corpses, Ondo",2026-05-01,2026-05-07,2
IBD034894,"NSCDC vs Revenue Official, FCT (Abuja)",2026-05-01,2026-05-01,1
IBD034884,"Gunmen Attack, Plateau",2026-05-01,2026-05-01,4
IBD034886,"Gunmen vs Mobile Policemen, Kwara",2026-05-01,2026-05-01,3
IBD034887,"Auto Crash, Kwara",2026-05-01,2026-05-01,3
IBD034885,"Auto Crash, Cross River",2026-05-01,2026-05-01,4
IBD034900,"Herder vs Farmer, Niger",2026-04-30,2026-04-30,1
IBD034891,"Extra-Judial Killing, Anambra",2026-04-30,2026-04-30,1
IBD034882,"Banditary, Niger",2026-04-30,2026-04-30,3
IBD034880,"Security Operatives Kill Kidnapper, FCT (Abuja)",2026-04-30,2026-04-30,1
IBD034969,"Soldiers vs Lakurawa, Sokoto",2026-04-29,2026-04-29,7
IBD034881,"Soldiers vs Boko Haram, Borno",2026-04-29,2026-04-29,4
IBD034879,"Soldiers vs Boko Haram, Borno",2026-04-29,2026-04-29,5
IBD034883,"Domestic Violence, Ondo",2026-04-29,2026-04-29,1
IBD034872,"Soldiers vs Boko Haram, Yobe",2026-04-28,2026-04-28,11
IBD034867,"Kidnap Victims, Ekiti",2026-04-28,2026-05-05,2
IBD034878,"Power Plant Accident, Lagos",2026-04-28,2026-04-28,1
IBD034964,"Vigilantes vs Lakurawa, Sokoto",2026-04-28,2026-04-28,2
IBD034866,"Auto Crash, Ogun",2026-04-28,2026-04-28,2
IBD034871,"Bandits Kill Farmer, Kwara",2026-04-28,2026-04-28,1
IBD034892,"NYSC Member, Borno",2026-04-27,2026-04-27,1
IBD034874,"Medical Negligence, Lagos",2026-04-27,2026-04-27,1
IBD034861,"Gunmen Kill Herder, Plateau",2026-04-27,2026-04-27,1
IBD034906,"Banditry, Katsina",2026-04-27,2026-04-27,2
IBD034850,"Banditry, Katsina",2026-04-26,2026-04-26,10
IBD034858,"Kidnappers Kill Student, Kaduna",2026-04-26,2026-04-26,1
IBD034875,"Man Kill Over Phone, Sokoto",2026-04-26,2026-04-26,1
IBD034855,"Communal Clash, Adamawa",2026-04-26,2026-04-26,20
IBD034857,"Herdsmen Attack, Benue",2026-04-26,2026-04-26,7
IBD034864,"Extra-Judicial Killing, Delta",2026-04-26,2026-04-26,1
IBD034862,"Domestic Violence, Lagos",2026-04-26,2026-04-26,1
IBD034859,"Boko Haram Attack, Adamawa",2026-04-26,2026-04-26,32
IBD034838,"Banditry, Katsina",2026-04-26,2026-04-26,11
IBD034847,"Gunmen Attack, Plateau",2026-04-26,2026-04-26,4
IBD034846,"Gunmen Attack, Plateau",2026-04-25,2026-04-25,2
IBD034848,"Gunmen Kill 3, Benue",2026-04-25,2026-04-25,3
IBD034876,"Commercial Motorcyclist, FCT (Abuja)",2026-04-25,2026-04-25,1
IBD034849,"NYSC Member, FCT (Abuja)",2026-04-25,2026-04-25,1
IBD034852,"Banditry, Zamfara",2026-04-25,2026-04-25,21
IBD034853,"Herdsmen Kill Motorcyclist, Imo",2026-04-25,2026-04-25,1
IBD034841,"Footballer Dies, Kaduna",2026-04-24,2026-04-24,1
IBD034843,"Auto Crash, Oyo",2026-04-24,2026-04-24,1
IBD034856,"Domestic Violence, Ogun",2026-04-24,2026-04-24,1
IBD034839,"Mob Attack, Plateau",2026-04-24,2026-04-24,4
IBD034865,"Domestic Violence, Lagos",2026-04-24,2026-04-24,1
IBD034869,"Police Brutality, Oyo",2026-04-24,2026-04-24,1
IBD034920,"Cult Violence, Anambra",2026-04-23,2026-04-30,5
IBD034842,"Elephant Kills 1, Oyo",2026-04-23,2026-04-23,1
IBD034840,"Gunmen Attack, Benue",2026-04-23,2026-04-23,7
IBD034829,"Gunmen Attack, Kaduna",2026-04-23,2026-04-23,6
IBD034834,"Boko Haram Kill Farmers, Borno",2026-04-23,2026-04-23,19
IBD034963,"Vigilantes vs Lakurawa, Sokoto",2026-04-23,2026-04-23,1
IBD034832,"Soldiers vs Boko Haram, Yobe",2026-04-23,2026-04-23,24
IBD034854,"Gunmen Attack, Kano",2026-04-23,2026-04-23,1
IBD034851,"Soldiers vs Boko Haram, Yobe",2026-04-22,2026-04-22,21
IBD034868,"UTME Candidate, Lagos",2026-04-22,2026-04-22,1
IBD034830,"Auto Crash, Edo",2026-04-22,2026-04-22,12
IBD034890,"Cultist Kill Man, Lagos",2026-04-22,2026-04-22,1
IBD034836,"Boko Haram Attack, Adamawa",2026-04-22,2026-04-22,9
IBD034837,"Children Drown, Bayelsa",2026-04-22,2026-04-22,3
IBD034831,"Petrol Tanker Explosion, Cross River",2026-04-22,2026-04-22,12
IBD034817,"Auto Crash, Lagos",2026-04-21,2026-04-21,1
IBD034826,"Gunmen Kill Pastor, Adamawa",2026-04-21,2026-04-21,1
IBD034827,"Auto Crash, Taraba",2026-04-21,2026-04-21,7
IBD034824,"NAF vs Boko Haram, Borno",2026-04-21,2026-04-21,30
IBD034828,"Bandits Kill Vigilante, Kogi",2026-04-21,2026-04-21,1
IBD034822,"Auto Crash, Plateau",2026-04-20,2026-04-20,3
IBD034818,"Banditry, Sokoto",2026-04-20,2026-04-20,3
IBD034814,"Banditry, Kaduna",2026-04-20,2026-04-20,2
IBD034813,"Electrocution, Niger",2026-04-20,2026-04-20,5
IBD034807,"Ansaru Terrorist Attack, Kwara",2026-04-20,2026-04-20,8
IBD034821,"Auto Crash, Kaduna",2026-04-20,2026-04-20,4
IBD034810,"Auto Crash, Lagos",2026-04-20,2026-04-20,1
IBD034819,"Auto Crash, Kano",2026-04-20,2026-04-20,2
IBD034812,"Kidnappers Kill Man, Edo",2026-04-19,2026-04-19,1
IBD034808,"Gunmen Attack, Plateau",2026-04-19,2026-04-19,4
IBD034809,"Gunmen Attack, Plateau",2026-04-19,2026-04-19,2
IBD034804,"Auto Crash, Lagos",2026-04-19,2026-04-19,1
IBD034820,"Soldiers vs Boko Haram, Borno",2026-04-19,2026-04-19,10
IBD034833,"Vigilante vs NYSC, Benue",2026-04-19,2026-04-19,1
IBD034811,"Kidnappers Kill Driver, Edo",2026-04-19,2026-04-19,1
IBD034800,"Auto Crash, Kano",2026-04-18,2026-04-18,2
IBD034823,"Auto Crash, Edo",2026-04-18,2026-04-18,12
IBD034801,"Factional Bandit Clash, Kaduna",2026-04-18,2026-04-18,11
IBD034805,"Kidnappers Kill Commuter, Oyo",2026-04-18,2026-04-18,1
IBD034798,"Auto Crash, Ogun",2026-04-18,2026-04-18,3
IBD034799,"Auto Crash, Kano",2026-04-18,2026-04-18,2
IBD034816,"Motorcyclist, FCT (Abuja)",2026-04-18,2026-04-18,1
IBD034793,"Herdsmen Attack, Benue",2026-04-18,2026-04-18,5
IBD034806,"Stampede in Hotel, Ekiti",2026-04-18,2026-04-18,3
IBD034796,"Hospital Negligence, Ondo",2026-04-18,2026-04-18,1
IBD034792,"Fuel Tank Explosion, Plateau",2026-04-17,2026-04-17,2
IBD034795,"Auto Crash, Bauchi",2026-04-17,2026-04-17,11
IBD034802,"Medical Quackery, Ondo",2026-04-16,2026-04-16,2
IBD035192,"Assailants Murder Man, Ebonyi",2026-04-16,2026-04-16,1
IBD034797,"Cult Violence, Oyo",2026-04-16,2026-04-16,1
IBD034791,"Gunmen Behead Man, Plateau",2026-04-16,2026-04-16,1
IBD034783,"Boko Haram Attack, Borno",2026-04-15,2026-04-15,22
IBD034790,"Robbers Kill Fuel Attendant, Niger",2026-04-15,2026-04-15,1
IBD034788,"Domestic Violence, Abia",2026-04-15,2026-04-15,1
IBD034782,"Medical Complication, Bayelsa",2026-04-14,2026-04-14,1
IBD034785,"Soldiers vs Bandits, Bauchi",2026-04-14,2026-04-14,10
IBD034784,"Forest Guard vs Herder, Taraba",2026-04-14,2026-04-14,2
IBD034772,"Gunmen Kill Man, Plateau",2026-04-13,2026-04-13,1
IBD034778,"Fulani Herdsmen Attack, Benue",2026-04-13,2026-04-13,2
IBD034786,"Cult Clash, Benue",2026-04-13,2026-04-13,2
IBD034781,"Soldier Kills Driver, Abia",2026-04-13,2026-04-13,1
IBD034779,"Troops Kill Bandits, Bauchi",2026-04-13,2026-04-13,10
IBD034767,"Boko Haram Attack, Borno",2026-04-12,2026-04-12,7
IBD034774,"Friends Kill Man, Adamawa",2026-04-12,2026-04-12,1
IBD034776,"Cult Incident, Lagos",2026-04-12,2026-04-12,1
IBD034768,"Herdsmen Attack, Benue",2026-04-12,2026-04-12,10
IBD034771,"Gunmen Kill Herder, Plateau",2026-04-12,2026-04-12,1
IBD034780,"Vigilante vs Bandits, Bauchi",2026-04-12,2026-04-12,5
IBD034789,"Cult Clash, Anambra",2026-04-11,2026-04-11,1
IBD034759,"NAF Airstrike, Borno",2026-04-11,2026-04-11,153
IBD034761,"Auto Crash, Lagos",2026-04-11,2026-04-11,1
IBD034764,"Ritual Killing, Oyo",2026-04-11,2026-04-11,1
IBD034758,"Wedding Guest, Adamawa",2026-04-11,2026-04-11,1
IBD034765,"Auto Crash, Cross River",2026-04-11,2026-04-11,1
IBD034762,"Cult Violence, Lagos",2026-04-11,2026-04-11,1
IBD034803,"Medical Quackery, Ondo",2026-04-11,2026-04-11,2
IBD034770,"Gunmen Kill Mobile Policeman, Benue",2026-04-11,2026-04-11,1
IBD034773,"Traveller, Ogun",2026-04-10,2026-04-10,1
IBD034794,"Decompsed Body, Taraba",2026-04-10,2026-04-10,1
IBD034777,"Murder, Cross River",2026-04-10,2026-04-10,1
IBD034769,"Gunmen Kill 3, Benue",2026-04-10,2026-04-10,3
IBD034766,"Banditry, Zamfara",2026-04-10,2026-04-10,21
IBD034757,"Gunmen vs Traditional Ruler, Imo",2026-04-10,2026-04-10,6
IBD034763,"Bandits Attack, Zamfara",2026-04-10,2026-04-10,19
IBD034754,"Gunmen/Boko Haram Attack, Kwara",2026-04-10,2026-04-10,28
IBD034755,"Police vs Kidnappers, Delta",2026-04-09,2026-04-09,2
IBD034751,"Kidnap Victims, Ondo",2026-04-09,2026-04-09,2
IBD034756,"Banditry, Sokoto",2026-04-09,2026-04-09,4
IBD034737,"Banditry, Kaduna",2026-04-09,2026-04-09,1
IBD034738,"Boko Haram Attack, Borno",2026-04-09,2026-04-09,55
IBD034750,"Gunmen Attack, Plateau",2026-04-09,2026-04-09,8
IBD034775,"Herders vs Farmer, Oyo",2026-04-09,2026-04-09,1
IBD034742,"Security Troops vs Kidnapper, Delta",2026-04-09,2026-04-09,2
IBD034753,"Soldiers vs Bandits, Plateau",2026-04-09,2026-04-09,10
IBD034752,"Domestic Violence, Ondo",2026-04-09,2026-04-09,1
IBD034915,"Kidnap Victim, Ogun",2026-04-08,2026-04-08,1
IBD034741,"Banditry, Zamfara",2026-04-08,2026-04-08,17
IBD034726,"Auto Crash, Delta",2026-04-08,2026-04-08,1
IBD034735,"Gunmen Kill 1, Plateau",2026-04-08,2026-04-08,1
IBD034729,"Auto Crash, Ogun",2026-04-08,2026-04-08,1
IBD034745,"Okada Rider, Ogun",2026-04-08,2026-04-08,1
IBD034734,"Gunmen Kill 1, Plateau",2026-04-08,2026-04-08,1
IBD034728,"Electrocution/Fire Incident, Kwara",2026-04-07,2026-04-07,1
IBD034746,"Herders vs Farmers, FCT (Abuja)",2026-04-07,2026-04-07,2
IBD034733,"Security Operatives vs Bandits, Niger",2026-04-07,2026-04-07,75
IBD034736,"Banditry, Sokoto",2026-04-07,2026-04-08,5
IBD034723,"Banditry, Niger",2026-04-07,2026-04-07,4
IBD034727,"Man Kills 2, Ogun",2026-04-07,2026-04-07,2
IBD034747,"Cult Violence, Lagos",2026-04-07,2026-04-07,1
IBD034730,"Victim of School Bullying, Akwa Ibom",2026-04-07,2026-04-07,1
IBD034630,"Domestic Violence, Ondo",2026-04-07,2026-04-07,3
IBD034743,"Gas Explosion, FCT (Abuja)",2026-04-07,2026-04-07,2
IBD034732,"Herdsmen Attack, Benue",2026-04-07,2026-04-07,4
IBD034731,"Undergraduate Footballer Dies, Ogun",2026-04-06,2026-04-06,1
IBD034720,"Man Kills Driver, Rivers",2026-04-06,2026-04-06,3
IBD034714,"Herders vs Farmer, Plateau",2026-04-06,2026-04-06,1
IBD034724,"Gunmen Kill Undergraduate, Plateau",2026-04-06,2026-04-06,1
IBD034708,"Banditry, Kebbi",2026-04-05,2026-04-06,4
IBD034725,"Banditry, Kebbi",2026-04-05,2026-04-06,24
IBD034713,"Herders vs Farmer, Plateau",2026-04-05,2026-04-05,3
IBD034706,"Cannon Blast Kills Man, Cross River",2026-04-05,2026-04-05,1
IBD034716,"Commercial Motorcyclist, Passenger, Delta",2026-04-05,2026-04-05,6
IBD034709,"IED Explosion, Niger",2026-04-05,2026-04-05,3
IBD034710,"Auto Crash, Ogun",2026-04-05,2026-04-05,4
IBD034707,"Student Stabbed to Death, Niger",2026-04-05,2026-04-05,1
IBD034695,"Bandits Attack Church, Kaduna",2026-04-05,2026-04-05,5
IBD034721,"Banditry, Bauchi",2026-04-05,2026-04-05,6
IBD034702,"Herdsmen Attack, Benue",2026-04-05,2026-04-05,15
IBD034717,"Man Kills Debtor, Ogun",2026-04-05,2026-04-05,1
IBD034712,"Cult Clash, Rivers",2026-04-05,2026-04-05,1
IBD034703,"Banditry, Katsina",2026-04-05,2026-04-05,2
IBD034718,"Soldiers vs Gunmen, Plateau",2026-04-05,2026-04-05,1
IBD034699,"Fire Incident, Oyo",2026-04-04,2026-04-04,1
IBD035162,"Boko Haram Kidnapepd Victims, Borno",2026-04-04,2026-04-04,8
IBD034844,"Medical Negligence, Lagos",2026-04-04,2026-04-04,1
IBD034696,"Auto Crash, Oyo",2026-04-04,2026-04-04,2
IBD034715,"Vigilantes Kill Girl, Borno",2026-04-04,2026-04-04,1
IBD034688,"Boko Haram Attack, Borno",2026-04-04,2026-04-04,4
IBD034689,"Boko Haram Attack, Borno",2026-04-04,2026-04-04,1
IBD034700,"Commercial Motorcyclist, Oyo",2026-04-04,2026-04-04,1
IBD034705,"Soldiers vs Bandits, Zamfara",2026-04-04,2026-04-04,74
IBD034760,"Medical Complication, Lagos",2026-04-03,2026-04-03,2
IBD034687,"Communal Clash, Nasarawa",2026-04-03,2026-04-03,12
IBD034691,"Police vs Kidnappers, Enugu",2026-04-03,2026-04-03,1
IBD034693,"Soldiers vs Boko Haram, Borno",2026-04-03,2026-04-03,2
IBD034690,"Police vs Bandits, Kebbi",2026-04-03,2026-04-03,1
IBD034686,"Gunmen Kill 3, Plateau",2026-04-03,2026-04-03,3
IBD034680,"Drug Overdose Victim, Delta",2026-04-02,2026-04-02,1
IBD034701,"Stray Bullet, Bayelsa",2026-04-02,2026-04-02,1
IBD034697,"Cult Clash, Lagos",2026-04-02,2026-04-02,3
IBD034685,"Soldiers vs Bandits, Plateau",2026-04-02,2026-04-02,3
IBD034684,"Auto Crash, Kwara",2026-04-02,2026-04-02,2
IBD034698,"Trader vs Man, Katsina",2026-04-02,2026-04-02,2
IBD034692,"Bandits Kill 2, Sokoto",2026-04-02,2026-04-02,2
IBD034704,"Domestic Violence, Jigawa",2026-04-01,2026-04-01,1
IBD034678,"Auto Crash, Akwa Ibom",2026-04-01,2026-04-01,3
IBD034694,"NAF vs Boko Haram, Borno",2026-04-01,2026-04-01,40
IBD034681,"Gunmen Kill Monarch, Ebonyi",2026-04-01,2026-04-01,1
IBD034787,"Murder, Ogun",2026-04-01,2026-04-01,1
IBD034673,"Woman Found Dead, Plateau",2026-03-31,2026-03-31,1
IBD034682,"Soldiers vs Boko Haram, Borno",2026-03-31,2026-03-31,2
IBD034675,"Cult Clash, Ogun",2026-03-31,2026-03-31,1
IBD034672,"Police Kill Man, Delta",2026-03-31,2026-03-31,1
IBD034677,"Banditry, Sokoto",2026-03-31,2026-03-31,2
IBD034674,"Cult Attack, Lagos",2026-03-31,2026-03-31,1
IBD034683,"Soldiers vs Bandits, Zamfara",2026-03-31,2026-03-31,1
IBD034719,"Wedding Attack, Yobe",2026-03-31,2026-03-31,1
IBD034670,"Police vs Kidnapper, Nasarawa",2026-03-30,2026-03-30,1
IBD034662,"Banditry, Plateau",2026-03-29,2026-03-29,29
IBD034666,"Wedding Guest, Kaduna",2026-03-29,2026-03-29,13
IBD034655,"Soldiers vs Boko Haram, Borno",2026-03-28,2026-03-28,38
IBD034664,"Auto Crash, kaduna",2026-03-28,2026-03-28,1
IBD034668,"Banditry, Zamfara",2026-03-28,2026-03-28,22
IBD034657,"Auto Crash, Enugu",2026-03-28,2026-03-28,3
IBD034658,"Army vs Youth, Akwa Ibom",2026-03-28,2026-03-28,2
IBD034661,"Auto Crash, Ekiti",2026-03-28,2026-03-28,1
IBD034667,"Auto Crash, kaduna",2026-03-28,2026-03-28,3
IBD034654,"Soldiers vs Cattle Rustlers, Kano",2026-03-28,2026-03-28,2
IBD034660,"Domestic Violence, Cross River",2026-03-28,2026-03-28,1
IBD034665,"Land DIspute, Kano",2026-03-28,2026-03-28,10
IBD034651,"Phone Snatcers Kill Man, Kaduna",2026-03-28,2026-03-28,1
IBD034649,"Soldiers vs Gunmen, Benue",2026-03-27,2026-03-27,21
IBD034676,"Elevator Accident, FCT (Abuja)",2026-03-27,2026-03-27,1
IBD034962,"Vigilantes vs Lakurawa, Sokoto",2026-03-27,2026-03-27,6
IBD034638,"Quintuplets Mother, Kano",2026-03-26,2026-03-26,1
IBD034656,"Gunmen Attack, Kwara",2026-03-26,2026-03-26,1
IBD034648,"Corpse In Swimming Pool, Oyo",2026-03-26,2026-03-26,1
IBD034643,"Banditry, Zamfara",2026-03-25,2026-03-25,2
IBD034633,"Auto Crash, Lagos",2026-03-25,2026-03-25,1
IBD034650,"Banditry, Zamfara",2026-03-25,2026-03-25,2
IBD034629,"Herders vs Farmers, Nasarawa",2026-03-25,2026-03-25,3
IBD034631,"Pit Collapse, Kano",2026-03-25,2026-03-25,10
IBD034639,"Auto Crash, Yobe",2026-03-25,2026-03-25,5
IBD034645,"Auto Crash, Benue",2026-03-25,2026-03-25,3
IBD034640,"Rapist, Bayelsa",2026-03-25,2026-03-25,1
IBD034663,"Motorcyclist, FCT (Abuja)",2026-03-25,2026-03-25,1
IBD034642,"Banditry, Zamfara",2026-03-25,2026-03-25,1
IBD034644,"Banditry, Sokoto",2026-03-25,2026-03-25,3
IBD034632,"Gunmen Attack, Plateau",2026-03-24,2026-03-24,2
IBD034646,"Auto Crash, (FCT), Abuja",2026-03-24,2026-03-24,2
IBD034627,"Lakurawa vs Soldiers, Kebbi",2026-03-24,2026-03-24,22
IBD034624,"Gunmen vs Hunters, Kwara",2026-03-24,2026-03-24,2
IBD034616,"Auto Crash, Oyo",2026-03-24,2026-03-24,5
IBD034611,"Banditry/Boko Haram Attack, Niger",2026-03-23,2026-03-23,8
IBD034619,"Auto Crash, Bauchi",2026-03-23,2026-03-23,3
IBD034620,"Auto Crash, Ogun",2026-03-23,2026-03-23,1
IBD034647,"Man Kills Neighbour, Kogi",2026-03-23,2026-03-23,1
IBD034659,"Terrorist Attack, Kwara",2026-03-23,2026-03-23,1
IBD034641,"Convoy Auto Crash, Rivers",2026-03-23,2026-03-23,1
IBD034623,"Herdsmen Attack, Benue",2026-03-23,2026-03-23,1
IBD034617,"Drown, Kwara",2026-03-23,2026-03-23,2
IBD034607,"IED Kill Driver, Kwara",2026-03-23,2026-03-23,1
IBD034622,"Auto Crash, Ogun",2026-03-23,2026-03-23,4
IBD034626,"Communal Clash, Kebbi",2026-03-23,2026-03-23,3
IBD034608,"Police vs Kidnappers, Nasarawa",2026-03-23,2026-03-23,1
IBD034605,"Auto Crash, Niger",2026-03-23,2026-03-23,10
IBD035271,"Policemen Die, Lagos",2026-03-23,2026-06-23,7
IBD034679,"Kidnap Victim, Bauchi",2026-03-23,2026-03-23,1
IBD034669,"Auto Crash, Ondo",2026-03-22,2026-03-22,1
IBD034653,"Extra-Judicial Killing, Borno",2026-03-22,2026-03-22,1
IBD034615,"Police vs Bandit Kingpin, Kano",2026-03-22,2026-03-22,1
IBD034610,"PoS Operator, Imo",2026-03-22,2026-03-22,1
IBD034618,"Cashew Farmer, Kogi",2026-03-21,2026-03-21,1
IBD034604,"Rape Victim, Ondo",2026-03-21,2026-03-21,1
IBD034602,"Banditry, Katsina",2026-03-21,2026-03-21,2
IBD034637,"Ushering Manager, Rivers",2026-03-21,2026-03-21,1
IBD034595,"Auto Crash, Lagos",2026-03-21,2026-03-21,1
IBD034613,"Soldiers vs Boko Haram, Borno",2026-03-20,2026-03-20,20
IBD034606,"Cult Clash, Lagos",2026-03-20,2026-03-21,5
IBD034621,"Auto Crash, Taraba",2026-03-20,2026-03-20,3
IBD034609,"Motorcycle Thief, Ogun",2026-03-20,2026-03-20,1
IBD034599,"Youth Clash, Katsina",2026-03-20,2026-03-21,2
IBD034612,"Army Kill Bandits, Sokoto",2026-03-20,2026-03-20,20
IBD034625,"Land Dispute, Lagos",2026-03-20,2026-03-20,1
IBD034636,"Domestic Violence, Ebonyi",2026-03-19,2026-03-19,1
IBD034601,"Auto Crash, Kogi",2026-03-19,2026-03-19,2
IBD034591,"Soldiers vs Boko Haram, Borno",2026-03-18,2026-03-18,82
IBD034582,"Cult Attack, Lagos",2026-03-18,2026-03-18,1
IBD034711,"Graduate Killed, Kogi",2026-03-18,2026-03-18,1
IBD034583,"Medical Negligence, Kebbi",2026-03-18,2026-03-18,2
IBD034593,"Inferno, Ondo",2026-03-18,2026-03-18,2
IBD034585,"Gunmen Kill 8, Taraba",2026-03-18,2026-03-18,8
IBD034600,"NYSC Member, Ogun",2026-03-17,2026-03-17,1
IBD034578,"Electrocution, Enugu",2026-03-17,2026-03-17,1
IBD034614,"Boko Haram Burial Ground, Borno",2026-03-17,2026-03-17,8
IBD034584,"Fire Incident, Jigawa",2026-03-17,2026-03-17,2
IBD034579,"Vigilantes vs Repentant Bandits, Katsina",2026-03-17,2026-03-17,16
IBD034748,"School Todldler, Rivers",2026-03-17,2026-03-17,1
IBD034586,"Auto Crash, FCT (Abuja)",2026-03-17,2026-03-17,1
IBD035041,"Banditry, Katsina",2026-03-16,2026-03-16,1
IBD034572,"Banditry, Kaduna",2026-03-16,2026-03-16,1
IBD034574,"Boko Haram Suicide Attacks, Borno",2026-03-16,2026-03-16,24
IBD034575,"Boko Haram Attack, Borno",2026-03-16,2026-03-16,40
IBD034597,"Hoodlums Kill 2, Lagos",2026-03-16,2026-03-16,2
IBD034589,"Police vs Kidnappers, Delta",2026-03-16,2026-03-16,1
IBD034571,"Youth Clash, Oyo",2026-03-16,2026-03-16,1
IBD034587,"Mob Lynches Motorcycle Thief, FCT (Abuja)",2026-03-16,2026-03-16,1
IBD034603,"Kidnap Victim, Bauchi",2026-03-16,2026-03-16,1
IBD034568,"Bandits vs Vigilantes, Sokoto",2026-03-15,2026-03-15,5
IBD034576,"Footballer Dies, Lagos",2026-03-15,2026-03-15,1
IBD034590,"Siblings Kill Guard, Bauchi",2026-03-15,2026-03-15,1
IBD034581,"Domestic Violence, Anambra",2026-03-15,2026-03-15,1
IBD034722,"Commercial Motorcyclist, Bauchi",2026-03-15,2026-03-15,1
IBD034569,"Gunmen Attack, Sokoto",2026-03-15,2026-03-15,2
IBD034566,"Custom Officers vs Smugglers, Osun",2026-03-15,2026-03-15,1
IBD034565,"Auto Crash, Lagos",2026-03-14,2026-03-14,4
IBD034594,"Police vs IPOB Member, Imo",2026-03-14,2026-03-14,1
IBD034580,"Female Corpse, Oyo",2026-03-14,2026-03-14,1
IBD034558,"Soldiers vs Boko Haram, Borno",2026-03-14,2026-03-14,10
IBD034555,"Bandits vs Security Operatives, Plateau",2026-03-14,2026-03-14,23
IBD034567,"Girl Fell on Iron Rod, Kano",2026-03-14,2026-03-14,1
IBD034559,"Banditry, Zamfara",2026-03-14,2026-03-14,1
IBD034573,"Cult Killing, Lagos",2026-03-14,2026-03-14,1
IBD034749,"Assailants Kill Woman, Lagos",2026-03-14,2026-03-14,1
IBD034563,"Gunmen Kill Businessman, Kebbi",2026-03-13,2026-03-13,2
IBD034557,"NSCDC Officer, Kano",2026-03-13,2026-03-13,1
IBD034556,"Herdsmen Attack, Benue",2026-03-13,2026-03-13,15
IBD034544,"Soldiers vs Boko Haram, Borno",2026-03-12,2026-03-12,40
IBD034570,"Drinking Spot attack, FCT (Abuja)",2026-03-12,2026-03-12,1
IBD034588,"Man Kills Friend, Kano",2026-03-12,2026-03-12,1
IBD034577,"Auto Crash, Kogi",2026-03-12,2026-03-12,6
IBD034552,"Kidnap Victim, Edo",2026-03-11,2026-03-11,1
IBD034547,"Fulani Herders vs Fishermen, Delta",2026-03-11,2026-03-11,3
IBD034549,"Domestic Violence, Gombe",2026-03-11,2026-03-11,1
IBD034561,"Soldiers vs Youths, Cross River",2026-03-11,2026-03-11,2
IBD034543,"Auto Crash, Oyo",2026-03-11,2026-03-11,3
IBD034550,"Auto Crash, Ogun",2026-03-11,2026-03-11,1
IBD034553,"Kidnappers Kill ECWA Member, Kwara",2026-03-11,2026-03-11,1
IBD034536,"Boko Haram Attack, Borno",2026-03-10,2026-03-10,18
IBD034551,"Medical Complication, Lagos",2026-03-10,2026-03-10,1
IBD034542,"Banditry, Katsina",2026-03-10,2026-03-10,3
IBD034533,"Transformer Vandal, Cross River",2026-03-10,2026-03-10,1
IBD034545,"Banditry, katsina",2026-03-10,2026-03-10,11
IBD034548,"Boko Haram Attack, Borno",2026-03-10,2026-03-10,1
IBD034525,"Domestic Violence, Oyo",2026-03-09,2026-03-09,1
IBD034546,"Soldiers vs Boko Haram, Yobe",2026-03-09,2026-03-09,21
IBD034531,"PoS Operator, Niger",2026-03-09,2026-03-09,1
IBD034527,"Banditry, kaduna",2026-03-09,2026-03-09,1
IBD034528,"Soldiers vs Lakurawa, Sokoto",2026-03-09,2026-03-09,3
IBD034539,"Mob vs NSCDC Personnel, Rivers",2026-03-09,2026-03-09,2
IBD034532,"Kidnap Victim, Ondo",2026-03-09,2026-03-09,2
IBD034534,"Siblings Die, Kano",2026-03-09,2026-03-09,2
IBD034524,"Car Park Attack, Lagos",2026-03-08,2026-03-08,1
IBD034523,"Bandits Kill 1, Adamawa",2026-03-08,2026-03-08,1
IBD034529,"Boko Haram Attack, Borno",2026-03-08,2026-03-08,2
IBD034530,"Boko Haram Attack, Yobe",2026-03-08,2026-03-08,4
IBD034526,"Boko Haram Attack, Borno",2026-03-08,2026-03-08,21
IBD034598,"Domestic Violence, Imo",2026-03-08,2026-03-08,1
IBD034522,"Banditry, Kaduna",2026-03-07,2026-03-07,1
IBD034518,"Banditry, Sokoto",2026-03-07,2026-03-07,1
IBD034538,"Bandits Kill Man, Benue",2026-03-07,2026-03-07,1
IBD034516,"Auto Crash, Lagos",2026-03-07,2026-03-07,1
IBD034554,"Students Drown, Imo",2026-03-07,2026-03-07,2
IBD034517,"Auto Crash, Ogun",2026-03-07,2026-03-07,3
IBD034515,"Communal Clash, Adamawa",2026-03-07,2026-03-07,5
IBD034535,"Police Rescue Senator, Benue",2026-03-07,2026-03-07,4
IBD034519,"Auto Crash, Benue",2026-03-06,2026-03-06,6
IBD034510,"Retired Principal Kills Woman, Ondo",2026-03-06,2026-03-06,1
IBD034560,"Teenager Kills Friend, Ondo",2026-03-06,2026-03-06,1
IBD034512,"Banditry, Katsina",2026-03-06,2026-03-06,48
IBD034513,"Banditry, Katsina",2026-03-05,2026-03-05,4
IBD034508,"Fire Incident, Ebonyi",2026-03-05,2026-03-05,1
IBD034504,"Gunmen Assassinate Party Chieftain, Benue",2026-03-05,2026-03-05,1
IBD034502,"Herdsmen Attack, Benue",2026-03-05,2026-03-05,14
IBD034500,"Soldiers vs Boko Haram, Borno",2026-03-04,2026-03-04,50
IBD034460,"Auto Crash, Ogun",2026-03-04,2026-03-04,1
IBD034497,"Troops Kill Bandits, Katsina",2026-03-04,2026-03-04,3
IBD034511,"Kidnappers Kill Guard, FCT (Abuja)",2026-03-04,2026-03-04,1
IBD034494,"Boko Haram Attack, Borno",2026-03-04,2026-03-04,18
IBD034490,"Auto Crash, Oyo",2026-03-04,2026-03-04,1
IBD034496,"Troops Kill Kidnapper, Edo",2026-03-04,2026-03-04,1
IBD034499,"Checkpoint Attack, Benue",2026-03-04,2026-03-04,1
IBD034495,"Gunmen vs Policemen, Kebbi",2026-03-04,2026-03-04,2
IBD034520,"Troops Kill Bandits, Benue",2026-03-04,2026-03-04,2
IBD034488,"Auto Crash, Ogun",2026-03-03,2026-03-03,1
IBD034486,"Domestic Violence, Oyo",2026-03-03,2026-03-03,1
IBD034503,"Youth Leader, Kogi",2026-03-03,2026-03-03,1
IBD034493,"Cult Attack, Lagos",2026-03-03,2026-03-03,1
IBD034479,"Auto Crash, Ogun",2026-03-03,2026-03-03,1
IBD035040,"Banditry, Kaduna",2026-03-02,2026-03-02,3
IBD034468,"Auto Crash, Cross River",2026-03-02,2026-03-02,1
IBD034464,"Ritual Killing, FCT (Abuja)",2026-03-02,2026-03-02,1
IBD034480,"Auto Crash, Rivers",2026-03-02,2026-03-02,2
IBD034487,"Lakurawa Terrorists, Sokoto",2026-03-02,2026-03-02,1
IBD034478,"Gunmen Kill Farmer, Ondo",2026-03-02,2026-03-02,1
IBD034506,"Kidnappers Kill Tradinational Ruler, Ebonyi",2026-03-02,2026-03-02,1
IBD034652,"Fire Outbreak, Niger",2026-03-02,2026-03-02,2
IBD034492,"Police Foil Abduction, Kano",2026-03-02,2026-03-02,1
IBD034477,"Mob vs Phone Thief, Plateau",2026-03-02,2026-03-02,1
IBD034491,"Auto Crash, Imo",2026-03-02,2026-03-02,1
IBD034501,"Auto Crash, Delta",2026-03-02,2026-03-02,1
IBD034476,"Drown, Edo",2026-03-01,2026-03-01,2
IBD034481,"Auto Crash, Lagos",2026-03-01,2026-03-01,1
IBD034475,"Cult Clash, Lagos",2026-03-01,2026-03-01,2
IBD034471,"Soldiers vs Bandits, Benue",2026-03-01,2026-03-01,2
IBD034562,"Teenager Kills Friend, Niger",2026-03-01,2026-03-01,1
IBD034484,"Banditry, Kaduna",2026-03-01,2026-03-01,2
IBD034458,"Auto Crash, Lagos",2026-03-01,2026-03-01,1
IBD034463,"Auto Crash, Benue",2026-02-28,2026-02-28,9
IBD034473,"Sex Romp, FCT (Abuja)",2026-02-28,2026-02-28,1
IBD034459,"Boko Haram Attack, Niger",2026-02-28,2026-02-28,15
IBD034462,"Communal Clash, Lagos",2026-02-28,2026-02-28,2
IBD034485,"Kidnappers vs Vigilantes, Enugu",2026-02-28,2026-02-28,2
IBD034467,"Boko Haram Attack, Borno",2026-02-28,2026-02-01,12
IBD034482,"Gunmen Kill 2, Kogi",2026-02-28,2026-02-28,2
IBD034456,"Auto Crash, FCT (Abuja)",2026-02-28,2026-02-28,1
IBD034455,"Auto Crash, Anambra",2026-02-27,2026-02-27,4
IBD034521,"Cashew Farmer, Kwara",2026-02-27,2026-02-27,1
IBD034815,"Gunmen Kill Policeman, Delta",2026-02-26,2026-02-26,1
IBD034470,"Pregnant IDPs Die in Camp, Benue",2026-02-26,2026-03-01,2
IBD034469,"Banditry, Kaduna",2026-02-26,2026-02-26,1
IBD034453,"Army vs IPOB/ESN, Anambra",2026-02-26,2026-02-26,1
IBD034461,"Ramadan Stampede, Katsina",2026-02-26,2026-02-26,4
IBD034483,"Tenant, Ondo",2026-02-26,2026-02-26,1
IBD034465,"Phone Snatchers Kill Man, FCT (Abuja)",2026-02-26,2026-02-26,1
IBD034446,"Auto Crash, Nasarawa",2026-02-26,2026-02-26,6
IBD034454,"Hotel Fire Incident, Kwara",2026-02-26,2026-02-26,1
IBD034450,"Soldiers vs Boko Haram, Borno",2026-02-25,2026-02-25,4
IBD034443,"Commercial Motorcyclist, Ogun",2026-02-25,2026-02-25,1
IBD034440,"Boko Haram Attack, Adamawa",2026-02-25,2026-02-25,21
IBD034447,"Auto Crash, Bayelsa",2026-02-25,2026-02-25,5
IBD034441,"Food Posion, Tabara",2026-02-24,2026-02-24,5
IBD034457,"Gunmen Kill Youth, Edo",2026-02-24,2026-02-24,1
IBD034439,"Electrocution, Anambra",2026-02-24,2026-02-24,1
IBD034449,"Police vs IPOB and ESN, Imo",2026-02-24,2026-02-24,2
IBD034444,"Worshippers, Kebbi",2026-02-24,2026-02-24,5
IBD034961,"Soldiers vs Lakurawa, Kebbi",2026-02-23,2026-02-23,5
IBD034442,"Gunmen Kill Palace Chief, Edo",2026-02-23,2026-02-23,1
IBD034421,"Auto Crash, Adamawa",2026-02-23,2026-02-23,4
IBD034434,"Auto Crash, Kwara",2026-02-23,2026-02-23,7
IBD034422,"Auto Crash, Lagos",2026-02-23,2026-02-23,4
IBD034427,"Soldiers vs Ministry Team, Ogun",2026-02-23,2026-02-23,1
IBD034433,"Gang Kills Farmer, Edo",2026-02-23,2026-02-23,1
IBD034437,"Domestic Violence, Abia",2026-02-23,2026-02-23,1
IBD034432,"Banditry, Sokoto",2026-02-23,2026-02-23,3
IBD034425,"Auto Crash, Niger",2026-02-23,2026-02-23,5
IBD034436,"Herders vs Fishermen, Benue",2026-02-23,2026-02-23,2
IBD034452,"Gunmen Attack, Plateau",2026-02-23,2026-02-26,6
IBD034438,"Cultist, Oyo",2026-02-23,2026-02-23,1
IBD034435,"Gunmen Kill Traders, Plateau",2026-02-23,2026-02-23,4
IBD034423,"3 Die Inside Well, Rivers",2026-02-22,2026-02-22,3
IBD034466,"Auto Crash, Benue",2026-02-22,2026-02-22,1
IBD034401,"Soldiers vs Boko Haram, Yobe",2026-02-22,2026-02-22,15
IBD034428,"Soldiers vs Bandits, Bauchi",2026-02-22,2026-02-22,10
IBD034420,"GOC Foil Ambush, Kebbi",2026-02-22,2026-02-22,5
IBD034431,"Auto Crash, FCT (Abuja)",2026-02-22,2026-02-22,4
IBD034424,"Herders Attack Worshippers, Benue",2026-02-22,2026-02-22,2
IBD034429,"Banditry, Kwara",2026-02-22,2026-02-22,1
IBD034417,"Auto Crash, Ogun",2026-02-22,2026-02-22,3
IBD034419,"Cult Attack, Bayelsa",2026-02-22,2026-02-22,3
IBD034406,"Gunmen Kill 9, Plateau",2026-02-22,2026-02-22,10
IBD034409,"Domestic Violence, Edo",2026-02-21,2026-02-21,1
IBD034404,"Woman Killed While Asleep, Bayelsa",2026-02-21,2026-02-21,1
IBD034411,"Motorcyclist, Edo",2026-02-21,2026-02-21,1
IBD034416,"Auto Crash, Yobe",2026-02-21,2026-02-21,1
IBD034405,"Gunmen Kill Herders, Plateau",2026-02-21,2026-02-21,2
IBD034845,"Motorcyclist, Osun",2026-02-21,2026-02-21,1
IBD034430,"Cashew Farmers, Kogi",2026-02-21,2026-02-22,2
IBD034407,"Boko Haram Attack, Adamawa",2026-02-21,2026-02-21,5
IBD034414,"Auto Crash, Borno",2026-02-21,2026-02-21,1
IBD034426,"Bandits Kill Driver, Kaduna",2026-02-21,2026-02-21,1
IBD034418,"IPOB/ESN Attack, Anambra",2026-02-21,2026-02-21,1
IBD034410,"Vigilante Kills Colleague, Plateau",2026-02-21,2026-02-21,1
IBD034413,"Auto Crash, Edo",2026-02-20,2026-02-20,3
IBD034402,"Herdsmen Kill Farmer, Plateau",2026-02-20,2026-02-20,1
IBD034403,"Gunmen Kill Man, Plateau",2026-02-20,2026-02-20,1
IBD034400,"Boko Haram Attack, Borno",2026-02-20,2026-02-20,5
IBD034408,"Extra-Judicial Killing, Ogun",2026-02-20,2026-02-20,2
IBD034396,"Policemen Kill Passersby, Lagos",2026-02-20,2026-02-20,2
IBD034398,"Gunmen Kill Herders, Plateau",2026-02-19,2026-02-19,3
IBD034395,"Banditry, Zamfara",2026-02-19,2026-02-19,37
IBD034390,"Jungle Justice, Niger",2026-02-19,2026-02-19,1
IBD034391,"Boko Haram Attack, Borno",2026-02-19,2026-02-19,1
IBD034397,"Domestic Violence, Rivers",2026-02-19,2026-02-19,1
IBD034394,"Auto Crash, Lagos",2026-02-19,2026-02-19,2
IBD034388,"Auto Crash, Niger",2026-02-19,2026-02-19,1
IBD034389,"Soldiers vs Boko Haram, Adamawa",2026-02-19,2026-02-19,2
IBD034739,"Murder, Lagos",2026-02-18,2026-02-18,1
IBD034372,"Miners Die, Plateau",2026-02-18,2026-02-18,37
IBD034541,"Robbers Kill Farmer, Benue",2026-02-18,2026-02-18,1
IBD034374,"Political Violence, Ondo",2026-02-18,2026-02-18,2
IBD034386,"Lakurawa Attack, Kebbi",2026-02-18,2026-02-18,34
IBD034387,"Gunmen Kill Monarch, Ondo",2026-02-18,2026-02-18,1
IBD034740,"Murder, Lagos",2026-02-18,2026-02-18,2
IBD034382,"Auto Crash, Benue",2026-02-17,2026-02-17,6
IBD034383,"Auto Crash, FCT (Abuja)",2026-02-17,2026-02-17,2
IBD034379,"Auto Crash, Ogun",2026-02-17,2026-02-17,6
IBD034392,"Banditry, Katsina",2026-02-17,2026-02-17,2
IBD034380,"Domestic Violence, Abia",2026-02-17,2026-02-16,1
IBD034375,"Auto Crash, Enugu",2026-02-17,2026-02-17,13
IBD034367,"Banditry, Plateau",2026-02-16,2026-02-16,2
IBD034366,"Cult Violence, Bayelsa",2026-02-16,2026-02-16,1
IBD034364,"Police Kill 2, Oyo",2026-02-16,2026-02-16,2
IBD034362,"Banditry, Kaduna",2026-02-16,2026-02-16,2
IBD034385,"Banditry, Plateau",2026-02-16,2026-02-16,3
IBD034377,"Boko Haram Attack, Borno",2026-02-16,2026-02-16,8
IBD034381,"Armed Robber vs Police, Anambra",2026-02-16,2026-02-16,1
IBD035137,"Lagoon, Lagos",2026-02-15,2026-02-15,1
IBD034361,"Gunmen Kill Herder, Benue",2026-02-15,2026-02-15,1
IBD034356,"Apprentice Kills Boss, Anambra",2026-02-15,2026-02-15,1
IBD034353,"Electrocution, Lagos",2026-02-15,2026-02-15,1
IBD034359,"Auto Crash, Bauchi",2026-02-15,2026-02-15,2
IBD034360,"Boat Mishap, Kebbi",2026-02-15,2026-02-15,14
IBD034349,"Wheelbarrow Pusher vs Trader, River",2026-02-14,2026-02-14,2
IBD034358,"Soldiers vs Boko Haram, Yobe",2026-02-14,2026-02-14,40
IBD034369,"Banditry, Kwara",2026-02-14,2026-02-14,1
IBD034350,"Auto Crash, Lagos",2026-02-14,2026-02-14,1
IBD034087,"Train Accident, Abia",2026-02-14,2026-02-14,1
IBD034363,"Soldiers Kill 2, Ondo",2026-02-14,2026-02-14,2
IBD034352,"Mining Pit Collapse, Ebonyi",2026-02-14,2026-02-14,4
IBD034355,"Auto Crash, Enugu",2026-02-14,2026-02-14,12
IBD034371,"Boko Haram Insurgency, Borno",2026-02-14,2026-02-14,1
IBD034399,"Female Corpse, Oyo",2026-02-14,2026-02-14,1
IBD034378,"Boko Haram Attack, Borno",2026-02-14,2026-02-14,10
IBD034354,"Crew Members, Lagos",2026-02-14,2026-02-14,2
IBD034348,"Banditry, Niger",2026-02-14,2026-02-14,28
IBD034340,"Police vs Bandits, Katstina",2026-02-13,2026-02-13,4
IBD034357,"Cameronians, Anambra",2026-02-13,2026-02-13,3
IBD034384,"Forest Guard, Kwara",2026-02-13,2026-02-13,1
IBD034365,"Banditry, Kogi",2026-02-13,2026-02-13,21
IBD034351,"Park Dispute, Edo",2026-02-13,2026-02-13,1
IBD034344,"Domestic Violence, Lagos",2026-02-12,2026-02-12,1
IBD034341,"Domestic Violence/Witchcraft, Rivers",2026-02-12,2026-02-12,1
IBD034339,"Auto Crash, Lagos",2026-02-12,2026-02-12,1
IBD034368,"Gunmen Attack, Kogi",2026-02-12,2026-02-12,1
IBD034370,"Teenagers Kill Boy, FCT (Abuja)",2026-02-12,2026-02-12,1
IBD034346,"Boko Haram Kill Professor, Borno",2026-02-12,2026-02-12,1
IBD034376,"Vigilantes Kill Man, Niger",2026-02-12,2026-02-12,1
IBD034338,"Miners vs NSCDC Officer, Niger",2026-02-11,2026-02-11,1
IBD034343,"Auto Crash, Plateau",2026-02-11,2026-02-11,1
IBD034415,"Boko Haram Attack, Borno",2026-02-10,2026-02-10,13
IBD034332,"Jungle Justice, Cross River",2026-02-10,2026-02-10,1
IBD034335,"Banditry, Zamfara",2026-02-10,2026-02-10,1
IBD034330,"Auto Crash, Lagos",2026-02-10,2026-02-10,2
IBD034342,"Community Leader, Rivers",2026-02-10,2026-02-10,1
IBD034329,"Gunmen Kill Travelers, Benue",2026-02-10,2026-02-10,2
IBD034319,"Auto Crash, Lagos",2026-02-09,2026-02-09,1
IBD034333,"Soldiers vs Boko Haram, Borno",2026-02-09,2026-02-09,16
IBD034345,"Dead Body, Plateau",2026-02-09,2026-02-09,1
IBD034334,"Banditry, Benue",2026-02-09,2026-02-09,6
IBD034331,"Security Guard, Ogun",2026-02-09,2026-02-09,1
IBD034489,"Farmer, Edo",2026-02-09,2026-02-09,1
IBD034325,"NDLEA Officer vs Drug Lords, Rivers",2026-02-09,2026-02-06,1
IBD034318,"Fulani Herdsmen, Kogi",2026-02-09,2026-02-09,4
IBD034328,"Herdsmen Attack, Benue",2026-02-09,2026-02-09,5
IBD034323,"Bullying, Yobe",2026-02-08,2026-02-08,1
IBD034316,"Gunmen Attack, Plateau",2026-02-08,2026-02-08,1
IBD034322,"Gunmen Attack, Taraba",2026-02-08,2026-02-08,1
IBD034317,"Jungle Justice, Rivers",2026-02-08,2026-02-08,1
IBD034300,"Tanker Explosion, Anambra",2026-02-08,2026-02-08,2
IBD034309,"Auto Crash, Kano",2026-02-08,2026-02-08,15
IBD034321,"Domestic Violence, Delta",2026-02-08,2026-02-08,1
IBD034320,"Man Dies Retrieving Gas Cylinder, Kano",2026-02-08,2026-02-08,1
IBD034307,"Herdsmen Attack, Benue",2026-02-07,2026-02-07,2
IBD034312,"Banditry, Kaduna",2026-02-07,2026-02-07,3
IBD034336,"Auto Crash, FCT (Abuja)",2026-02-07,2026-02-07,4
IBD034327,"Lakurawa vs Hunters, Sokoto",2026-02-07,2026-02-07,22
IBD034301,"Banditry, Kwara",2026-02-07,2026-02-07,1
IBD034315,"Auto Crash, Ogun",2026-02-07,2026-02-07,2
IBD034311,"Community Head, Anambra",2026-02-06,2026-02-06,2
IBD034313,"Bandits vs Vigilantes, Kogi",2026-02-06,2026-02-06,2
IBD034308,"Gunman Dies in Hospital, Benue",2026-02-06,2026-02-06,1
IBD034296,"Auto Crash, Ogun",2026-02-05,2026-02-05,3
IBD034303,"Boko Haram vs Soldiers, Borno",2026-02-05,2026-02-05,4
IBD034297,"Youth Leader, Rivers",2026-02-05,2026-02-05,2
IBD034337,"Gang Murders Woman, Ondo",2026-02-05,2026-02-05,1
IBD034960,"Vigilantes vs Lakurawa, Sokoto",2026-02-04,2026-02-04,9
IBD034298,"Gunmen Motorcyclist, Ondo",2026-02-04,2026-02-04,1
IBD034295,"Banditry, Kebbi",2026-02-04,2026-02-04,1
IBD034324,"Farmer vs Herders, FCT (Abuja)",2026-02-04,2026-02-04,4
IBD034314,"Herdsmen Kill Woman, Delta",2026-02-04,2026-02-04,1
IBD034305,"Music Artists, Lagos",2026-02-04,2026-02-04,4
IBD034293,"Police vs Kidnappers, Rivers",2026-02-04,2026-02-04,1
IBD034302,"Tenant's Son, Ondo",2026-02-04,2026-02-04,1
IBD034744,"Octogenarian, Delta",2026-02-03,2026-02-03,1
IBD034278,"Auto Crash, Oyo",2026-02-03,2026-02-03,1
IBD034284,"Herdsmen Attack, Benue",2026-02-03,2026-02-03,17
IBD034292,"Auto Crash, Kwara",2026-02-03,2026-02-03,1
IBD034290,"Drown, Oyo",2026-02-03,2026-02-03,1
IBD034289,"Okada Rider, Ogun",2026-02-03,2026-02-03,1
IBD034283,"Banditry, Katsina",2026-02-03,2026-02-03,20
IBD034304,"Gunmen Attack, Taraba",2026-02-03,2026-02-03,11
IBD034285,"Domestic Violence, Taraba",2026-02-03,2026-02-03,1
IBD034288,"Man Murdered, Oyo",2026-02-03,2026-02-03,1
IBD034291,"Man Drowns, Oyo",2026-02-03,2026-02-03,1
IBD034282,"Banditry, Kwara",2026-02-03,2026-02-03,139
IBD034412,"Domestic Violence, Imo",2026-02-02,2026-02-02,1
IBD034564,"Bandits Kill College Director, Zamfara",2026-02-02,2026-02-02,5
IBD034273,"Auto Crash, Ogun",2026-02-02,2026-02-02,6
IBD034277,"Banditry, Plateau",2026-02-02,2026-02-02,7
IBD034294,"Tenant vs Landlady, Gombe",2026-02-02,2026-02-02,1
IBD034280,"Cult Attack, Lagos",2026-02-02,2026-02-02,1
IBD034276,"Inferno, Sokoto",2026-02-02,2026-02-02,3
IBD034260,"Gunmen Attack, Niger",2026-02-01,2026-02-01,1
IBD034269,"Domestic Violence, Plateau",2026-02-01,2026-02-01,1
IBD034272,"Gunmen Attack, Benue",2026-02-01,2026-02-01,4
IBD034326,"Domestic Violence, Gombe",2026-02-01,2026-02-01,1
IBD034306,"Gunmen Attack, Taraba",2026-02-01,2026-02-01,14
IBD034268,"Domestic Violence, Yobe",2026-02-01,2026-02-01,1
IBD034271,"Gunmen Attack, Benue",2026-02-01,2026-02-01,1
IBD034267,"Domestic Violence, Cross River",2026-02-01,2026-02-01,1
IBD034393,"Kidnapper, Ekiti",2026-01-31,2026-01-31,1
IBD034262,"Soldiers vs Boko Haram, Borno",2026-01-31,2026-01-31,11
IBD034263,"Smugglers vs Customs, Ogun",2026-01-31,2026-01-31,1
IBD034266,"Soldiers vs Bandits, Zamfara",2026-01-31,2026-01-31,35
IBD034264,"Snakebite Victim, FCT (Abuja)",2026-01-31,2026-01-31,1
IBD034274,"Man Drowns, Lagos",2026-01-31,2026-01-31,1
IBD034959,"Vigilantes vs Lakurawa, Kebbi",2026-01-31,2026-01-31,4
IBD034259,"Soldiers vs Boko Haram, Borno",2026-01-30,2026-01-30,3
IBD034279,"Cult Attack, Lagos",2026-01-30,2026-01-30,1
IBD034251,"Worshippers Mob Man, Osun",2026-01-30,2026-01-30,1
IBD034252,"Auto Crash, Gombe",2026-01-30,2026-01-30,5
IBD034258,"Soldiers vs Boko Haram, Borno",2026-01-30,2026-01-30,28
IBD034249,"Auto Crash, Bayelsa",2026-01-30,2026-01-30,2
IBD034246,"Boko Haram Attack, Borno",2026-01-29,2026-01-29,10
IBD034250,"Boko Haram Attack, Borno",2026-01-29,2026-01-29,23
IBD034287,"Students Drown, Ondo",2026-01-29,2026-01-29,2
IBD034261,"Soldiers vs Boko Haram, Borno",2026-01-29,2026-01-29,1
IBD034248,"Communcal Clash, Ebonyi",2026-01-29,2026-01-29,6
IBD034257,"Boy Dies Inside Well, Kano",2026-01-29,2026-01-29,1
IBD034275,"Extra Judicial Killing, Bayelsa",2026-01-28,2026-01-28,1
IBD034244,"Soldiers vs Boko Haram, Borno",2026-01-28,2026-01-28,12
IBD034281,"Cult Attack, Lagos",2026-01-28,2026-01-28,1
IBD034256,"Soldiers vs Boko Haram, Borno",2026-01-28,2026-01-28,18
IBD034253,"Police vs Kidnappers, Delta",2026-01-28,2026-01-28,1
IBD034245,"Soldiers vs Boko Haram, Borno",2026-01-28,2026-01-28,6
IBD034254,"Police vs Kidnappers, Enugu",2026-01-28,2026-01-28,1
IBD034241,"Extra-Judicial Killing, Ebonyi",2026-01-27,2026-01-27,1
IBD034239,"Ritual Killing, Gombe",2026-01-27,2026-01-27,1
IBD034237,"Banditry, Katsina",2026-01-27,2026-01-27,3
IBD034243,"Domestic Violence, Lagos",2026-01-27,2026-01-27,1
IBD034242,"Tiv Fishermen, Nasarawa",2026-01-26,2026-01-26,4
IBD034228,"Auto Crash, FCT (Abuja)",2026-01-26,2026-01-26,1
IBD034230,"Fire Incident, Kwara",2026-01-26,2026-01-26,1
IBD034229,"Soldiers vs Bandits, Benue",2026-01-26,2026-01-26,2
IBD034235,"Auto Crash, Delta",2026-01-26,2026-01-26,1
IBD034505,"Kidnap Victim, Ondo",2026-01-26,2026-01-26,1
IBD034224,"Mob vs Armed Robber, Cross River",2026-01-25,2026-01-25,1
IBD034238,"NAF Airstrike Kill Farmers, Niger",2026-01-25,2026-01-25,2
IBD034225,"Gunmen Ambush Police, Oyo",2026-01-25,2026-01-25,1
IBD034232,"Banditry, katsina",2026-01-25,2026-01-25,2
IBD034211,"Soldiers vs Bandits, Kwara 2",2026-01-24,2026-01-24,15
IBD034226,"Kidnap Victim, Kaduna",2026-01-24,2026-01-24,1
IBD034265,"Undergraduate Student, Kogi",2026-01-24,2026-01-24,1
IBD035090,"UK Returnee, Delta",2026-01-24,2026-01-24,1
IBD034220,"Banditry, Gombe",2026-01-24,2026-01-24,3
IBD034209,"Banditry, Niger",2026-01-24,2026-01-24,7
IBD034219,"Banditry, Zamfara",2026-01-24,2026-01-24,6
IBD034212,"Soldiers vs Bandits, Kwara 3",2026-01-24,2026-01-24,10
IBD034223,"Kidnappers Kill Policeman, Oyo",2026-01-24,2026-01-24,1
IBD034210,"Soldiers vs Bandits, Kwara 1",2026-01-24,2026-01-24,15
IBD034218,"Auto Crash, Lagos",2026-01-23,2026-01-23,1
IBD034135,"Boko Haram Attack, Borno",2026-01-23,2026-01-23,10
IBD034214,"Domestic Violence, Jigawa",2026-01-23,2026-01-23,1
IBD034227,"Man Drowns, Lagos",2026-01-23,2026-01-23,1
IBD034201,"Auto Crash, Ogun",2026-01-22,2026-01-22,1
IBD034207,"Soldiers vs Boko Haram, Borno",2026-01-22,2026-01-22,11
IBD034200,"Auto Crash, Ogun",2026-01-22,2026-01-22,2
IBD034217,"Boko Haram Kill Pastor, Borno",2026-01-22,2026-01-22,5
IBD034213,"Banditry, Kaduna",2026-01-22,2026-01-22,1
IBD034221,"Lady Dies In Boyfriend House, FCT (Abuja)",2026-01-21,2026-01-21,1
IBD034236,"Building Demolition, Lagos",2026-01-21,2026-01-21,1
IBD034191,"Auto Crash, Yobe",2026-01-21,2026-01-21,3
IBD034202,"Labourer, Oyo",2026-01-21,2026-01-21,1
IBD034233,"Internet Fraudsters, Delta",2026-01-21,2026-01-21,1
IBD034206,"Domestic Violence, Cross River",2026-01-21,2026-01-21,1
IBD034203,"Banditry, Katsina",2026-01-21,2026-01-21,8
IBD034205,"Attack by Lakurawa Group, Sokoto",2026-01-21,2026-01-21,6
IBD034179,"Auto Crash, Ogun",2026-01-21,2026-01-21,1
IBD034194,"Auto Crash, Gombe",2026-01-20,2026-01-20,2
IBD034193,"Boko Haram Mass Grave, Borno",2026-01-20,2026-01-20,20
IBD034198,"Police vs Cultists, Delta",2026-01-20,2026-01-20,1
IBD034204,"Gunmen Kill Miners, Plateau",2026-01-20,2026-01-20,7
IBD034192,"Boko Haram Suicide Bombers, Borno",2026-01-20,2026-01-20,5
IBD034188,"Auto Crash, Lagos",2026-01-20,2026-01-20,1
IBD034189,"Auto Crash, Ogun",2026-01-20,2026-01-20,6
IBD034240,"Domestic Violence, Adamawa",2026-01-20,2026-01-20,1
IBD034231,"Man Kills Friend, Kano",2026-01-20,2026-01-20,1
IBD034190,"Troops vs Lakurawa Group, Kebbi",2026-01-20,2026-01-20,2
IBD034247,"Extra-Judicial Killing, FCT (Abuja)",2026-01-19,2026-01-19,1
IBD034183,"Banditry, Zamfara",2026-01-19,2026-01-19,6
IBD034185,"NAF Airstrikes Kill Bandits, Katsina",2026-01-19,2026-01-19,50
IBD034182,"Lawyer vs Masquerade, Rivers",2026-01-19,2026-01-19,1
IBD034514,"Boy Falls From Building, Lagos",2026-01-19,2026-01-19,1
IBD034196,"Assailants Kill Guard, Yobe",2026-01-19,2026-01-19,1
IBD034180,"Boat Mishap, Benue",2026-01-18,2026-01-18,6
IBD034173,"Police Officer Kills Colleague, Rivers",2026-01-18,2026-01-18,1
IBD034176,"Police Kill Kidnapper, Enugu",2026-01-18,2026-01-18,1
IBD034138,"Gunmen Kill 5, Benue",2026-01-18,2026-01-20,5
IBD034162,"NURTW ex-Boss, Osun",2026-01-18,2026-01-18,1
IBD034178,"Fuji-pop Singer , Ogun",2026-01-18,2026-01-18,1
IBD034195,"Cult Clash, Delta",2026-01-18,2026-01-18,2
IBD034170,"Fire Outbreak/Petrol Explosion, Kwara",2026-01-17,2026-01-17,3
IBD034175,"Employer vs Ex-Assistant, Gombe",2026-01-17,2026-01-17,1
IBD034199,"Banditry, Kaduna",2026-01-17,2026-01-17,6
IBD034172,"Auto Crash, Lagos",2026-01-17,2026-01-17,2
IBD034958,"Soldiers vs Lakurawa, Sokoto",2026-01-17,2026-01-17,22
IBD034186,"Auto Crash, FCT (Abuja)",2026-01-17,2026-01-17,2
IBD034197,"Auto Crash, Edo",2026-01-17,2026-01-17,11
IBD034181,"Man Kills Another, Cross River",2026-01-17,2026-01-17,2
IBD034167,"Auto Crash, Adamawa",2026-01-17,2026-01-17,1
IBD034171,"Auto Crash, Akwa Ibom",2026-01-17,2026-01-17,2
IBD034166,"Kidnappers Kill Police Orderly, Oyo",2026-01-17,2026-01-17,1
IBD034168,"Man Kills Another, Ogun",2026-01-17,2026-01-17,1
IBD034164,"Gunmen Attack, Plateau",2026-01-16,2026-01-16,3
IBD034156,"Herdsmen Kill 3, Benue",2026-01-16,2026-01-16,3
IBD034154,"Gunmen vs Policemen, Enugu",2026-01-15,2026-01-15,2
IBD034165,"NAF vs Boko Haram, Borno",2026-01-15,2026-01-16,40
IBD034169,"Banditry, Sokoto",2026-01-15,2026-01-15,1
IBD034540,"Cult Violence, Delta",2026-01-15,2026-01-15,1
IBD034445,"Security Guard, FCT (Abuja)",2026-01-15,2026-01-15,1
IBD034148,"Police vs Gang, Anambra",2026-01-14,2026-01-14,2
IBD034144,"Auto Crash, Lagos",2026-01-14,2026-01-14,2
IBD034174,"Cult Clash, Lagos",2026-01-14,2026-01-14,1
IBD034507,"Domestic Violence, Kwara",2026-01-14,2026-01-14,1
IBD034147,"Herdsmen Attack, Benue",2026-01-14,2026-01-14,2
IBD034155,"Domestic Violence, Kebbi",2026-01-14,2026-01-14,1
IBD034146,"Auto Crash, Yobe",2026-01-14,2026-01-14,7
IBD034137,"Domestic Violence, Delta",2026-01-14,2026-01-14,1
IBD034157,"Forest Guard, Adamawa",2026-01-14,2026-01-14,1
IBD034145,"Banditry, Sokoto",2026-01-14,2026-01-14,7
IBD034149,"Banditry, Niger",2026-01-13,2026-01-13,1
IBD034141,"Auto Crash, Ogun",2026-01-13,2026-01-13,1
IBD034153,"Domestic Violence, Kebbi",2026-01-13,2026-01-13,1
IBD034139,"Banditry, Sokoto",2026-01-13,2026-01-13,2
IBD034163,"Domestic Violence, Kano",2026-01-13,2026-01-13,7
IBD034134,"Auto Crash, Ogun",2026-01-13,2026-01-13,1
IBD034101,"Police vs Kidnappers, Delta",2026-01-13,2026-01-13,1
IBD034150,"Domestic Violence, Delta",2026-01-13,2026-01-13,2
IBD034216,"Hospital Negligence, Oyo",2026-01-13,2026-01-13,1
IBD034255,"Building Demolition, Lagos",2026-01-12,2026-01-12,1
IBD034140,"Auto Crash, Lagos",2026-01-12,2026-01-12,5
IBD034124,"Auto Crash, Gombe",2026-01-12,2026-01-12,5
IBD034131,"Mob vs Suspected Motorcycle Thief, Benue",2026-01-11,2026-01-11,1
IBD034160,"Hospital Negligence, Kano",2026-01-11,2026-01-11,1
IBD034125,"Banditry, Kaduna",2026-01-11,2026-01-11,2
IBD034132,"Cult Violence, Benue",2026-01-11,2026-01-11,1
IBD034116,"Auto Crash, Kogi",2026-01-11,2026-01-11,12
IBD034127,"Police vs Gunmen, Kogi",2026-01-11,2026-01-11,10
IBD034133,"Auto Crash, FCT (Abuja)",2026-01-11,2026-01-11,12
IBD034129,"Domestic Violence, Delta",2026-01-11,2026-01-11,1
IBD034128,"Banditry, Katsina",2026-01-11,2026-01-11,2
IBD034123,"Generator Fume Kills 6, Rivers",2026-01-11,2026-01-11,6
IBD034118,"Fulani Herdsmen Attack, Benue",2026-01-10,2026-01-10,2
IBD034126,"Soldiers vs Boko Haram, Borno",2026-01-10,2026-01-10,8
IBD034117,"Auto Crash, Kaduna",2026-01-10,2026-01-10,10
IBD034112,"Auto Crash, Adamawa",2026-01-09,2026-01-09,2
IBD034115,"Soldiers vs Boko Haram, Borno",2026-01-09,2026-01-09,20
IBD034187,"Domestic Violence, Edo",2026-01-09,2026-01-09,1
IBD034121,"Kidnappers Kill Youth, Edo",2026-01-09,2026-01-09,1
IBD034113,"Banditry, Niger",2026-01-09,2026-01-09,4
IBD034111,"Auto Crash, Adamawa",2026-01-09,2026-01-09,5
IBD034109,"Auto Crash, Bauchi",2026-01-09,2026-01-09,9
IBD034108,"Boy Drowns, Ogun",2026-01-08,2026-01-08,1
IBD034114,"Domestic Violence, Ogun",2026-01-08,2026-01-08,1
IBD034100,"Lakurawa Attack, Sokoto",2026-01-08,2026-01-08,2
IBD034103,"Police vs Kidnappers, Benue",2026-01-08,2026-01-08,1
IBD034102,"Cult Clash, Benue",2026-01-07,2026-01-07,3
IBD034143,"Hunter vs Colleague, Oyo",2026-01-07,2026-01-07,1
IBD034099,"Cult Clash, Benue",2026-01-07,2026-01-07,3
IBD034110,"Cult Clash, Delta",2026-01-07,2026-01-11,4
IBD034107,"Bandits Kill Man, Plateau",2026-01-07,2026-01-07,1
IBD034096,"Auto Crash, Imo",2026-01-07,2026-01-07,7
IBD034105,"NSCDC Volunteer, Kano",2026-01-07,2026-01-07,1
IBD034142,"Cult Violence, Oyo",2026-01-07,2026-01-07,1
IBD034092,"Auto Crash, Kogi",2026-01-06,2026-01-06,5
IBD034093,"Banditry, Oyo",2026-01-06,2026-01-06,5
IBD034136,"Hospital Negligence, Lagos",2026-01-06,2026-01-06,1
IBD034095,"Herdsmen Attack, Plateau",2026-01-06,2026-01-06,4
IBD034120,"Herders vs Farmers, Taraba",2026-01-06,2026-01-11,12
IBD034097,"Gunmen Kill Herder, Plateau",2026-01-06,2026-01-06,1
IBD034094,"Herdsmen Attack, Benue",2026-01-06,2026-01-06,4
IBD035340,"Armed Robbery Victim, Akwa Ibom",2026-01-06,2026-01-06,1
IBD034083,"Kidnap Victim, Edo",2026-01-05,2026-01-05,1
IBD034122,"Banditry, Kogi",2026-01-05,2026-01-12,40
IBD034091,"Banditry, Katsina",2026-01-05,2026-01-05,8
IBD034076,"Auto Crash, Plateau",2026-01-04,2026-01-04,5
IBD034082,"Soldiers vs Boko Haram, Yobe",2026-01-04,2026-01-04,2
IBD034068,"Soldiers vs Boko Haram, Borno",2026-01-04,2026-01-04,20
IBD034222,"Medical Quakery, Ondo",2026-01-04,2026-01-04,1
IBD034081,"Soldiers vs Boko Haram, Borno",2026-01-04,2026-01-04,18
IBD034084,"Boko Haram Explosion, Borno",2026-01-04,2026-01-04,8
IBD034956,"Soldiers vs Lakurawa, Sokoto",2026-01-04,2026-01-04,13
IBD034090,"Banditry, Zamfara",2026-01-04,2026-01-04,6
IBD034086,"Building Collapse, Borno",2026-01-04,2026-01-04,5
IBD034080,"Banditry, Plateau",2026-01-03,2026-01-03,1
IBD034069,"Auto Crash, Bayelsa",2026-01-03,2026-01-03,3
IBD034088,"Robbers Kill Nurse, FCT (Abuja)",2026-01-03,2026-01-03,1
IBD034071,"Soldiers vs Bandits, Kogi",2026-01-03,2026-01-03,2
IBD034079,"Kidnap Victim, FCT (Abuja)",2026-01-03,2026-01-03,2
IBD034074,"Assassins Kill Motorcyclist, Kebbi",2026-01-03,2026-01-03,1
IBD034072,"Soldiers vs Bandits, Kogi",2026-01-03,2026-01-03,1
IBD034064,"Cult Violence, Benue",2026-01-03,2026-01-03,2
IBD033910,"Banditry, Niger",2026-01-03,2026-01-03,48
IBD034067,"Boat Accident, Yobe",2026-01-03,2026-01-03,29
IBD034089,"Female Lawyer, FCT (Abuja)",2026-01-03,2026-01-03,1
IBD034104,"Bokom Haram vs ISWAP, Borno",2026-01-02,2026-01-02,40
IBD034955,"Policemen vs Lakurawa, Sokoto",2026-01-02,2026-01-02,20
IBD034065,"Banditry, Kogi",2026-01-02,2026-01-02,3
IBD034066,"Gunmen Attack, Plateau",2026-01-02,2026-01-02,7
IBD034957,"Soldiers vs Lakurawa, Niger",2026-01-02,2026-01-02,21
IBD034208,"Youth Leader, Abia",2026-01-02,2026-01-02,1
IBD034472,"Kidnappers vs Consultant, Enugu",2026-01-02,2026-01-02,1
IBD034070,"Gunmen Kill PoS Operator, Edo",2026-01-02,2026-01-02,1
IBD034077,"Police vs Armed Robber, Akwa Ibom",2026-01-02,2026-01-02,1
IBD034078,"Kidnappers Kill Man, Borno",2026-01-02,2026-01-02,1
IBD034106,"Domestic Violence, Kano",2026-01-02,2026-01-02,1
IBD034075,"NAF vs Bandits, Katsina",2026-01-02,2026-01-02,23
IBD034056,"Fire Incident, Bayelsa",2026-01-01,2026-01-01,1
IBD034049,"Auto Crash, Rivers",2026-01-01,2026-01-01,3
IBD034050,"Auto Crash, Ebonyi",2026-01-01,2026-01-01,2
IBD034877,"Fulani Detainees, Kwara",2026-01-01,2026-04-30,151
IBD034057,"Soldiers vs Bandits, Plateau",2026-01-01,2026-01-01,5
IBD034055,"Auto Crash, Lagos",2026-01-01,2026-01-01,1
IBD034062,"Teenager Dies in Swimming Pool, Osun",2026-01-01,2026-01-01,1
IBD034052,"Auto Crash, Ogun",2026-01-01,2026-01-01,8
IBD034053,"Auto Crash, Ogun",2026-01-01,2026-01-01,2
IBD034054,"Auto Crash, Lagos",2026-01-01,2026-01-01,2
IBD034073,"Extra-Judicial Killing, Akwa Ibom",2026-01-01,2026-01-01,1
IBD034063,"Fire Incident, Plateau",2026-01-01,2026-01-01,6
IBD034061,"Soldiers vs Bandits, Katsina",2026-01-01,2026-01-02,150
IBD035376,"Political Violence, Osun",2026-01-01,2026-06-30,25
IBD034047,"Auto Crash, Yobe",2025-12-31,2025-12-31,1
IBD034151,"Man Kills Another, Ekiti",2025-12-31,2025-12-31,1
IBD034051,"Banditry, Plateau",2025-12-31,2025-12-31,9
IBD034059,"Kidnappers Kill Man, Kwara",2025-12-31,2025-12-31,1
IBD034044,"Gunmen Attack, Nasarawa",2025-12-30,2025-12-30,4
IBD034043,"Boat Accident, Lagos",2025-12-30,2025-12-30,6
IBD034046,"Building Collapse, Kebbi",2025-12-30,2025-12-30,2
IBD034036,"Auto Crash, Jigawa",2025-12-29,2025-12-29,18
IBD034024,"Auto Crash, Ogun",2025-12-29,2025-12-29,2
IBD034042,"Fireworks Explosion, Anambra",2025-12-29,2025-12-29,2
IBD034038,"Boko Haram Attack, Adamawa",2025-12-29,2025-12-29,12
IBD034025,"Mob Lynch Thieves, Kano",2025-12-28,2025-12-28,3
IBD034027,"Auto Crash, Plateau",2025-12-28,2025-12-28,2
IBD034034,"Domestic Violence, Kogi",2025-12-28,2025-12-28,1
IBD034026,"Banditry, Zamfara",2025-12-28,2025-12-28,40
IBD034016,"Auto Crash, Lagos",2025-12-28,2025-12-28,1
IBD034020,"Auto Crash, Gombe",2025-12-28,2025-12-28,7
IBD034019,"Gunmen Attack, Gombe",2025-12-28,2025-12-28,2
IBD034058,"Corpse Discovered, FCT (Abuja)",2025-12-27,2025-12-27,1
IBD034014,"Auto Crash, Yobe",2025-12-27,2025-12-27,7
IBD034031,"Gunmen vs Policemen, Enugu",2025-12-27,2025-12-27,2
IBD034012,"Explosion, Zamfara",2025-12-27,2025-12-27,20
IBD034015,"Youths vs Security Agents, Katsina",2025-12-27,2025-12-27,3
IBD034013,"Police Kill Robber, Nasarawa",2025-12-26,2025-12-26,1
IBD034021,"Casual Worker, Gombe",2025-12-26,2025-12-26,1
IBD034039,"Banditry, Kwara",2025-12-26,2025-12-26,1
IBD034023,"Troops vs Bandits, Kano",2025-12-26,2025-12-26,10
IBD034048,"Man Kills Friend, Kano",2025-12-26,2025-12-26,1
IBD034030,"US Military vs Lakurawa Terrorist, Sokoto",2025-12-25,2025-12-25,128
IBD034007,"Banditry, Zamfara",2025-12-25,2025-12-25,1
IBD034037,"Auto Crash, Jigawa",2025-12-25,2025-12-25,7
IBD034003,"Herdsmen Attack, Benue",2025-12-25,2025-12-25,5
IBD034028,"Auto Crash, Nasarawa",2025-12-25,2025-12-25,4
IBD033999,"Boko Haram Attack, Borno",2025-12-25,2025-12-25,7
IBD034158,"Twins Die After Vaccination, Lagos",2025-12-25,2025-12-25,2
IBD034004,"Auto Crash, Lagos",2025-12-25,2025-12-25,2
IBD034005,"Auto Crash, Ogun",2025-12-25,2025-12-25,1
IBD034041,"Gunmen Attack, Delta",2025-12-25,2025-12-25,1
IBD034060,"Gang Murders Man, Ekiti",2025-12-25,2025-12-25,1
IBD034018,"Accidental Discharge, Gombe",2025-12-24,2025-12-24,1
IBD034008,"Auto Crash, Imo",2025-12-24,2025-12-24,2
IBD034010,"Banditry, Zamfara",2025-12-24,2025-12-24,10
IBD034017,"Man Kills Friend, Edo",2025-12-24,2025-12-24,1
IBD034009,"Auto Crash, Imo",2025-12-24,2025-12-24,5
IBD034011,"Inferno, Lagos",2025-12-24,2025-12-24,6
IBD033996,"Auto Crash, Plateau",2025-12-23,2025-12-23,13
IBD033997,"Auto Crash, Kogi",2025-12-23,2025-12-23,2
IBD033989,"Landlord vs Tenant, Delta",2025-12-22,2025-12-22,1
IBD033987,"Auto Crash, Gombe",2025-12-22,2025-12-22,9
IBD034022,"Corpse, FCT (Abuja)",2025-12-22,2025-12-22,1
IBD034006,"Robbers Kill Teenager, Anambra",2025-12-22,2025-12-22,1
IBD033991,"Auto Crash, Ogun",2025-12-22,2025-12-22,2
IBD033994,"Gunmen Attack, Benue",2025-12-21,2025-12-21,3
IBD033988,"Herdsmen Kill Farmers, Oyo",2025-12-21,2025-12-21,3
IBD034001,"Auto Crash, Lagos",2025-12-21,2025-12-21,1
IBD033993,"Banditry, Zamfara",2025-12-21,2025-12-21,4
IBD033981,"Soldiers vs Boko Haram, Borno",2025-12-21,2025-12-21,20
IBD033992,"Soldiers vs Boko Haram, Borno",2025-12-21,2025-12-21,17
IBD033985,"Bandit Attack, Zamfara",2025-12-20,2025-12-20,2
IBD033976,"Auto Crash, Lagos",2025-12-20,2025-12-20,1
IBD033990,"Auto Crash, Cross River",2025-12-20,2025-12-20,12
IBD033982,"Notorious Bandit Leader, Zamfara",2025-12-20,2025-12-20,1
IBD033983,"Communal Clash, Delta",2025-12-20,2025-12-20,1
IBD033984,"Banditry, Zamfara",2025-12-20,2025-12-20,1
IBD033975,"Auto Crash, Kogi",2025-12-19,2025-12-19,12
IBD033980,"Bandits Attack, Kogi",2025-12-19,2025-12-19,2
IBD033998,"Domestic Violence, Anambra",2025-12-19,2025-12-19,1
IBD033979,"Cult Violence, Bayelsa",2025-12-19,2025-12-19,1
IBD034033,"Domestic Violence, Ogun",2025-12-19,2025-12-19,1
IBD033977,"Banditry, Kogi",2025-12-19,2025-12-19,2
IBD033973,"Banditry, Zamfara",2025-12-18,2025-12-18,5
IBD033974,"Civil Guard Kills teacher, Benue",2025-12-18,2025-12-18,1
IBD033970,"Boko Haram Attack, Borno",2025-12-18,2025-12-18,20
IBD033967,"Auto Crash, Lagos",2025-12-17,2025-12-17,2
IBD034596,"Gang Kill Man, Imo",2025-12-17,2025-12-17,1
IBD033986,"Gunmen Attack, Kaduna",2025-12-17,2025-12-17,4
IBD033959,"Kidnap Victim, Niger",2025-12-16,2025-12-16,1
IBD033971,"Motorcyclist, Kebbi",2025-12-16,2025-12-16,1
IBD034035,"Motorcyclist, Bauchi",2025-12-16,2025-12-16,1
IBD033965,"Gunmen Kill Soldier, Kogi",2025-12-16,2025-12-16,1
IBD033964,"Gunmen Kill Miners, Plateau",2025-12-16,2025-12-16,12
IBD033972,"Man Kills Friend, Niger",2025-12-16,2025-12-16,1
IBD033966,"Gunmen Attack, Benue",2025-12-15,2025-12-15,4
IBD034000,"OPC Member Kills Colleague, Lagos",2025-12-15,2025-12-15,1
IBD033963,"Soldiers Kill Kidnapper, Plateau",2025-12-15,2025-12-15,1
IBD034029,"Banditry, Kebbi",2025-12-15,2025-12-15,8
IBD033957,"Gunmen Kill Village Head, Osun",2025-12-15,2025-12-15,1
IBD033952,"Muslim Clergy, Kano",2025-12-15,2025-12-15,2
IBD033958,"Cult Clash, Rivers",2025-12-15,2025-12-15,3
IBD033950,"Auto Crash, Kogi",2025-12-14,2025-12-14,4
IBD034451,"Domestic Violence, Benue",2025-12-14,2025-12-14,1
IBD033948,"Banditry, Kogi",2025-12-14,2025-12-14,4
IBD033949,"Banditry, Kogi",2025-12-14,2025-12-14,4
IBD033960,"Boko Haram Suicide Bomber, Borno",2025-12-14,2025-12-14,5
IBD033962,"Domestic Violence, Ogun",2025-12-14,2025-12-14,1
IBD033939,"Auto Crash, Lagos",2025-12-14,2025-12-14,2
IBD033954,"Boko Haram attack, Borno",2025-12-14,2025-12-14,20
IBD033946,"Boko Haram Attack, Borno",2025-12-13,2025-12-13,20
IBD033951,"Cultists Attack, Ondo",2025-12-13,2025-12-13,1
IBD033944,"Assailants Kill Woman, Son, Kano",2025-12-13,2025-12-13,2
IBD034130,"Kidnap Victim, Rivers",2025-12-13,2025-12-13,1
IBD033945,"Herdsmen Attack, Plateau",2025-12-12,2025-12-12,4
IBD033955,"Soldiers Kill Bandit, Plateau",2025-12-12,2025-12-12,1
IBD033947,"Man Kills Worshippers, FCT (Abuja)",2025-12-12,2025-12-12,4
IBD033995,"Domestic Violence, Delta",2025-12-12,2025-12-12,1
IBD033941,"Banditry, Sokoto",2025-12-12,2025-12-12,2
IBD033956,"Kidnappers, Plateau",2025-12-12,2025-12-12,1
IBD034045,"Kidnappers Kill Man, Edo",2025-12-11,2025-12-11,1
IBD033938,"Gunmen Kill 3, Imo",2025-12-11,2025-12-11,3
IBD033937,"Soldiers vs Bandits, Benue",2025-12-11,2025-12-11,3
IBD033953,"Kidnappers, Kaduna",2025-12-11,2025-12-11,3
IBD033930,"Auto Crash, Plateau",2025-12-11,2025-12-11,9
IBD033942,"Domestic Violence, Imo",2025-12-11,2025-12-11,1
IBD033935,"Auto Crash, Bayelsa",2025-12-11,2025-12-11,3
IBD033923,"Banditry, Zamfara",2025-12-10,2025-12-10,1
IBD033936,"Auto Crash, Yobe",2025-12-10,2025-12-10,1
IBD033928,"Militia Attack, Taraba",2025-12-10,2025-12-10,17
IBD033921,"Auto Crash, Lagos",2025-12-10,2025-12-10,3
IBD033932,"Motorcyclist, FCT (Abuja)",2025-12-10,2025-12-10,1
IBD033924,"Banditry, Zamfara",2025-12-10,2025-12-10,1
IBD033926,"Domestic Violence, Edo",2025-12-10,2025-12-10,1
IBD033929,"Domestic Violence, Katsina",2025-12-10,2025-12-10,2
IBD033927,"Cult Clash, Lagos",2025-12-09,2025-12-09,2
IBD034119,"Domestic Violence, Anambra",2025-12-09,2025-12-09,1
IBD033969,"Police vs Kidnappers, Rivers",2025-12-09,2025-12-09,2
IBD034954,"Vigilantes vs Lakurawa, Kebbi",2025-12-09,2025-12-10,11
IBD033922,"Soldiers vs Bandits, Sokoto",2025-12-09,2025-12-09,11
IBD033915,"Transformer Vandal, Cross River",2025-12-08,2025-12-08,1
IBD033920,"Flood Incident, Cross River",2025-12-08,2025-12-08,1
IBD033914,"Auto Crash, Lagos",2025-12-08,2025-12-08,2
IBD033917,"Cult Violence, Anambra",2025-12-08,2025-12-08,4
IBD033919,"Auto Crash, Edo",2025-12-08,2025-12-08,1
IBD033933,"Driver Kills Realtor, Lagos",2025-12-08,2025-12-08,1
IBD033901,"Youths vs Vigilante, Delta",2025-12-07,2025-12-07,4
IBD033900,"Gunmen Attack, Sokoto",2025-12-07,2025-12-07,13
IBD033916,"Army vs Protesters, Adamawa",2025-12-07,2025-12-07,8
IBD033913,"Gunmen vs Motorist, Imo",2025-12-07,2025-12-07,1
IBD033912,"Gunmen Attack Church, Anambra",2025-12-07,2025-12-07,3
IBD033908,"Herders vs Farmers, Jigawa",2025-12-06,2025-12-07,1
IBD033911,"Communal Dispute, Taraba",2025-12-06,2025-12-06,30
IBD033943,"Domestic Violence, Edo",2025-12-06,2025-12-06,1
IBD033904,"Banditry, Sokoto",2025-12-06,2025-12-06,2
IBD033906,"3 Die Inside Well, Kano",2025-12-06,2025-12-06,3
IBD033978,"Man Dies During Fight, Akwa Ibom",2025-12-06,2025-12-06,1
IBD033903,"Banditry, Sokoto",2025-12-06,2025-12-06,5
IBD033918,"Domestic Violence, Benue",2025-12-06,2025-12-06,1
IBD033902,"Auto Crash, Ogun",2025-12-06,2025-12-06,2
IBD033907,"Boy Dies Inside Well, Kano",2025-12-06,2025-12-06,1
IBD033897,"Boko Haram Attack, Borno",2025-12-05,2025-12-05,1
IBD033896,"Boko Haram Bomb Explosion, Borno",2025-12-05,2025-12-05,4
IBD033909,"Gunmen Kill Herder, Benue",2025-12-05,2025-12-05,1
IBD033898,"Police Inspector, Edo",2025-12-05,2025-12-05,1
IBD033893,"Banditry, Taraba",2025-12-04,2025-12-04,2
IBD033895,"Man Dies Inside Well, Oyo",2025-12-04,2025-12-04,1
IBD033905,"Girl Falls Inside Well, Kano",2025-12-04,2025-12-04,1
IBD034953,"Soldiers vs Lakurawa, Niger",2025-12-03,2025-12-03,46
IBD033883,"Auto Crash, Lagos",2025-12-03,2025-12-03,2
IBD033879,"Police vs Youth, Kogi",2025-12-03,2025-12-03,4
IBD033891,"Land Crisis, Delta",2025-12-03,2025-12-03,2
IBD033884,"Auto Crash, Enugu",2025-12-03,2025-12-03,7
IBD033892,"Police vs Kidnapper, Imo",2025-12-03,2025-12-03,2
IBD033885,"Auto Crash, Lagos",2025-12-03,2025-12-03,1
IBD033890,"Land Crisis, Delta",2025-12-03,2025-12-03,1
IBD033887,"Auto Crash, Kogi",2025-12-03,2025-12-03,6
IBD033888,"Auto Crash, FCT (Abuja)",2025-12-03,2025-12-03,1
IBD033968,"Hospital Negligence, Lagos",2025-12-02,2025-12-02,1
IBD033894,"Man Killed, Bauchi",2025-12-02,2025-12-02,1
IBD033880,"Teenager Kill Neighbour Over Phone, Borno",2025-12-02,2025-12-02,1
IBD033882,"Soldiers vs Bandits, Sokoto",2025-12-02,2025-12-02,2
IBD033872,"Police vs Kidnappers, FCT (Abuja)",2025-12-01,2025-12-01,3
IBD033877,"Domestic Violence, Ogun",2025-12-01,2025-12-01,1
IBD033874,"Teenager Stabs Friend, Delta",2025-12-01,2025-12-01,1
IBD033870,"Auto Crash, Kogi",2025-12-01,2025-12-01,4
IBD033878,"Domestic Violence, Enugu",2025-12-01,2025-12-01,1
IBD033875,"Police vs Kidnappers, Delta",2025-12-01,2025-12-01,1
IBD033881,"Cultists Clash, Lagos",2025-12-01,2025-12-01,1
IBD033873,"Inferno, Katsina",2025-12-01,2025-12-01,5
IBD033868,"Auto Crash, FCT (Abuja)",2025-11-30,2025-11-30,2
IBD033886,"Drinking Competition, Ebonyi",2025-11-30,2025-11-30,1
IBD033865,"Auto Crash, Katsina",2025-11-30,2025-11-30,4
IBD033862,"Hoodlums Kill Herder, Plateau",2025-11-30,2025-11-30,1
IBD033846,"Boko Haram Attack, Borno",2025-11-29,2025-11-29,42
IBD033848,"Land Dispute, Ogun",2025-11-29,2025-11-29,1
IBD033864,"Cultists Attack, Ogun",2025-11-29,2025-11-29,2
IBD033855,"Domestic Violence, Kano",2025-11-29,2025-11-29,1
IBD033857,"Gunmen Kill Elderly Woman, Kano",2025-11-29,2025-11-29,1
IBD033859,"Soldiers Kill 4, Taraba",2025-11-29,2025-11-29,4
IBD033871,"Cult Violence, Osun",2025-11-29,2025-11-29,2
IBD033851,"Auto Crash, Kano",2025-11-29,2025-11-29,3
IBD033860,"Auto Crash, Benue",2025-11-28,2025-11-28,9
IBD033845,"Anglican Priest, Kaduna",2025-11-28,2025-11-28,1
IBD034347,"Bolt Driver, Rivers",2025-11-28,2025-11-28,1
IBD033843,"Auto Crash, Anambra",2025-11-28,2025-11-28,6
IBD033835,"Gunmen Attack Convoy, Anambra",2025-11-27,2025-11-27,1
IBD033858,"Auto Crash, FCT (Abuja)",2025-11-27,2025-11-27,1
IBD033853,"Herders vs Farmers, Bauchi",2025-11-26,2025-11-26,1
IBD033827,"Banditry, Kogi",2025-11-26,2025-11-26,2
IBD033844,"Police vs Armed Robber, Edo",2025-11-26,2025-11-26,1
IBD033840,"Police vs Kidnappers, Edo",2025-11-26,2025-11-26,1
IBD033852,"Herders vs Farmers, Benue",2025-11-26,2025-11-26,3
IBD033829,"Auto Crash, Ogun",2025-11-26,2025-11-26,3
IBD033866,"Kidnappers Kill Man, Edo",2025-11-26,2025-11-26,1
IBD033837,"Auto Crash, Benue",2025-11-26,2025-11-26,8
IBD033836,"Hoodlums Kill Policeman, Ondo",2025-11-26,2025-11-26,1
IBD033850,"Lakurawa Attack, Kebbi",2025-11-26,2025-11-26,3
IBD033828,"Auto Crash, Ogun",2025-11-26,2025-11-26,2
IBD033825,"Kidnap Victim's Parents, Niger",2025-11-26,2025-11-26,2
IBD033841,"Kidnappers vs Soldiers, Benue",2025-11-26,2025-11-26,1
IBD033838,"Lady Dies In Hotel, Ondo",2025-11-26,2025-11-26,1
IBD033832,"Police Kill Teenager, Oyo",2025-11-25,2025-11-25,1
IBD033839,"Domestic Violence, Rivers",2025-11-25,2025-11-25,1
IBD033831,"Auto Crash, Oyo",2025-11-25,2025-11-25,8
IBD033830,"NURTW Chief, Osun",2025-11-25,2025-11-25,1
IBD033869,"Police vs Lakurawa, Kebbi",2025-11-25,2025-11-25,1
IBD033833,"Banditry, Kogi",2025-11-25,2025-11-25,1
IBD033823,"Soldiers vs Boko Haram, Borno",2025-11-24,2025-11-24,1
IBD033818,"Quránic Pupil, Kebbi",2025-11-24,2025-11-24,1
IBD033826,"Auto Crash, Bauchi",2025-11-24,2025-11-24,2
IBD033861,"Retired Judge, Delta",2025-11-24,2025-11-24,1
IBD033817,"Motorcyclist, Kebbi",2025-11-24,2025-11-24,1
IBD033824,"Land Dispute, Delta",2025-11-24,2025-11-24,3
IBD033822,"Soldiers vs Boko Haram, Borno",2025-11-24,2025-11-24,2
IBD033821,"Soldiers vs Boko Haram, Borno",2025-11-24,2025-11-24,4
IBD033810,"Banditry, Bauchi",2025-11-23,2025-11-23,1
IBD033813,"Domestic Violence, Katsina",2025-11-23,2025-11-23,1
IBD033812,"Domestic Violence, Cross River",2025-11-22,2025-11-22,1
IBD033808,"Banditry, Bauchi",2025-11-22,2025-11-22,5
IBD033814,"Banditry, Niger",2025-11-22,2025-11-22,1
IBD033834,"Domestic Violence, Kano",2025-11-22,2025-11-22,1
IBD033807,"Gas Explosion, Oyo",2025-11-21,2025-11-21,4
IBD033849,"Kidnap Victims, Anambra",2025-11-21,2025-11-21,2
IBD033819,"Tanker Explosion, Anambra",2025-11-21,2025-11-21,1
IBD033806,"Hoodlums Kill 4, Delta",2025-11-20,2025-11-20,4
IBD033842,"Police vs Robbers, Niger",2025-11-20,2025-11-20,1
IBD033796,"Banditry, Sokoto",2025-11-20,2025-11-20,2
IBD033795,"Kidnappers, FCT (Abuja)",2025-11-20,2025-11-20,3
IBD033805,"Mob Action, Benue",2025-11-20,2025-11-20,2
IBD033803,"NSCDC Officer, Ondo",2025-11-20,2025-11-20,1
IBD033800,"Banditry, Kwara",2025-11-19,2025-11-19,3
IBD033790,"Fire Disater, Kano",2025-11-19,2025-11-19,4
IBD033794,"Water Tank Kills 4, Jigawa",2025-11-19,2025-11-19,4
IBD033797,"Boko Haram/ISWAP Attack, Yobe",2025-11-19,2025-11-19,1
IBD033804,"Auto Crash, Niger",2025-11-19,2025-11-19,4
IBD033799,"Domestic Violence, Ogun",2025-11-19,2025-11-19,1
IBD033778,"Gunmen Kill Politician, Delta",2025-11-18,2025-11-18,1
IBD033798,"Gunmen Kill Woman, FCT (Abuja)",2025-11-18,2025-11-18,1
IBD033789,"Banditry, Kwara",2025-11-18,2025-11-18,3
IBD033792,"Mob vs Armed Robbers, Bauchi",2025-11-18,2025-11-18,2
IBD033820,"Cult Clash, Lagos",2025-11-18,2025-11-18,3
IBD033961,"Domestic Violence, Kano",2025-11-17,2025-11-17,1
IBD033809,"Corpses, Niger",2025-11-17,2025-11-17,5
IBD033802,"Auto Crash, Ogun",2025-11-17,2025-11-17,1
IBD033786,"Boko Haram Attack, Borno",2025-11-17,2025-11-17,8
IBD033779,"Banditry, Kebbi",2025-11-17,2025-11-17,1
IBD033801,"Auto Crash/Ritual, Ogun",2025-11-17,2025-11-17,1
IBD033776,"Auto Crash, Ogun",2025-11-17,2025-11-17,1
IBD033788,"Auto Crash, Cross River",2025-11-17,2025-11-17,5
IBD033781,"Bandits Kill Man, Kaduna",2025-11-16,2025-11-16,1
IBD033784,"Mentally Ill Man Kills Soldier, Lagos",2025-11-16,2025-11-16,2
IBD033811,"Flood Victim, Cross River",2025-11-16,2025-11-16,1
IBD033770,"Auto Crash, Lagos",2025-11-16,2025-11-16,1
IBD033782,"Female Hotel Staff, Kwara",2025-11-16,2025-11-16,1
IBD033777,"Children Die in Night Fire, Rivers",2025-11-16,2025-11-16,2
IBD033780,"Rape Victim, Yobe",2025-11-16,2025-11-16,1
IBD033783,"Money Ritual, Benue",2025-11-16,2025-11-16,1
IBD033766,"Gunmen Kill 2 Women, Kano",2025-11-16,2025-11-16,2
IBD033854,"Okada Rider, Oyo",2025-11-16,2025-11-16,1
IBD034592,"Kidnap Victim, Imo",2025-11-15,2025-11-15,1
IBD033769,"Herdsmen Attack, Benue",2025-11-15,2025-11-15,2
IBD033774,"Boko Haram Attack, Borno",2025-11-15,2025-11-15,5
IBD034873,"Soldiers vs Boko Haram, Borno",2025-11-15,2025-11-15,7
IBD033764,"Girl Dies Inside Well, Kwara",2025-11-15,2025-11-15,1
IBD034870,"Kidnap Victim, Lagos",2025-11-15,2025-11-15,1
IBD033765,"Banditry, Zamfara",2025-11-15,2025-11-15,3
IBD033773,"Gunmen Kill POS Operator, Benue",2025-11-15,2025-11-15,1
IBD033771,"Auto Crash, Ogun",2025-11-15,2025-11-15,4
IBD033761,"Soldiers Kill Gunman, Imo",2025-11-14,2025-11-14,1
IBD033791,"Kidnap Victims, Kogi",2025-11-13,2025-11-13,2
IBD033763,"Banditry, Kwara",2025-11-13,2025-11-13,1
IBD033747,"Awaiting Inmates, Akwa Ibom",2025-11-13,2025-11-13,2
IBD033775,"Armed Robber, Ebonyi",2025-11-12,2025-11-12,1
IBD033738,"Banditry, Kebbi",2025-11-12,2025-11-12,1
IBD033744,"Auto Crash, Lagos",2025-11-12,2025-11-12,1
IBD033743,"Boko Haram Kill Farmers, Borno",2025-11-12,2025-11-12,4
IBD033934,"Bandits Kill LGA Vice Chair, Zamfara",2025-11-12,2025-11-12,1
IBD033737,"Soldiers vs Bandits, Benue",2025-11-11,2025-11-11,1
IBD033772,"Cult Violence, Osun",2025-11-11,2025-11-11,4
IBD033816,"Gang Kill Rape Victim, Delta",2025-11-11,2025-11-11,1
IBD034085,"Kidnap Victim, Rivers",2025-11-11,2025-11-11,1
IBD033734,"Night Guard, Osun",2025-11-11,2025-11-11,1
IBD033748,"Soldiers vs Boko Haram, Borno",2025-11-11,2025-11-11,8
IBD033733,"Banditry, Nasarawa",2025-11-10,2025-11-10,3
IBD033740,"Banditry, Kaduna",2025-11-10,2025-11-10,4
IBD033730,"Auto Crash, Imo",2025-11-10,2025-11-10,2
IBD033755,"Soldiers vs Bandits, Kaduna",2025-11-10,2025-11-14,5
IBD033732,"Banditry, Sokoto",2025-11-10,2025-11-10,5
IBD033856,"Ritual Killing, Oyo",2025-11-10,2025-11-10,1
IBD033760,"Soldiers vs Bandits, Taraba",2025-11-10,2025-11-14,5
IBD033756,"Soldiers vs Bandits, Kogi",2025-11-10,2025-11-14,5
IBD033754,"Soldiers vs Bandits, Plateau",2025-11-10,2025-11-14,5
IBD033731,"Banditry, Katsina",2025-11-10,2025-11-11,3
IBD033757,"Soldiers vs Bandits, Kwara",2025-11-10,2025-11-14,5
IBD033758,"Soldiers vs Bandits, Benue",2025-11-10,2025-11-14,5
IBD034952,"Soldiers vs Lakurawa, Sokoto",2025-11-10,2025-11-10,16
IBD033759,"Soldiers vs Bandits, Nasarawa",2025-11-10,2025-11-10,5
IBD033724,"Soldiers vs Bandits, Katsina",2025-11-09,2025-11-09,10
IBD033721,"NAF vs Boko Haram, Borno",2025-11-09,2025-11-09,40
IBD033726,"Man Dies in Brothel, Rivers",2025-11-09,2025-11-09,1
IBD033719,"Auto Crash, Ogun",2025-11-09,2025-11-09,1
IBD033762,"Banditry, Niger",2025-11-09,2025-11-13,16
IBD033711,"Auto Crash, Gombe",2025-11-09,2025-11-09,4
IBD033723,"Banditry, Kaduna",2025-11-09,2025-11-09,5
IBD033722,"Boko Haram vs ISWAP, Borno",2025-11-09,2025-11-09,177
IBD033739,"Armed Robbery, Lagos",2025-11-09,2025-11-09,1
IBD033718,"Mob Kills Motorcycle Thief, Benue",2025-11-09,2025-11-09,1
IBD033716,"Gunmen Kill 2, Plateau",2025-11-08,2025-11-08,2
IBD033736,"Football Fan, Plateau",2025-11-08,2025-11-08,1
IBD033714,"Soldiers vs Boko Haram, Borno",2025-11-08,2025-11-08,1
IBD033720,"Lakurawa Attack, Kebbi",2025-11-08,2025-11-08,1
IBD033707,"Auto Crash, Lagos",2025-11-08,2025-11-08,3
IBD033735,"Auto Crash, FCT (Abuja)",2025-11-08,2025-11-08,1
IBD033709,"Auto Crash, Oyo",2025-11-08,2025-11-08,2
IBD033717,"Soldiers vs Bandits, Niger",2025-11-08,2025-11-08,1
IBD033712,"Auto Crash, Ogun",2025-11-08,2025-11-08,1
IBD033715,"Soldiers vs Bandits, Kaduna",2025-11-08,2025-11-08,2
IBD033729,"Auto Crash, Katsina",2025-11-08,2025-11-08,7
IBD033727,"Auto Crash, Lagos",2025-11-08,2025-11-08,1
IBD033713,"Soldiers vs Boko Haram, Borno",2025-11-08,2025-11-08,3
IBD034951,"Soldiers vs Lakurawa, Sokoto",2025-11-07,2025-11-07,9
IBD033698,"Kidnappers vs Youths, Nasarawa",2025-11-07,2025-11-07,2
IBD033847,"Man Accused of Stealing, Lagos",2025-11-07,2025-11-07,1
IBD033708,"Banditry, Sokoto",2025-11-07,2025-11-07,5
IBD033701,"Boy Dies Inside Well, Kano",2025-11-07,2025-11-07,1
IBD033710,"Auto Crash, Abia",2025-11-07,2025-11-07,2
IBD033728,"Stray Bullets Kills Woman, Lagos",2025-11-07,2025-11-07,1
IBD033702,"Domestic Violence, Adamawa",2025-11-06,2025-11-06,1
IBD033700,"Police Kill Bandit, Kebbi",2025-11-06,2025-11-06,1
IBD033699,"Gunmen vs Motorcyclists, Benue",2025-11-06,2025-11-06,4
IBD033692,"Banditry, Katsina",2025-11-06,2025-11-06,2
IBD033697,"Woman Dies Inside Soakaway, Kano",2025-11-06,2025-11-06,1
IBD033693,"Man Die Inside Well, Oyo",2025-11-06,2025-11-06,1
IBD033681,"Auto Crash, Lagos",2025-11-05,2025-11-05,1
IBD033684,"Auto Crash, FCT (Abuja)",2025-11-05,2025-11-05,1
IBD033683,"Train Crush Tricycle Rider, Plateau",2025-11-05,2025-11-05,3
IBD033687,"Child Dies Inside Well, Kano 2",2025-11-05,2025-11-05,1
IBD033741,"Land Dispute, Ogun",2025-11-05,2025-11-05,1
IBD033694,"Lakurawa Gang, Kebbi",2025-11-05,2025-11-05,1
IBD033689,"Mob Action/Witchcraft, Kwara",2025-11-04,2025-11-04,2
IBD033680,"Kidnappers Kill Seminarian, Edo",2025-11-04,2025-11-04,1
IBD033688,"Banditry, Katsina",2025-11-04,2025-11-04,2
IBD033674,"Boko Haram Attack, Borno",2025-11-04,2025-11-04,26
IBD033682,"Fulani Herdsmen Attack, Benue",2025-11-04,2025-11-04,4
IBD033695,"Gunmen Attack, Kogi",2025-11-04,2025-11-05,2
IBD033685,"Child Dies Inside Well, Kano",2025-11-04,2025-11-04,1
IBD033673,"Bandits vs Politician's Convoy, Niger",2025-11-04,2025-11-04,5
IBD033725,"Teacher Dies, Oyo",2025-11-04,2025-11-04,1
IBD033686,"Lady Killed, Lagos",2025-11-03,2025-11-03,1
IBD033750,"Soldiers vs Bandits, Sokoto",2025-11-03,2025-11-10,5
IBD033753,"Soldiers vs Bandits, Kano",2025-11-03,2025-11-10,5
IBD033675,"Gunmen Attack, Benue",2025-11-03,2025-11-04,5
IBD033749,"Soldiers vs Boko Haram, Adamawa",2025-11-03,2025-11-03,10
IBD033752,"Soldiers vs Bandits, Kebbi",2025-11-03,2025-11-05,5
IBD033751,"Soldiers vs Bandits, Zamfara",2025-11-03,2025-11-10,5
IBD033696,"Domestic Violence, Oyo",2025-11-03,2025-11-03,1
IBD033679,"Gunmen Attack, Plateau",2025-11-03,2025-11-03,1
IBD033662,"Auto Crash, Ogun",2025-11-02,2025-11-02,1
IBD033676,"Market Crisis, Rivers",2025-11-02,2025-11-02,1
IBD033664,"Fualni Herdsmen Attack, Plateau",2025-11-02,2025-11-02,1
IBD033665,"Gang Kills Man, Bauchi",2025-11-02,2025-10-02,1
IBD033663,"Auto Crash, Lagos",2025-11-02,2025-11-02,1
IBD033785,"Ritual Killing, Osun",2025-11-02,2025-11-02,2
IBD033677,"Pastor, Ogun",2025-11-02,2025-11-02,1
IBD033668,"Cult Crisis, Ebonyi",2025-11-01,2025-11-01,2
IBD033652,"Troops Kill Boko Haram, Borno",2025-11-01,2025-11-01,2
IBD033667,"Auto Crash, Enugu",2025-11-01,2025-11-01,1
IBD033666,"Police Kill 2, Ebonyi",2025-11-01,2025-11-01,2
IBD033656,"Banditry, Kano",2025-11-01,2025-11-02,24
IBD033658,"Fulani Herdsmen Attack, Benue",2025-11-01,2025-11-01,1
IBD033670,"Cult Violence, Cross River",2025-11-01,2025-11-01,1
IBD033660,"Gunmen Attack, Plateau",2025-11-01,2025-11-01,3
IBD033671,"Auto Crash, Akwa Ibom",2025-11-01,2025-11-01,2
IBD033657,"Gunmen Attack, Kaduna",2025-10-31,2025-10-31,7
IBD033653,"Communal Crisis, Delta",2025-10-31,2025-10-31,1
IBD033655,"Electrocution, Delta",2025-10-31,2025-10-31,2
IBD033661,"Gunmen Attack, Plateau",2025-10-31,2025-10-31,7
IBD033746,"Guards Kill Engineer, Lagos",2025-10-31,2025-10-31,1
IBD033650,"Political Violence, Niger",2025-10-30,2025-10-30,1
IBD033654,"Auto Crash, Niger",2025-10-30,2025-10-30,1
IBD033642,"Auto Crash, Ondo",2025-10-30,2025-10-30,5
IBD033620,"Building Collapse, Lagos",2025-10-30,2025-10-30,1
IBD033633,"Banditry, Sokoto",2025-10-30,2025-10-30,3
IBD033643,"Vigilante Kills Colleague, Imo",2025-10-29,2025-10-29,1
IBD033636,"Auto Crash, Lagos",2025-10-29,2025-10-30,7
IBD033634,"Leadership Tussle, Rivers",2025-10-29,2025-10-29,1
IBD033638,"Domestic Violence, Kano",2025-10-29,2025-10-29,1
IBD033669,"Leadership Tussle, Enugu",2025-10-29,2025-10-29,2
IBD033787,"Kidnap Victim, Niger",2025-10-29,2025-10-29,1
IBD033635,"Bandits Kill Pastor, Kaduna",2025-10-28,2025-10-28,1
IBD033639,"Cult Violence, Edo",2025-10-28,2025-10-28,1
IBD033649,"Anti-Phone Snatching Commander, Kano",2025-10-28,2025-10-28,1
IBD033629,"Leadership Tussle, Taraba",2025-10-28,2025-10-28,2
IBD033624,"Auto Crash, Ogun",2025-10-27,2025-10-27,4
IBD033659,"Ritual Killing, Ogun",2025-10-27,2025-10-27,1
IBD007608,"Auto Crash, Oyo",2025-10-27,2025-10-27,2
IBD033632,"Girlfriend, Yobe",2025-10-27,2025-10-27,1
IBD033622,"Building Collapse, Lagos",2025-10-27,2025-10-27,2
IBD033618,"Cult Violence, Benue",2025-10-27,2025-10-27,1
IBD033626,"Electrocution, Akwa Ibom",2025-10-27,2025-10-27,1
IBD033640,"Police Kill Kidnapper, Ogun",2025-10-27,2025-10-27,2
IBD033637,"Extra-Judicial Killing, Edo",2025-10-27,2025-10-27,1
IBD033628,"Boat Mishap, Borno",2025-10-26,2025-10-26,2
IBD033617,"Auto Crash, Gombe",2025-10-26,2025-10-26,13
IBD033641,"Truck Driver, Imo",2025-10-26,2025-10-26,1
IBD033627,"Herders vs Farmers, Gombe",2025-10-26,2025-10-26,2
IBD033623,"Lakurawa/Fulani Attack, Kebbi",2025-10-26,2025-10-26,10
IBD033651,"Auto Crash, Nasarawa",2025-10-25,2025-10-25,4
IBD033646,"Vigilante Kill Man, Ebonyi",2025-10-25,2025-10-25,1
IBD033621,"Gunmen Kill Soldier, Plateau",2025-10-25,2025-10-25,1
IBD033616,"Auto Crash, Lagos",2025-10-25,2025-10-25,1
IBD033613,"Troops Kill Boko Haram, Borno",2025-10-25,2025-10-25,10
IBD033609,"Boat Mishap, Gombe",2025-10-25,2025-10-25,5
IBD008137,"Soldiers vs Boko Haram, Borno",2025-10-25,2025-10-25,10
IBD033619,"Police Brutality, Abia",2025-10-25,2025-10-25,1
IBD033630,"Kids Die, Lagos",2025-10-25,2025-10-25,2
IBD033614,"Student Kill Colleague, Plateau",2025-10-24,2025-10-24,1
IBD033600,"Auto Crash, Gombe",2025-10-24,2025-10-24,2
IBD033601,"Soldiers vs Boko Haram, Yobe",2025-10-23,2025-10-23,17
IBD033615,"Woman Kills Man, Kogi",2025-10-23,2025-10-23,1
IBD033703,"Banditry, Kaduna",2025-10-23,2025-10-23,4
IBD033793,"Prison Escapee Muders Woman, Delta",2025-10-23,2025-10-23,1
IBD033603,"Gunmen Kill Farmers, Plateau",2025-10-23,2025-10-23,3
IBD033595,"Soldiers vs Boko Haram, Borno",2025-10-23,2025-10-23,33
IBD033592,"Auto Crash, Kogi",2025-10-22,2025-10-22,1
IBD033587,"Auto Crash, Ondo",2025-10-22,2025-10-22,9
IBD033602,"Cultists Kill Tricycle Rider, Lagos",2025-10-22,2025-10-22,1
IBD033597,"Domestic Violence, Kwara",2025-10-22,2025-10-22,1
IBD033598,"Vigilante Kills Motorcyclist, Nasarawa",2025-10-22,2025-10-22,2
IBD033611,"Gunmen vs Security Operatives, Benue",2025-10-22,2025-10-22,1
IBD033607,"Shawarma Vendor, Lagos",2025-10-22,2025-10-22,1
IBD033594,"Troops Kill Kidnappers, Plateau",2025-10-22,2025-10-22,2
IBD033610,"Soldiers vs Bandits, Kebbi",2025-10-22,2025-10-23,93
IBD033604,"Soldier Killed, Kwara",2025-10-21,2025-10-21,1
IBD033678,"Market Issue, Lagos",2025-10-21,2025-10-21,1
IBD033625,"Male Corpse, Kaduna",2025-10-21,2025-10-21,1
IBD033582,"Tanker Explosion, Niger",2025-10-21,2025-10-21,38
IBD010542,"Gunmen Kill Policeman, Ondo",2025-10-21,2025-10-21,1
IBD033608,"Female Corpse, Adamawa",2025-10-21,2025-10-21,1
IBD033588,"Gunmen Attack, Plateau",2025-10-21,2025-10-21,2
IBD033704,"Kidnap Victim, Imo",2025-10-21,2025-10-21,1
IBD033584,"Sister's Lover, Kano",2025-10-20,2025-10-20,1
IBD033590,"Banditry, Kaduna",2025-10-19,2025-10-19,1
IBD033571,"Auto Crash, Lagos",2025-10-19,2025-10-19,1
IBD033863,"Domestic Violence, Borno",2025-10-19,2025-10-19,1
IBD033577,"Troops vs Boko Haram, Borno",2025-10-19,2025-10-19,17
IBD033578,"Auto Crash, Nasarawa",2025-10-19,2025-10-19,1
IBD033583,"Auto Crash, Ogun",2025-10-18,2025-10-18,1
IBD033586,"Phone Snatchers Kill Nurse, Kaduna",2025-10-18,2025-10-18,1
IBD033570,"Female Corpse Found, Yobe",2025-10-18,2025-10-18,1
IBD033573,"Police Kill Kidnapper, Edo",2025-10-18,2025-10-18,1
IBD033579,"Police vs Suspected Assassin, Benue",2025-10-18,2025-10-18,1
IBD033572,"Auto Cash, Lagos",2025-10-18,2025-10-18,1
IBD033566,"Banditry, Niger",2025-10-18,2025-10-18,20
IBD033574,"Gunmen Kill Butcher, Lagos",2025-10-18,2025-10-18,1
IBD033575,"Man Kills Mechanic, Kwara",2025-10-17,2025-10-17,1
IBD033691,"Domestic Violence, Sokoto",2025-10-17,2025-10-17,1
IBD033551,"Auto Crash, Yobe",2025-10-17,2025-10-17,6
IBD033568,"Gunmen Kill Policemen, Kaduna",2025-10-17,2025-10-17,2
IBD033569,"Boko Haram Attack, Borno",2025-10-17,2025-10-17,37
IBD033523,"Auto Crash, Ebonyi",2025-10-17,2025-10-17,6
IBD033567,"Motorcycle Thief, Bauchi",2025-10-16,2025-10-16,1
IBD033555,"Bandits vs Security Operatives, Zamfara",2025-10-16,2025-10-16,12
IBD033647,"Man Kills Traveller, Kebbi",2025-10-16,2025-10-16,1
IBD033539,"Bandits vs Miners, Kaduna",2025-10-16,2025-10-16,8
IBD033560,"Auto Crash, Anambra",2025-10-16,2025-10-16,2
IBD034286,"Motorcyclist, Bauchi",2025-10-16,2025-10-16,1
IBD033564,"Kidnappers, Nasarawa",2025-10-16,2025-10-16,2
IBD033561,"Train Accident, Lagos",2025-10-16,2025-10-16,1
IBD033648,"Domestic Violence, Lagos",2025-10-15,2025-10-15,1
IBD034002,"Wife's Lover, Lagos",2025-10-15,2025-10-15,1
IBD033562,"Troops Kill Gunman, Benue",2025-10-15,2025-10-15,1
IBD033558,"Custom Officer, Katsina",2025-10-15,2025-10-15,1
IBD033563,"Kidnappers/Herdsmen Attack, Enugu",2025-10-15,2025-10-15,1
IBD033557,"Rape Victim, Jigawa",2025-10-14,2025-10-14,1
IBD033548,"Gunmen Attack, Plateau",2025-10-14,2025-10-14,13
IBD033559,"Soldier Kills Commercial Driver, Ondo",2025-10-13,2025-10-13,1
IBD033540,"Electrocution, Anambra",2025-10-13,2025-10-13,2
IBD033546,"Banditry, Katisna",2025-10-13,2025-10-13,1
IBD033576,"Debtor Kills Friend, Kano",2025-10-13,2025-10-13,1
IBD033553,"Banditry, Kwara",2025-10-13,2025-10-13,5
IBD033556,"Motorcyclist, FCT (Abuja)",2025-10-13,2025-10-13,1
IBD033550,"Banditry, Katsina",2025-10-12,2025-10-12,1
IBD033538,"Gunmen Kill Farmer, Adamawa",2025-10-12,2025-10-12,1
IBD033535,"Soldier Kills Man, Delta",2025-10-12,2025-10-12,1
IBD033585,"Man Kills Debtor, Delta",2025-10-12,2025-10-12,1
IBD033552,"Troops vs IPOB/ESN, Imo",2025-10-12,2025-10-12,1
IBD033526,"Auto Crash, Ogun",2025-10-12,2025-10-12,1
IBD033554,"Banditry, Niger",2025-10-12,2025-10-12,20
IBD033534,"Herder Kills Colleague, Oyo",2025-10-12,2025-10-12,1
IBD033533,"Flooding, Rivers",2025-10-12,2025-10-12,1
IBD033672,"Domestic Violence, Kano",2025-10-12,2025-10-12,1
IBD033527,"Forest Guard Kills Boy, Osun",2025-10-11,2025-10-11,1
IBD033530,"Banditry, Zamfara",2025-10-11,2025-10-10,8
IBD033532,"Domestic Violence, Niger",2025-10-11,2025-10-11,1
IBD033525,"Soldiers vs Boko Haram, Borno",2025-10-10,2025-10-10,4
IBD033528,"Gunmen Attack, Nasarawa",2025-10-10,2025-10-10,9
IBD033529,"Boko Haram Attack, Borno",2025-10-10,2025-10-10,10
IBD033521,"Soldier Kills Policeman, Bauchi",2025-10-10,2025-10-10,1
IBD033522,"Auto Crash, Kogi",2025-10-10,2025-10-10,10
IBD033524,"Soldiers vs Boko Haram, Borno",2025-10-10,2025-10-10,5
IBD033520,"Teenagers Drown, Kano",2025-10-09,2025-10-09,2
IBD033511,"Auto Crash, Ogun",2025-10-09,2025-10-09,1
IBD033516,"Boko Haram Attack, Borno",2025-10-09,2025-10-09,4
IBD033519,"Drown, Kano",2025-10-09,2025-10-09,1
IBD033507,"Gunmen Kill Youths, Plateau",2025-10-08,2025-10-08,3
IBD033500,"Cult Attack, Oyo",2025-10-08,2025-10-08,1
IBD033503,"Auto Crash, Ondo",2025-10-08,2025-10-08,1
IBD033510,"Fulani Herders vs Farmers, Jigawa",2025-10-08,2025-10-08,3
IBD033514,"Herders Killed, Plateau",2025-10-08,2025-10-08,3
IBD033596,"Domestic Violence, Enugu",2025-10-08,2025-10-08,1
IBD033513,"Mob Action, FCT (Abuja)",2025-10-08,2025-10-08,1
IBD033512,"Banditry, Kwara",2025-10-08,2025-10-08,2
IBD033506,"Banditry, Kwara",2025-10-08,2025-10-08,1
IBD033491,"Domestic Violence, Akwa Ibom",2025-10-07,2025-10-07,1
IBD033593,"Man Kill Motorcyclist, Delta",2025-10-07,2025-10-07,1
IBD033517,"Cult Clash, Benue",2025-10-07,2025-10-07,1
IBD033505,"Male Corpse Found, Kwara",2025-10-07,2025-10-07,1
IBD033509,"Flood Victim., Anambra",2025-10-07,2025-10-07,1
IBD033549,"Domestic Violence, Ondo",2025-10-07,2025-10-07,1
IBD033501,"Gunmen Kill Herder, Plateau",2025-10-07,2025-10-07,1
IBD033502,"Soldiers vs Bandits, Ekiti",2025-10-06,2025-10-06,2
IBD033499,"Communal Clash, Benue",2025-10-06,2025-10-06,3
IBD033498,"Cult Violence, Ogun",2025-10-06,2025-10-06,4
IBD033508,"Cult Violence, Delta",2025-10-06,2025-10-06,1
IBD033504,"Soldiers Kill 1, Delta",2025-10-06,2025-10-06,1
IBD033495,"Cult Violence, Lagos",2025-10-06,2025-10-06,1
IBD033488,"Auto Crash, Oyo",2025-10-06,2025-10-06,3
IBD033581,"Apprentice Found Dead, Anambra",2025-10-05,2025-10-05,1
IBD033483,"Banditry, Kwara",2025-10-05,2025-10-05,1
IBD033486,"Policemen vs Kidnappers, Delta",2025-10-05,2025-10-05,2
IBD033492,"Auto Crash, Kaduna",2025-10-05,2025-10-05,4
IBD033482,"Boat Mishap, Benue",2025-10-05,2025-10-05,6
IBD033479,"Auto Crash, Oyo",2025-10-05,2025-10-05,1
IBD033478,"Soldiers vs Boko Haram, Borno",2025-10-04,2025-10-04,5
IBD033472,"Soldiers vs Boko Haram, Borno",2025-10-04,2025-10-04,43
IBD033494,"Armed Robbery, Lagos",2025-10-04,2025-10-04,2
IBD033468,"Robbery Attack, Lagos",2025-10-04,2025-10-04,5
IBD033493,"Cult Clash, Lagos",2025-10-04,2025-10-04,1
IBD033469,"Auto Crash, Anambra",2025-10-04,2025-10-04,1
IBD033465,"Police vs Lakurawa, Kebbi",2025-10-03,2025-10-03,3
IBD033466,"Tanker Explosion, Ogun",2025-10-03,2025-10-03,10
IBD033470,"Banditry, Zamfara",2025-10-03,2025-10-03,10
IBD033476,"Banditry, Zamfara",2025-10-03,2025-10-03,1
IBD033489,"Kidnap Victim, Nasarawa",2025-10-03,2025-10-03,1
IBD033481,"Traditional Title, Niger",2025-10-03,2025-10-03,2
IBD033467,"Auto Crash, Ogun",2025-10-03,2025-10-03,5
IBD033477,"Herdsmen vs Youth, Enugu",2025-10-03,2025-10-03,4
IBD033487,"Graduate vs Vigilantes, Imo",2025-10-03,2025-10-03,1
IBD033471,"Auto Crash, Borno",2025-10-03,2025-10-03,2
IBD033484,"Wedding Guest, FCT (Abuja)",2025-10-03,2025-10-03,2
IBD033547,"Electrocution, Ogun",2025-10-03,2025-10-03,1
IBD033536,"Man Kills Friend, Lagos",2025-10-02,2025-10-02,1
IBD033645,"Hoodlums Kill Man, Ebonyi",2025-10-02,2025-10-02,2
IBD033453,"Gunmen vs Nightclubber, Lagos",2025-10-02,2025-10-02,1
IBD033459,"Kidnappers Kill Doctor, FCT (Abuja)",2025-10-02,2025-10-02,1
IBD033456,"Teenager Diea Inside Pond, Jigawa",2025-10-02,2025-10-02,1
IBD033768,"Gunmen vs Herders, Kebbi 1",2025-10-01,2025-11-17,30
IBD033458,"Bandits Kill Imam, Zamfara",2025-10-01,2025-10-01,1
IBD033449,"Soldiers vs Youths, Benue",2025-10-01,2025-10-01,3
IBD033464,"Banditry, Taraba",2025-10-01,2025-10-01,2
IBD033767,"Gunmen vs Herders, Kebbi 2",2025-10-01,2025-11-17,30
IBD033485,"Banditry, Kaduna",2025-10-01,2025-10-01,2
IBD033606,"Banditry, Kwara",2025-09-30,2025-09-30,2
IBD033454,"Kidnappers vs Police, Edo",2025-09-30,2025-09-30,2
IBD033475,"Soldiers vs Bandits, Kaduna",2025-09-30,2025-09-30,10
IBD033605,"Bandits Kill Hunter, Kwara",2025-09-30,2025-09-30,1
IBD033480,"Domestic Violence, Edo",2025-09-30,2025-09-30,1
IBD033440,"Boat Accident, Kogi",2025-09-30,2025-09-30,29
IBD033448,"Banditry, Niger",2025-09-30,2025-09-30,4
IBD033612,"Kidnap/Sorcery, Delta",2025-09-30,2025-09-30,2
IBD033463,"Troops vs ISWAP Terrorists, Benue",2025-09-30,2025-09-30,1
IBD033457,"Security Operatives vs Bandits, Kwara",2025-09-30,2025-09-30,11
IBD033455,"Amotekun Kill 4 , Osun",2025-09-30,2025-09-30,5
IBD033431,"Mysterious Death, Plateau",2025-09-29,2025-09-29,1
IBD033474,"Soldiers vs Bandits, Kebbi",2025-09-29,2025-09-29,2
IBD033425,"Television Presenter, FCT (Abuja)",2025-09-29,2025-09-29,2
IBD033428,"Repentant Gang Leader, Benue",2025-09-29,2025-09-29,1
IBD033462,"Woman Found Dead, Niger",2025-09-29,2025-09-29,1
IBD033438,"Boko Haram Attack, Gwoza",2025-09-29,2025-09-29,2
IBD033515,"Witchcraft/Domestic Violence, Ondo",2025-09-29,2025-09-29,1
IBD033432,"Auto Crash, Ondo",2025-09-29,2025-09-29,5
IBD033435,"Auto Crash, Kwara",2025-09-29,2025-09-29,1
IBD033437,"Security Operatives vs Bandits, Kwara",2025-09-29,2025-09-29,10
IBD033442,"Herdsmen Attack, Plateau",2025-09-29,2025-09-29,1
IBD033439,"Man Drowns, Cross River",2025-09-28,2025-09-28,1
IBD033420,"Banditry, Kwara",2025-09-28,2025-09-28,11
IBD033436,"Banditry, Kwara",2025-09-28,2025-09-28,13
IBD033426,"Trader Killed, FCT (Abuja)",2025-09-28,2025-09-28,1
IBD033434,"Banditry, Kwara",2025-09-28,2025-09-28,1
IBD033423,"Accidental Discharge, Kano",2025-09-27,2025-09-27,1
IBD033433,"Police Brutality, Ogun",2025-09-27,2025-09-27,1
IBD033451,"Cyclist, FCT (Abuja)",2025-09-27,2025-09-27,1
IBD033421,"Mob Action, FCT (Abuja)",2025-09-27,2025-09-27,1
IBD033430,"Witchcraft Victim, Borno",2025-09-27,2025-09-27,1
IBD033496,"Mining Operation, Oyo",2025-09-27,2025-09-27,1
IBD033450,"Student Drowns, Ogun",2025-09-26,2025-09-26,1
IBD033418,"Bandit Raid Mosque, Zamfara",2025-09-26,2025-09-26,4
IBD033419,"Boko Haram Attack, Borno",2025-09-26,2025-09-26,1
IBD033412,"Children in the Car Booth, Borno",2025-09-25,2025-09-25,3
IBD033441,"Ritual Killing, Bauchi",2025-09-25,2025-09-25,1
IBD033393,"Domestic Violence, Kano",2025-09-25,2025-09-25,2
IBD033416,"Mine Collapse, Zamfara",2025-09-25,2025-09-25,78
IBD033417,"Mine Collapse, Plateau",2025-09-25,2025-09-25,4
IBD033415,"Banditry, Kaduna",2025-09-24,2025-09-24,1
IBD033447,"Auto Crash, Enugu",2025-09-24,2025-09-24,1
IBD033427,"Farmers vs Herdsmen, Benue",2025-09-24,2025-09-24,2
IBD033388,"Auto Crash, Lagos",2025-09-23,2025-09-23,2
IBD033411,"Student Kill Man, Cross River",2025-09-23,2025-09-23,1
IBD033391,"Communal Crisis, Cross River",2025-09-23,2025-09-23,10
IBD033405,"Mob Lynch Woman, Delta",2025-09-23,2025-09-23,1
IBD033400,"Auto Crash, Yobe",2025-09-23,2025-09-23,4
IBD033394,"Mysterious Death, Benue",2025-09-23,2025-09-23,1
IBD033404,"Man Kill Over Necklace, Edo",2025-09-23,2025-09-23,1
IBD033403,"Boko Haram Attack, Adamawa",2025-09-23,2025-09-23,4
IBD033402,"Mysterious Death, Benue",2025-09-23,2025-09-23,1
IBD033407,"Cult Violence, Osun",2025-09-23,2025-09-23,3
IBD033396,"Kidnappers vs Policeman, Kwara",2025-09-23,2025-09-23,1
IBD033414,"Gunmen Kill Vigilante, Niger",2025-09-23,2025-09-23,1
IBD033406,"Domestic Violence, Anambra",2025-09-22,2025-09-22,1
IBD033387,"Assailant Kill Worshipper, Osun",2025-09-22,2025-09-22,1
IBD033422,"Police Brutality, Kano",2025-09-22,2025-09-22,1
IBD033389,"Auto Crash, Ogun",2025-09-22,2025-09-22,1
IBD033401,"Gunmen Kill Policeman,Taraba",2025-09-22,2025-09-22,1
IBD033424,"Boko Haram Attack, Adamawa",2025-09-21,2025-09-27,26
IBD033384,"Cultists Kill Man, Ogun",2025-09-21,2025-09-21,1
IBD033413,"Explosion, Imo",2025-09-21,2025-09-21,1
IBD033381,"Assassins Kill Politician, Benue",2025-09-21,2025-09-21,1
IBD033383,"Troops Kill Cultist, Delta",2025-09-21,2025-09-21,1
IBD033370,"Gunmen Kill Policemen, Kogi",2025-09-21,2025-09-21,3
IBD033380,"Witchcraft , Adamawa",2025-09-21,2025-09-21,1
IBD033369,"Gunmen Kill Policemen, Kogi",2025-09-21,2025-09-21,2
IBD033429,"Medical Negligence, Enugu",2025-09-20,2025-09-20,1
IBD033390,"Boy Beaten to Death, Ondo",2025-09-20,2025-09-20,1
IBD033591,"Gunmen Kill Woman, Benue",2025-09-20,2025-09-20,1
IBD033360,"Explosion, Kaduna",2025-09-20,2025-09-20,4
IBD033372,"Auto Crash, Yobe",2025-09-20,2025-09-20,4
IBD033367,"Boat Mishap, Sokoto",2025-09-20,2025-09-20,17
IBD033379,"Hoodlums Kill Policeman, Niger",2025-09-20,2025-09-20,1
IBD033364,"Herders Attack, Benue",2025-09-20,2025-09-20,3
IBD033358,"Auto Crash, Delta",2025-09-19,2025-09-19,9
IBD033398,"Army vs Boko Haram, Borno",2025-09-19,2025-09-19,1
IBD033446,"Auto Crash, Plateau",2025-09-19,2025-09-19,1
IBD033374,"Banditry, Niger",2025-09-19,2025-09-19,2
IBD033365,"Herdsmen Attack, Benue",2025-09-19,2025-09-19,2
IBD033368,"Herdsmen vs Security Operatives, Benue",2025-09-19,2025-09-19,15
IBD033373,"Banditry, Niger",2025-09-19,2025-09-19,5
IBD033366,"Assassins Kill Catholic Priest, Enugu",2025-09-19,2025-09-19,1
IBD033359,"Kidnappers Kill Security Men, Kogi",2025-09-19,2025-09-19,2
IBD033385,"Soldiers vs Boko Haram, Borno",2025-09-19,2025-09-19,21
IBD033371,"Auto Crash, Kano",2025-09-18,2025-09-18,1
IBD033363,"Lakurawa Attack, Sokoto",2025-09-18,2025-09-18,3
IBD033386,"Undergraduate Drowns, Lagos",2025-09-18,2025-09-18,1
IBD033361,"Soldiers vs Boko Haram, Yobe",2025-09-18,2025-09-18,13
IBD033353,"NURTW Boss vs Dispatch Rider, Lagos",2025-09-18,2025-09-18,1
IBD033354,"Banditry, Kwara",2025-09-18,2025-09-18,1
IBD033375,"Banditry, Niger",2025-09-18,2025-09-18,1
IBD033631,Land Tussle,2025-09-17,2025-09-17,1
IBD033352,"Cult Clash, Edo",2025-09-17,2025-09-17,2
IBD033340,"Soldiers vs IPOB/ESN, Imo",2025-09-17,2025-09-17,10
IBD033348,"Boko Haram Insurgency, Borno",2025-09-17,2025-09-17,40
IBD033336,"Inferno, Lagos",2025-09-16,2025-09-16,10
IBD033337,"Soldiers Kill Market Robber, Benue",2025-09-16,2025-09-16,1
IBD033345,"Police Kill Kidnappers, Delta",2025-09-16,2025-09-16,2
IBD033324,"Auto Crash, Ogun",2025-09-16,2025-09-16,1
IBD033323,"Auto Crash, Ogun",2025-09-16,2025-09-16,1
IBD033321,"Tanker Explosion, Kwara",2025-09-16,2025-09-16,2
IBD033342,"Auto Crash, Ogun",2025-09-16,2025-09-16,2
IBD033344,"Soldiers vs Bandits, Plateau",2025-09-16,2025-09-16,1
IBD033355,"Gunmen Kill Barber, Edo",2025-09-16,2025-09-16,1
IBD033706,"Ritual Killing, Edo",2025-09-16,2025-09-16,1
IBD033347,"Stabbed to Death, Ondo",2025-09-16,2025-09-16,1
IBD034270,"Murder, Kano",2025-09-16,2025-09-16,1
IBD033338,"Herder Shot Dead, FCT (Abuja)",2025-09-16,2025-09-16,1
IBD033331,"Kidnappers Kill Vigilante, FCT (Abuja)",2025-09-15,2025-09-15,1
IBD033334,"Banditry, Zamfara",2025-09-15,2025-09-15,4
IBD033313,"Government Agent vs Vandals, Niger",2025-09-15,2025-09-15,1
IBD034509,"Assassins Kill Man, Benue",2025-09-15,2025-09-15,1
IBD033332,"Soldiers vs Terrorists, Jigawa",2025-09-15,2025-09-15,2
IBD033335,"Banditry, Katsina",2025-09-15,2025-09-15,1
IBD033333,"Banditry, Zamfara",2025-09-15,2025-09-15,1
IBD033327,"Gunmen Attack, FCT (Abuja)",2025-09-15,2025-09-15,1
IBD033445,"Auto Crash, Taraba",2025-09-15,2025-09-15,1
IBD033315,"Auto Crash, Zamfara",2025-09-15,2025-09-15,17
IBD033343,"Flooding, Edo",2025-09-15,2025-09-15,1
IBD033328,"Herder Found Dead, FCT (Abuja)",2025-09-15,2025-09-15,1
IBD033314,"Gunmen vs Custom Officer, Kebbi",2025-09-15,2025-09-15,1
IBD033330,"Boko Haram Attack, Borno",2025-09-15,2025-09-15,8
IBD033316,"Gunmen Kill 6, Plateau",2025-09-14,2025-09-14,6
IBD033319,"Kidnap Victim, Plateau",2025-09-14,2025-09-14,1
IBD033317,"Inter-Agancy Clash, Kano",2025-09-14,2025-09-14,3
IBD033310,"Auto Crash, Lagos",2025-09-14,2025-09-14,1
IBD033306,"Auto Crash, Lagos",2025-09-13,2025-09-13,1
IBD033308,"Herdsmen Attack, Benue",2025-09-13,2025-09-13,1
IBD033311,"Widow Found Dead on Farm, Bauchi",2025-09-13,2025-09-13,1
IBD033312,"Cult Violence, Lagos",2025-09-13,2025-09-13,2
IBD033351,"Found Dead Inside Shop, FCT (Abuja)",2025-09-13,2025-09-13,3
IBD033302,"Man Kills Rival, Niger",2025-09-12,2025-09-12,1
IBD033305,"Bonfire Party, Enugu",2025-09-12,2025-09-12,1
IBD033325,Gunmen Kill Vigilante. Kwara,2025-09-12,2025-09-12,6
IBD033304,"Building Collapse, Lagos",2025-09-12,2025-09-12,3
IBD033395,"Gunmen Kill Policeman, FCT (Abuja)",2025-09-12,2025-09-12,1
IBD033397,"Lawmaker, FCT (Abuja)",2025-09-12,2025-09-12,1
IBD033409,"Gunmen Kill Man, Bayelsa",2025-09-11,2025-09-11,1
IBD033298,"Cult Violence, Anambra",2025-09-11,2025-09-11,4
IBD033410,"Ritual Killing, Bayelsa",2025-09-11,2025-09-11,1
IBD033346,"Communal Clash, Cross River",2025-09-11,2025-09-11,2
IBD033341,"Custom Officers vs Smugglers, Ogun",2025-09-11,2025-09-11,1
IBD033303,"Banditry, Kogi",2025-09-11,2025-09-11,5
IBD033309,"Man Kills Neighbour, Akwa Ibom",2025-09-11,2025-09-11,1
IBD033320,"Army vs Bandits, Kogi",2025-09-11,2025-09-11,1
IBD033382,"Assasins Kill Widow, Anambra",2025-09-10,2025-09-10,1
IBD033292,"Bandits Kill Policemen, Kogi",2025-09-10,2025-09-10,3
IBD033329,"Kidnap Victim, Gombe",2025-09-10,2025-09-10,1
IBD033295,"Bandits Kill Herder, Kwara",2025-09-10,2025-09-10,1
IBD033307,"Gunmen Kill Politician, Lagos",2025-09-10,2025-09-10,1
IBD033299,"Gunmen Kill Hunter, Kogi",2025-09-10,2025-09-10,2
IBD033300,"Mob Action on Police Inspector, Plateau",2025-09-10,2025-09-10,2
IBD033294,"Bodies in Canal, Lagos",2025-09-09,2025-09-09,2
IBD033296,"Banditry, Katsina",2025-09-09,2025-09-09,1
IBD033280,"Market Crisis, Anambra",2025-09-09,2025-09-09,5
IBD033283,"Fulani Herdsmen Attack, Plateau",2025-09-08,2025-09-09,3
IBD033378,"NSCDC Officer, FCT (Abuja)",2025-09-08,2025-09-08,1
IBD033276,"Gunmen Attack,Kogi",2025-09-08,2025-09-08,1
IBD033290,"Bandit Kills Own Fighters, Zamfara",2025-09-08,2025-09-08,7
IBD033444,"Auto Crash, Ogun",2025-09-08,2025-09-08,1
IBD033281,"Flooding Incident , Kaduna",2025-09-08,2025-09-08,2
IBD033287,"Banditry, Katsina",2025-09-08,2025-09-08,3
IBD033452,"Extra-Judial Killing, Osun",2025-09-08,2025-09-08,1
IBD033285,"Female Accountant, FCT (Abuja)",2025-09-08,2025-09-08,1
IBD033288,"Gunmen Kill Motorcyclist, Plateau",2025-09-08,2025-09-08,1
IBD033266,"Banditry, Kwara",2025-09-08,2025-09-08,1
IBD033293,"Banditry Attack, Zamfara",2025-09-08,2025-09-08,22
IBD033279,"Auto Crash, Imo",2025-09-08,2025-09-08,14
IBD033267,"Banditry, Kaduna",2025-09-07,2025-09-07,8
IBD033269,"Banditry, Zamfara",2025-09-07,2025-09-07,3
IBD033265,"Gunmen Attack, Kaduna",2025-09-07,2025-09-07,1
IBD033282,"Banditry, Katsina",2025-09-07,2025-09-07,1
IBD033275,"Auto Crash, FCT (Abuja)",2025-09-07,2025-09-07,1
IBD033274,"Cult Clash, Lagos",2025-09-07,2025-09-07,2
IBD033322,"Domestic Violence, Delta",2025-09-07,2025-09-07,1
IBD033246,"Electrocution, Borno",2025-09-07,2025-09-07,1
IBD033264,"Banditry, Sokoto",2025-09-07,2025-09-07,2
IBD033289,"Rice Mill Accident, Gombe",2025-09-07,2025-09-07,1
IBD033261,"Land Dispute, Imo",2025-09-07,2025-09-07,4
IBD033250,"Troops vs Herders, Benue",2025-09-07,2025-09-07,1
IBD033259,"Banditry, Katsina",2025-09-07,2025-09-07,6
IBD033284,"Building Collapse, Jigawa",2025-09-07,2025-09-07,1
IBD033286,"Auto Crash, Bauchi",2025-09-07,2025-09-07,2
IBD033260,"Community Leadership Tussle, Edo",2025-09-06,2025-09-06,2
IBD033326,"Domestic Violence, Ondo",2025-09-06,2025-09-06,1
IBD033272,"Extra-Judial Killing, Kaduna",2025-09-06,2025-09-06,1
IBD033253,"Soldiers vs Boko Haram, Borno",2025-09-06,2025-09-06,1
IBD033268,"Fulani Herdsmen Attack, Plateau",2025-09-06,2025-09-06,7
IBD033242,"Boko Haram Attack, Borno",2025-09-06,2025-09-06,62
IBD033255,"Cultist Attack, Anambra",2025-09-06,2025-09-06,2
IBD033245,"Banditry, Katsina",2025-09-06,2025-09-06,15
IBD033291,"Furniture Maker, Edo",2025-09-06,2025-09-06,1
IBD033443,"Auto Crash, Ekiti",2025-09-06,2025-09-06,1
IBD033254,"Banditry, Kwara",2025-09-06,2025-09-06,2
IBD033247,"Boko Haram Insurgency, Borno",2025-09-05,2025-09-05,30
IBD033270,"Banditry, Katsina",2025-09-05,2025-09-05,8
IBD033240,"Boko Haram Attack, Borno",2025-09-05,2025-09-05,2
IBD033243,"Banditry, Zamfara",2025-09-05,2025-09-05,1
IBD033252,"Gunmen Kidnap Expatriate, Edo",2025-09-05,2025-09-05,9
IBD033377,"Gunmen vs Policemen, Abia",2025-09-04,2025-09-04,2
IBD033277,"Bandit Gunrunner, Plateau",2025-09-04,2025-09-04,1
IBD033257,"Banditry, Sokoto",2025-09-04,2025-09-04,15
IBD033376,"Gunmen Attack, Zamfara",2025-09-04,2025-09-04,2
IBD033241,"Banditry, Katsina",2025-09-04,2025-09-04,2
IBD033249,"Domestic Violence, Lagos",2025-09-03,2025-09-03,1
IBD033244,"Banditry, Kwara",2025-09-03,2025-09-03,1
IBD033224,"Auto Crash, Enugu",2025-09-03,2025-09-03,4
IBD033239,"Fulani Herdsmen Attack, Benue",2025-09-03,2025-09-04,6
IBD033234,"Boko Haram Insurgency, Borno",2025-09-03,2025-09-03,15
IBD033248,"Landlord vs Tenant, Oyo",2025-09-03,2025-09-03,1
IBD033235,"Soldiers vs Boko Haram, Borno",2025-09-03,2025-09-03,13
IBD033236,"Banditry, Kwara",2025-09-03,2025-09-03,1
IBD033229,"Police vs Armed Robbers, Oyo",2025-09-03,2025-09-03,1
IBD033233,"Auto Crash, Enugu",2025-09-03,2025-09-03,6
IBD033223,"Domestic Violence, Delta",2025-09-03,2025-09-03,1
IBD033222,"Auto Crash, FCT (Abuja)",2025-09-02,2025-09-02,4
IBD033238,"Cult Violence, Lagos",2025-09-02,2025-09-02,5
IBD033237,"Male Corpse Found, Lagos",2025-09-02,2025-09-02,1
IBD033218,"Auto Crash, Edo",2025-09-02,2025-09-02,4
IBD033215,"Mob Lynch Motorcycle Thief, Benue",2025-09-02,2025-09-02,1
IBD033232,"Gunmen Kill Herder, Plateau",2025-09-02,2025-09-02,1
IBD033212,"Auto Crash, Lagos",2025-09-02,2025-09-02,1
IBD033271,"Decompsed Body, FCT (Abuja)",2025-09-02,2025-09-02,1
IBD033213,"Work-Related Death, Rivers",2025-09-02,2025-09-02,1
IBD033221,"Boat Mishap, Niger",2025-09-02,2025-09-02,38
IBD033251,"Soldiers vs Boko Haram, Borno",2025-09-01,2025-09-01,1
IBD033202,"Auto Crash, Lagos",2025-09-01,2025-09-01,6
IBD033211,"Snake Bite Victim, Benue",2025-09-01,2025-09-01,1
IBD033220,"Man Killed, Ekiti",2025-09-01,2025-09-01,1
IBD033214,"Auto Crash, Oyo",2025-09-01,2025-09-01,1
IBD033273,"Banditry, Niger",2025-09-01,2025-09-01,1
IBD033256,"IDPs Die In Camp, Niger",2025-09-01,2025-09-01,3
IBD033217,"Soldiers vs Bandits, Zamfara",2025-09-01,2025-09-01,10
IBD033216,"Labourers, Lagos",2025-08-31,2025-08-31,3
IBD033318,"Police Brutality, Ondo",2025-08-31,2025-08-31,1
IBD033206,"Extra-Judicial Killing, Kaduna",2025-08-31,2025-08-31,1
IBD033231,"Auto Crash, Kogi",2025-08-31,2025-08-31,2
IBD033227,"Cult Clash, Lagos",2025-08-31,2025-08-31,3
IBD033190,"Woman Lynched Over Blasphemy, Niger",2025-08-30,2025-08-30,1
IBD033187,"Boko Haram Kill Farmers, Borno",2025-08-30,2025-08-30,5
IBD033180,"Auto Crash, Edo",2025-08-30,2025-08-30,1
IBD033210,"Banditry, Sokoto",2025-08-30,2025-08-31,2
IBD033209,"Banditry, Sokoto",2025-08-30,2025-08-31,3
IBD033198,"Extra-Judial Killing, Delta",2025-08-30,2025-08-30,1
IBD033228,"Kidnappers kill Worshipper, Kwara",2025-08-30,2025-08-30,1
IBD033226,"Trader Kills Apprentice, Anambra",2025-08-30,2025-08-30,1
IBD033207,"Robbers Kill Bolt Driver, FCT (Abuja)",2025-08-30,2025-08-30,1
IBD033200,"Boko Haram Attack, Borno",2025-08-30,2025-08-30,3
IBD033204,"Man Kill Minor, Adamawa",2025-08-30,2025-08-30,1
IBD033297,"Food Poisining, Enugu",2025-08-30,2025-08-31,5
IBD033199,"Soldiers vs Boko Haram, Borno",2025-08-29,2025-08-30,12
IBD033197,"Boat Mishap, Zamfara",2025-08-29,2025-08-29,15
IBD033203,"Gunmen Kill Man, Ebonyi",2025-08-29,2025-08-29,1
IBD033185,"Fulani Herdsmen Attack, Benue",2025-08-29,2025-08-29,2
IBD033225,"Robbery Kingpin, Ebonyi",2025-08-29,2025-08-29,1
IBD033175,"Police Kill Motorcyclist, Lagos",2025-08-29,2025-08-29,1
IBD033178,"Auto Crash, Rivers",2025-08-29,2025-08-29,1
IBD033167,"Banditry, Niger",2025-08-28,2025-08-28,2
IBD033176,"Boat Mishap, Sokoto",2025-08-28,2025-08-28,17
IBD033184,"Communal Clash, Ebonyi",2025-08-28,2025-08-28,1
IBD033170,"Police vs NSCDC, Ebonyi",2025-08-28,2025-08-28,1
IBD033497,"Hoodlums Kill Pastor, Kwara",2025-08-28,2025-08-28,1
IBD033461,"Extra-Judicial Killing, Niger",2025-08-28,2025-08-28,1
IBD033201,"Community Clash, Ebonyi",2025-08-28,2025-08-28,1
IBD033171,"Banditry, Niger",2025-08-28,2025-08-28,50
IBD033182,"Armed Robbery, Kwara",2025-08-28,2025-08-28,2
IBD033169,"Banditry, Niger",2025-08-28,2025-08-28,2
IBD033165,"Gunmen Kill 1, Kaduna",2025-08-27,2025-08-27,1
IBD033164,"Market Crisis, Lagos",2025-08-27,2025-08-27,2
IBD033263,"Bandit Attack, Kaduna",2025-08-27,2025-08-27,7
IBD033179,"Banditry, Kaduna",2025-08-27,2025-08-27,1
IBD033208,"New Yam Festival, Abia",2025-08-27,2025-08-27,1
IBD033350,"Domestic Violence, Delta",2025-08-27,2025-08-27,1
IBD033163,"Market Crisis, Lagos",2025-08-27,2025-08-27,4
IBD033460,"NURTW Member Kill Man, Lagos",2025-08-27,2025-08-27,1
IBD033160,"Building Collapse, Kaduna",2025-08-27,2025-08-27,4
IBD033172,"Mob Kill Suspected Meter Thief, Kaduna",2025-08-27,2025-08-27,1
IBD033168,"Auto Crash, FCT (Abuja)",2025-08-27,2025-08-27,1
IBD033565,"Witchcraft Victim, Borno",2025-08-26,2025-08-26,1
IBD033159,"Gunmen Kill 4, Plateau",2025-08-26,2025-08-26,4
IBD033156,"Gang Kingpin Kill 3, Imo",2025-08-26,2025-08-26,3
IBD033173,"Witchcraft, Jigawa",2025-08-26,2025-08-26,1
IBD033153,"Banditry, Katsina",2025-08-26,2025-08-26,1
IBD033166,"Fulani Herders, Plateau",2025-08-26,2025-08-26,4
IBD033161,"Electric Surge, Kaduna",2025-08-26,2025-08-26,2
IBD033162,"Policeman Kills Soldier, Bauchi",2025-08-26,2025-08-26,1
IBD033158,"Domestic Violence, Ekiti",2025-08-26,2025-08-26,1
IBD033154,"Fulani Herdsmen Attack, Benue",2025-08-25,2025-08-26,4
IBD033147,"Boat Mishap, Borno",2025-08-25,2025-08-25,3
IBD033155,"Fulani Herdsmen Attack, Kaduna",2025-08-25,2025-08-25,7
IBD033148,"Auto Crash, Delta",2025-08-25,2025-08-25,4
IBD033149,"Building Foundation Collapse, FCT (Abuja)",2025-08-24,2025-08-24,1
IBD033145,"Gunmen Kill Herder, Bauchi",2025-08-24,2025-08-24,1
IBD033181,"Domestic Violence, Ondo",2025-08-24,2025-08-24,1
IBD033192,"Soldiers vs Boko Haram, Borno",2025-08-23,2025-08-30,2
IBD033195,"Soldiers vs Boko Haram, Borno",2025-08-23,2025-08-30,2
IBD033150,"Auto Crash, Lagos",2025-08-23,2025-08-23,1
IBD033146,"Auto Crash, Yobe",2025-08-23,2025-08-23,1
IBD033193,"Soldiers vs Boko Haram, Borno",2025-08-23,2025-08-30,2
IBD033141,"Auto Crash, Oyo",2025-08-23,2025-08-23,3
IBD033144,"Gunmen Attack, Imo",2025-08-23,2025-08-23,8
IBD033128,"Auto Crash, Ebonyi",2025-08-23,2025-08-23,2
IBD033130,"NAF vs Bandits, Katsina",2025-08-23,2025-08-23,18
IBD033191,"Soldiers vs Boko Haram, Borno",2025-08-23,2025-08-30,2
IBD033196,"Soldiers vs Boko Haram, Yobe",2025-08-23,2025-08-30,10
IBD033133,"Soldiers vs Lakurawa, Sokoto",2025-08-23,2025-08-23,2
IBD033194,"Soldiers vs Boko Haram, Borno",2025-08-23,2025-08-30,10
IBD033258,"Hoodlum Kill Student, Bauchi",2025-08-22,2025-08-22,1
IBD033138,"Police Kill Gang Member, Anambra",2025-08-22,2025-08-22,1
IBD033152,"Police vs Kidnappers, Kebbi",2025-08-22,2025-08-22,3
IBD033151,"Tanker Explosion, Kaduna",2025-08-22,2025-08-22,1
IBD033143,"Boko Haram Attack, Borno",2025-08-22,2025-08-22,30
IBD033134,"Soldiers vs Boko Haram, Borno",2025-08-21,2025-08-23,7
IBD033140,"Boat Mishap, Sokoto",2025-08-21,2025-08-21,6
IBD033135,"Soldiers vs Boko Haram, Borno",2025-08-21,2025-08-23,6
IBD033119,"Mob Lynch Woman, Kwara",2025-08-21,2025-08-21,1
IBD033177,"Police vs IPOB/ESN, Anambra",2025-08-21,2025-08-21,4
IBD033136,"Ritual Killing, Kwara",2025-08-21,2025-08-21,1
IBD033132,"Police vs Kidnappers, Akwa Ibom",2025-08-21,2025-08-21,6
IBD033114,"Fulani Herdsmen Attack, Imo",2025-08-20,2025-08-20,2
IBD033129,"Thunderstorm Kills 3, Kogi",2025-08-20,2025-08-20,3
IBD033120,"Herders vs Farmers, Taraba",2025-08-20,2025-08-20,2
IBD033108,"Herdsmen Attack, Benue",2025-08-20,2025-08-20,4
IBD033121,"Auto Crash, Akwa Ibom",2025-08-20,2025-08-20,1
IBD033137,"Police Kill Kidnappers, Ondo",2025-08-20,2025-08-20,2
IBD033116,"Cult Clash, Edo",2025-08-20,2025-08-20,1
IBD033117,"Electrocution, Abia",2025-08-20,2025-08-20,1
IBD033126,"Auto Crash, Ebonyi",2025-08-20,2025-08-20,3
IBD033127,"Internet Fraudsters, Edo",2025-08-20,2025-08-20,1
IBD033111,"Bandits Kill Farmers, Kaduna",2025-08-19,2025-08-19,6
IBD033103,"Troops Kill Kidnappers, Delta",2025-08-19,2025-08-19,3
IBD033100,"Domestic Violence, Kogi",2025-08-19,2025-08-19,1
IBD033125,"Fatal Abortion, Akwa Ibom",2025-08-19,2025-08-19,1
IBD033099,"Cultists Kill Policeman, Bayelsa",2025-08-19,2025-08-19,1
IBD033101,"Bandits Attack Mosque, Katsina",2025-08-19,2025-08-19,33
IBD033124,"Auto Crash, FCT (Abuja)",2025-08-19,2025-08-19,1
IBD033113,"Boko Haram Attack, Borno",2025-08-19,2025-08-19,4
IBD033112,Gunmen Kill Farmers Plateau,2025-08-18,2025-08-18,10
IBD033094,"Auto Crash, Lagos",2025-08-18,2025-08-18,1
IBD033262,"Robbers Kill Journalist, Oyo",2025-08-18,2025-08-18,1
IBD033357,"Land Dispute, Ondo",2025-08-18,2025-08-19,1
IBD033107,"Auto Crash, Yobe",2025-08-18,2025-08-18,7
IBD033106,"Banditry, Plateau",2025-08-18,2025-08-18,1
IBD033102,"Banditry, Katsina",2025-08-17,2025-08-17,20
IBD033086,"Boat Mishap, Sokoto",2025-08-17,2025-08-17,37
IBD033089,"Auto Crash, Edo",2025-08-17,2025-08-17,3
IBD033093,"Auto Crash, Taraba",2025-08-17,2025-08-17,10
IBD033097,"Boko Haram IED Explosion, Borno",2025-08-17,2025-08-17,2
IBD033095,"Domestic Violence, Rivers",2025-08-17,2025-08-17,1
IBD033084,"Auto Crash, Anambra",2025-08-16,2025-08-16,1
IBD033091,"Electrocution, Lagos",2025-08-16,2025-08-16,1
IBD033219,"Motorcyclist, Osun",2025-08-16,2025-08-16,1
IBD033096,"Mining Pit Collapse, Ebonyi",2025-08-16,2025-08-16,2
IBD033104,"Auto Crash, Lagos",2025-08-16,2025-08-16,1
IBD033115,"Auto Crash, Gombe",2025-08-15,2025-08-15,1
IBD033899,"Mining Pit Collapse, Niger",2025-08-15,2025-08-15,5
IBD033349,"Soldier Kill Tricycle Rider, Bauchi",2025-08-15,2025-08-15,1
IBD033083,"Kidnappers Kill Man, Ondo",2025-08-15,2025-08-15,1
IBD033142,"Auto Crash, Akwa Ibom",2025-08-15,2025-08-15,1
IBD033118,"Kidnappers Kill Film Producer, Enugu",2025-08-15,2025-08-15,1
IBD033105,"Domestic Violence, FCT (Abuja)",2025-08-15,2025-08-15,1
IBD033408,"Herder Shot Dead, Kwara",2025-08-15,2025-08-15,1
IBD033082,"Kidnappers Kill Boy, Anambra",2025-08-15,2025-08-15,1
IBD033085,"Auto Crash, Kogi",2025-08-15,2025-08-15,1
IBD033230,"Victims of Organ Harvesting, Rivers",2025-08-15,2025-08-15,3
IBD033080,"Auto Crash, Kano",2025-08-15,2025-08-15,12
IBD033092,"Banditry, Sokoto",2025-08-14,2025-08-16,40
IBD033074,"Police vs Armed Robbers, Lagos",2025-08-14,2025-08-14,1
IBD033075,"Internet Fraudster, Nasarawa",2025-08-14,2025-08-14,1
IBD033087,"Gunmen vs Farmers, Plateau",2025-08-14,2025-08-14,2
IBD033110,"Cultist Kill Skit Maker, Lagos",2025-08-14,2025-08-14,1
IBD033069,"Auto Crash, Bayelsa",2025-08-13,2025-08-13,2
IBD033063,"Gunmen KIll 3, Benue",2025-08-13,2025-08-13,3
IBD033072,"Soldiers vs IPOB/ESN, Imo",2025-08-13,2025-08-13,1
IBD033065,"Father of Kidnap Suspect, Kwara",2025-08-13,2025-08-13,1
IBD033062,"Auto Crash, Niger",2025-08-12,2025-08-12,5
IBD033066,"Domestic Violence, Imo",2025-08-12,2025-08-12,1
IBD033068,"Gunmen Attack, Plateau",2025-08-12,2025-08-12,2
IBD033061,"Communal Clash, Ebonyi",2025-08-12,2025-08-12,4
IBD033071,"Troops Kill Bandit, Zamfara",2025-08-12,2025-08-12,1
IBD033053,"Bandits Attack Mosque, Sokoto",2025-08-12,2025-08-12,1
IBD033055,"Auto Crash, Lagos",2025-08-12,2025-08-12,1
IBD033064,"Kidnappers Kill Ritired Teacher, Edo",2025-08-12,2025-08-12,1
IBD033079,"Man Dies, Kogi",2025-08-12,2025-08-12,1
IBD033042,"Gunmen Kill 3, Benue",2025-08-11,2025-08-11,3
IBD033043,"NDLEA Officers vs Man, Kaduna",2025-08-11,2025-08-11,1
IBD033058,"Auto Crash, Ogun",2025-08-11,2025-08-11,5
IBD033045,"Football Coach, Ogun",2025-08-11,2025-08-11,1
IBD033059,"Tanker Explosion, Kaduna",2025-08-11,2025-08-11,1
IBD033056,"Soldiers vs Boko Haram, Borno",2025-08-11,2025-08-11,40
IBD033047,"Auto Crash, Ogun",2025-08-11,2025-08-11,1
IBD033070,"Soldiers vs Bandits, Yobe",2025-08-11,2025-08-11,1
IBD033044,"Airstrike Kill Bandits, Zamfara",2025-08-11,2025-08-11,200
IBD033057,"Communal Clash/Rituals, Ebonyi",2025-08-11,2025-08-11,2
IBD033081,"Herder Killed, Niger",2025-08-11,2025-08-11,1
IBD033028,"Auto Crash, Lagos",2025-08-10,2025-08-10,1
IBD033051,"Cattle Rustlers Kill 3, Kaduna",2025-08-10,2025-08-10,3
IBD033041,"ISWAP Kill Hunter, Borno",2025-08-10,2025-08-10,1
IBD033076,"Communal Clash, Ebonyi",2025-08-10,2025-08-10,9
IBD033052,"Man Died From Shock, Ebonyi",2025-08-10,2025-08-10,1
IBD033030,"Siblings Drown, FCT (Abuja)",2025-08-09,2025-08-09,2
IBD033029,"Communal Clash, Ebonyi",2025-08-09,2025-08-09,3
IBD033046,"Armed Robber, Akwa Ibom",2025-08-09,2025-08-09,1
IBD033036,"Communal Clash, Yobe",2025-08-09,2025-08-09,2
IBD033048,"Boko Haram Attack, Borno",2025-08-09,2025-08-09,5
IBD033035,"Auto Crash, Katsina",2025-08-09,2025-08-09,5
IBD033024,"NAF vs Boko Haram, Borno",2025-08-08,2025-08-08,8
IBD033025,"Banditary, Kwara",2025-08-08,2025-08-08,4
IBD033060,"Banditry, Zamfara",2025-08-08,2025-08-08,13
IBD033026,"Banditry, Plateau",2025-08-08,2025-08-08,4
IBD034448,"Domestic Violence/Land Dispute, Kano",2025-08-07,2025-08-07,1
IBD032985,"Banditry, Sokoto",2025-08-07,2025-08-07,4
IBD033032,"Farmers vs Herders, Bauchi",2025-08-07,2025-08-08,1
IBD033122,"Auto Crash, Akwa Ibom",2025-08-07,2025-08-07,2
IBD033034,"NSCDC Officer, Jigawa",2025-08-07,2025-08-07,2
IBD033031,"Suspectd Robber, FCT (Abuja)",2025-08-07,2025-08-07,1
IBD033027,"Auto Crash, Anambra",2025-08-07,2025-08-07,2
IBD033040,"Tricycle Thieve, Lagos",2025-08-07,2025-08-07,1
IBD033033,"Armed Robbers Kill Transporter, Kogi",2025-08-07,2025-08-07,1
IBD033018,"Bandits vs Soldiers, Katsina",2025-08-06,2025-08-06,1
IBD033039,"Auto Crash, Oyo",2025-08-06,2025-08-06,2
IBD033014,"Motorcyclist, FCT (Abuja)",2025-08-06,2025-08-06,1
IBD033073,"Undergraduate Student, Oyo",2025-08-06,2025-08-06,1
IBD033023,"Auto Crash, FCT (Abuja)",2025-08-06,2025-08-06,1
IBD033008,"Auto Crash, FCT, (Abuja)",2025-08-06,2025-08-06,1
IBD033019,"Auto Crash, Abia",2025-08-05,2025-08-05,3
IBD033006,"Auto Crash, Ogun",2025-08-05,2025-08-05,2
IBD033013,"Kano Governor's Aide, Kano",2025-08-05,2025-08-05,1
IBD033010,"Siblings Drown, Ondo",2025-08-05,2025-08-05,1
IBD033002,"Communal Clash, Ebonyi",2025-08-05,2025-08-05,10
IBD033016,"Phone Snatchers Kill Student, Kano",2025-08-05,2025-08-05,1
IBD033015,"Banditry, Zamfara",2025-08-05,2025-08-05,20
IBD033021,"Suspected Motorcycle Thief, Gombe",2025-08-05,2025-08-05,1
IBD033012,"Gunmen Attack, Benue",2025-08-05,2025-08-06,3
IBD032996,"Building Collapse, Katsina",2025-08-05,2025-08-05,6
IBD033011,"Soldier vs Police, Taraba",2025-08-04,2025-08-04,1
IBD033000,"Herdsmen Attack, Benue",2025-08-04,2025-08-04,2
IBD032997,"Auto Crash, Niger",2025-08-04,2025-08-04,22
IBD033022,"Mysterious Deaths, Borno",2025-08-04,2025-08-04,4
IBD033037,"Cultist Kill Man, Lagos",2025-08-04,2025-08-04,1
IBD033174,"Gunmen Kill Banker, Katsina",2025-08-04,2025-08-04,1
IBD033301,"Murder, Benue",2025-08-03,2025-08-03,1
IBD032989,"Phone Snatchers Kill Man, FCT (Abuja)",2025-08-03,2025-08-03,1
IBD033004,"Businessman, Akwa Ibom",2025-08-03,2025-08-03,1
IBD032995,"Commercial Motorcyclist, Ondo",2025-08-03,2025-08-03,1
IBD032994,"Police Kill Bandits, Zamfara",2025-08-03,2025-08-03,8
IBD032991,"Gunmen Kill Police Escort, Imo",2025-08-03,2025-08-03,1
IBD032712,"Businessman, Anambra",2025-08-03,2025-08-03,1
IBD032988,"Soldiers vs Boko Haram, Borno",2025-08-02,2025-08-02,17
IBD033005,"Gunmen Attack, Zamfara",2025-08-02,2025-08-02,9
IBD032992,"Cultism, Edo",2025-08-02,2025-08-02,1
IBD032993,"Police vs Kidnappers, Abia",2025-08-02,2025-08-02,5
IBD032977,"Farmers vs Herders, Benue",2025-08-02,2025-08-02,2
IBD032981,"Banditry, Zamfara",2025-08-02,2025-08-03,7
IBD032999,"Electrocution, Anambra",2025-08-02,2025-08-02,1
IBD033001,"Suspected Bike Snatcher, FCT (Abuja)",2025-08-02,2025-08-02,1
IBD032975,"Land Dispute, FCT (Abuja)",2025-08-02,2025-08-02,1
IBD033139,"Medical Negligence, Edo",2025-08-02,2025-08-02,1
IBD033020,"Chinese Worker, Kogi",2025-08-02,2025-08-02,1
IBD032990,"Police vs Kidnappers, Akwa Ibom",2025-08-02,2025-08-02,1
IBD032998,"Herdsmen Attack, Benue",2025-08-01,2025-08-05,9
IBD033399,"Kidnap Victim, Niger",2025-08-01,2025-08-01,1
IBD032984,"Troops Kill Bandits, Benue",2025-08-01,2025-08-01,1
IBD033049,"Flood, Ebonyi",2025-08-01,2025-08-01,8
IBD032982,ISWAP Terrorists Kill Village Head,2025-08-01,2025-08-01,1
IBD033205,"Extra-Judial Killing, Cross River",2025-08-01,2025-08-01,1
IBD032980,"Hotelier, Edo",2025-08-01,2025-08-01,1
IBD032979,"Herdsmen Attack, Benue",2025-08-01,2025-08-01,2
IBD032967,"Auto Crash, Lagos",2025-07-31,2025-07-31,1
IBD033017,"Gunmen Kill Travellers, Kwara",2025-07-31,2025-07-31,2
IBD032966,"Auto Crash, Lagos",2025-07-31,2025-07-31,4
IBD033009,"Electrocution, FCT (Abuja)",2025-07-31,2025-07-31,1
IBD033183,"Herdsmen Attack, Benue",2025-07-31,2025-08-31,2
IBD033007,"Gunmen Kill Bus Passenger, Lagos",2025-07-30,2025-07-30,1
IBD032969,"Bandits vs Teenage Girls, Kogi",2025-07-30,2025-07-30,2
IBD032970,"Yam Vendor, Lagos",2025-07-30,2025-07-30,1
IBD033003,"Kidnappers, Delta",2025-07-30,2025-07-30,2
IBD033098,"Domestic Violence, Rivers",2025-07-30,2025-07-30,1
IBD032965,"Auto Crash, Lagos",2025-07-30,2025-07-30,1
IBD032958,"Bandits attack, Katsina",2025-07-30,2025-07-30,1
IBD032959,"Boko Haram, Borno",2025-07-29,2025-07-29,9
IBD032968,"Soldiers vs Bandits, Benue",2025-07-29,2025-07-29,1
IBD032961,"Farmers vs Herders, FCT (Abuja)",2025-07-29,2025-07-29,2
IBD032955,"Auto Crash, FCT (Abuja)",2025-07-29,2025-07-29,1
IBD032948,"Domestic Violence/Ritual, Ondo",2025-07-29,2025-07-29,1
IBD032956,"Bandits Attack, Plateau",2025-07-29,2025-07-29,4
IBD032963,"Kidnappers, Oyo",2025-07-29,2025-07-29,4
IBD032960,"Domestic Violence, Adamawa",2025-07-29,2025-07-29,1
IBD032953,"Domestic Violence, Adamawa",2025-07-28,2025-07-28,1
IBD032950,"Army vs Bandits, Sokoto",2025-07-28,2025-07-28,2
IBD032957,"Troops Kill Boko Haram Fighters, Borno",2025-07-28,2025-07-28,2
IBD033109,"Kidnap Victim, Enugu",2025-07-28,2025-07-28,1
IBD032942,"Hippopotamus Kill Man, Adamawa",2025-07-28,2025-07-28,1
IBD032947,"Elephant Kill Farmer, Ondo",2025-07-28,2025-07-28,1
IBD032946,"Auto Crash, Rivers",2025-07-28,2025-07-28,3
IBD032973,"Undergraduate Student, Edo",2025-07-27,2025-07-27,1
IBD032951,"Boko Haram Attack, Borno",2025-07-27,2025-07-27,20
IBD032935,"Amotekun vs Soldiers, Osun",2025-07-27,2025-07-27,1
IBD032930,"Flooding, Adamawa",2025-07-27,2025-07-27,13
IBD032952,"Boat Mishap, Jigawa",2025-07-27,2025-07-27,5
IBD032943,"Domestic Violence, Ondo",2025-07-26,2025-07-26,1
IBD032928,"Auto Crash, Ogun",2025-07-26,2025-07-26,1
IBD032936,"Banditry/Kidnapping, Zamfara",2025-07-26,2025-07-26,36
IBD032927,"Boat Mishap, Niger",2025-07-26,2025-07-26,25
IBD032971,"Extra-Judicial Killing, Lagos",2025-07-26,2025-07-26,1
IBD032931,"Auto Crash, Kano",2025-07-26,2025-07-26,6
IBD032945,"Gunmen Kill Police Escort, Imo",2025-07-26,2025-07-26,1
IBD032938,"Banditry, Bauchi",2025-07-26,2025-07-26,5
IBD032941,"Man Found Dead on Farm, FCT (Abuja)",2025-07-26,2025-07-26,1
IBD032932,"Police vs Robber, Akwa Ibom",2025-07-26,2025-07-26,1
IBD032962,"Ritual Killing, Anambra",2025-07-25,2025-07-25,1
IBD032924,"Banditry, Sokoto",2025-07-25,2025-07-25,3
IBD032933,Boat Mishap. Taraba,2025-07-25,2025-07-25,3
IBD032925,"Auto Crash, Anambra",2025-07-25,2025-07-25,5
IBD032949,"Man Kills In-law, Kogi",2025-07-25,2025-07-25,1
IBD032944,"Troops vs Bandits, Niger",2025-07-25,2025-07-25,45
IBD032954,"Land Dispute, Niger",2025-07-25,2025-07-25,1
IBD032917,"Farmer Beheaded, Benue",2025-07-24,2025-07-24,1
IBD032919,"GUnmen Kill Policeman, Plateau",2025-07-24,2025-07-24,1
IBD032974,"Real Estate Dealer, Bayelsa",2025-07-24,2025-07-24,1
IBD032922,"Soldiers Kill Bandit, Benue",2025-07-24,2025-07-24,1
IBD032920,"Gunmen Kill 18, Imo",2025-07-24,2025-07-24,19
IBD032918,"Gunmen Kill 14, Plateau",2025-07-24,2025-07-24,14
IBD032915,"Domestic Violence, Yobe",2025-07-23,2025-07-23,1
IBD032972,"Kidnap Victims, FCT (Abuja)",2025-07-23,2025-07-23,2
IBD032908,"Auto Crash, Ogun",2025-07-23,2025-07-23,4
IBD032903,"Drug Dealers vs NDLEA Officer, Ondo",2025-07-22,2025-07-22,1
IBD032913,"Auto Crash, Kebbi",2025-07-22,2025-07-22,1
IBD032937,"Farmer, Kogi",2025-07-22,2025-07-22,1
IBD032902,"Herdsmen vs Farmer, Benue",2025-07-22,2025-07-22,3
IBD032916,"Ritual Killing, Kogi",2025-07-22,2025-07-22,1
IBD032904,"Windstorm, Yobe",2025-07-22,2025-07-22,5
IBD032926,"Undergrauduate Student, Ondo",2025-07-22,2025-07-22,1
IBD032912,"Man Stabbed, Lagos",2025-07-22,2025-07-22,1
IBD032940,"Peace Maker, FCT (Abuja)",2025-07-22,2025-07-22,1
IBD032939,"NSCDC Officer, Abuja",2025-07-22,2025-07-22,1
IBD032910,"Banditry, Zamfara",2025-07-22,2025-07-22,20
IBD032914,"Woman Kills Minors, Bauchi",2025-07-22,2025-07-22,2
IBD032906,"Soldiers vs Boko Haram, Borno",2025-07-22,2025-07-22,41
IBD032909,"Teenagers Drown, Bauchi",2025-07-22,2025-07-22,3
IBD032911,"Policeman, Edo",2025-07-22,2025-07-22,1
IBD032905,"Soldiers vs Bandits, Niger",2025-07-22,2025-07-22,149
IBD032892,"Man Kills Another, Kebbi",2025-07-21,2025-07-21,1
IBD032900,"Auto Crash, Ogun",2025-07-21,2025-07-21,2
IBD032891,"Auto Crash, Ogun",2025-07-21,2025-07-21,1
IBD032907,"Man Kills Friend, Gombe",2025-07-21,2025-07-21,1
IBD032889,"Auto Crash, Lagos",2025-07-21,2025-07-21,1
IBD032893,"Boko Haram Attack JTF, Borno",2025-07-20,2025-07-20,7
IBD032896,"Bandit Attack, Sokoto",2025-07-20,2025-07-20,3
IBD032895,"Demolition, FCT",2025-07-20,2025-07-20,1
IBD032888,"Bandits Attack, Sokoto",2025-07-20,2025-07-20,1
IBD032890,"Auto Crash, Oyo",2025-07-20,2025-07-20,2
IBD032899,"Fun Seeker Dies, Lagos",2025-07-20,2025-07-20,1
IBD032894,"Boko Haram/ISWAP Kill Immigration Officer, Niger",2025-07-19,2025-07-19,1
IBD032986,"Ritual Killing, Lagos",2025-07-19,2025-07-19,1
IBD033038,"Auto Crash, Lagos",2025-07-19,2025-07-19,1
IBD032881,"Cult Attack, Rivers",2025-07-19,2025-07-19,1
IBD032878,"Cult Killing, Rivers",2025-07-19,2025-07-19,2
IBD032934,"Cult Killing, Lagos",2025-07-19,2025-07-19,1
IBD032884,"Bandits vs Security Guards, Zamfara",2025-07-18,2025-07-18,9
IBD032886,"Land Dispute, Benue",2025-07-18,2025-07-18,1
IBD032868,"Banditary, Zamfara",2025-07-18,2025-07-18,6
IBD032898,"Cult Violence, Lagos",2025-07-18,2025-07-18,1
IBD032883,"Auto Crash, Borno",2025-07-18,2025-07-18,9
IBD032882,"4 Drown, Kano",2025-07-18,2025-07-18,4
IBD033067,"Cult Clash, Lagos",2025-07-17,2025-07-17,1
IBD032885,"Man Kill Girlfriend for Ritual, Lagos",2025-07-17,2025-07-17,1
IBD032897,"Boy Kills Man, Jigawa",2025-07-17,2025-07-17,1
IBD032880,"Herdsmen Attack, Delta",2025-07-17,2025-07-17,2
IBD032870,"Assassins Kill Registrar, Ondo",2025-07-17,2025-07-17,1
IBD032862,"Herders Kill Church Leader, Benue",2025-07-17,2025-07-17,2
IBD032887,"Auto Crash, Ogun",2025-07-16,2025-07-16,1
IBD032861,"Custom Officers Kill Man, Adamawa",2025-07-16,2025-07-16,1
IBD032871,"Police vs Kidnappers, Enugu",2025-07-16,2025-07-16,1
IBD032864,"Bridge Collapse, Nasarawa",2025-07-16,2025-07-16,2
IBD032873,"Hit-And- Run driver, Gombe",2025-07-16,2025-07-16,1
IBD032778,"Soldiers vs Bandits, Plateau",2025-07-16,2025-07-16,2
IBD032874,"Neighbour Kills Resident, Edo",2025-07-16,2025-07-16,1
IBD032866,"Herdsmen Attack, Benue",2025-07-16,2025-07-16,1
IBD032923,"Sorcery, Ogun",2025-07-16,2025-07-16,1
IBD032860,"Mob Kill Robbers, Benue",2025-07-16,2025-07-16,3
IBD032867,"Herdsmen Attack, Benue",2025-07-16,2025-07-16,1
IBD032869,"Sex Romp, Kogi",2025-07-15,2025-07-15,1
IBD032858,"Banditry, Niger",2025-07-15,2025-07-15,2
IBD032836,"Police Kill 2 Gunmen, Anambra",2025-07-15,2025-07-15,2
IBD032830,"Gunmen Kill Vigilantes, FCT (Abuja)",2025-07-15,2025-07-15,2
IBD032852,"Land Dispute, Enugu",2025-07-15,2025-07-15,1
IBD032831,"Herder Fell From Tree, FCT (Abuja)",2025-07-15,2025-07-15,1
IBD032863,"Drug Addict, Osun",2025-07-15,2025-07-15,4
IBD032872,"Boy Drown, FCT (Abuja)",2025-07-15,2025-07-15,1
IBD033531,"Sex Romp, Kogi",2025-07-15,2025-07-15,1
IBD032841,"Auto Crash, Ogun",2025-07-14,2025-07-14,2
IBD032829,"Fulani Herdsmen Attack, Plateau",2025-07-14,2025-07-14,25
IBD032849,"Gunmen Kill Man, Plateau",2025-07-14,2025-07-14,1
IBD032851,"Bandits Attack, Nigeria",2025-07-14,2025-07-14,6
IBD032844,"Auto Crash, Delta",2025-07-14,2025-07-14,6
IBD032853,"Secondary School Students, Kano",2025-07-14,2025-07-14,2
IBD032834,"Soldiers vs Police, Rivers",2025-07-14,2025-07-14,2
IBD032837,"Electrocution, Cross River",2025-07-14,2025-07-14,1
IBD032838,"Lakurawa Attack, Niger",2025-07-14,2025-07-14,4
IBD032855,"Troops Kill 2, Plateau",2025-07-13,2025-07-13,2
PAR012735,"Gunmen Kill Evangelists, Plateau",2025-07-13,2025-07-13,2
IBD032832,"Cult Attack, Lagos",2025-07-13,2025-07-14,3
IBD032964,"Murder, Benue",2025-07-13,2025-07-13,1
IBD032843,"Building Collapse, Kano",2025-07-13,2025-07-13,4
IBD032854,"Troops Vs Bandits, Zamfara",2025-07-13,2025-07-13,1
IBD032850,"Mob Lynch Motorcycle Thief, FCT (Abuja)",2025-07-13,2025-07-13,1
IBD032857,"NYSC Member Dies, FCT (Abuja)",2025-07-13,2025-07-13,1
IBD032840,"Banditry, Zamfara",2025-07-13,2025-07-13,4
IBD032845,"Community Leader, Bayelsa",2025-07-13,2025-07-13,1
IBD032817,"Crane Accident, Lagos",2025-07-13,2025-07-13,1
IBD032842,"Cult Clash, Ogun",2025-07-13,2025-07-13,1
IBD032822,"Farmer, Taraba",2025-07-12,2025-07-12,1
IBD032856,"Army vs Boko Haram, Borno",2025-07-12,2025-07-12,1
IBD032876,"Cult Clash, Cross River",2025-07-12,2025-07-19,4
IBD032847,"Fuel Attendant, FCT (Abuja)",2025-07-12,2025-07-12,1
IBD032848,"Gunmen Kill 3, Abia",2025-07-12,2025-07-12,3
IBD032833,"Woman Slums and Die, FCT (Abuja)",2025-07-12,2025-07-12,1
IBD032824,"Operatives vs Hoodlums, Anambra",2025-07-12,2025-07-12,1
IBD032823,"Banditry, Zamfara",2025-07-12,2025-07-12,1
IBD032820,"Bandits Attack, Kaduna",2025-07-11,2025-07-11,5
IBD032825,"Lakurawa Terrorist vs Policemen, Kebbi",2025-07-11,2025-07-11,3
IBD032818,"Police vs Kidnappers, Edo",2025-07-11,2025-07-11,1
IBD032826,"Police vs Bandits, Benue",2025-07-11,2025-07-11,1
IBD032810,"Land Grabbers, Osun",2025-07-11,2025-07-11,2
IBD032819,"Banditry, Zamfara",2025-07-11,2025-07-11,2
IBD032846,"Footballer, Lagos",2025-07-10,2025-07-10,1
IBD032809,"Kidnappers Kill 1, Edo",2025-07-10,2025-07-10,1
IBD032795,"NAF vs Bandits, Zamfara",2025-07-10,2025-07-10,20
IBD032808,"Kidnappers Attack Catholic School, Edo",2025-07-10,2025-07-10,1
IBD032816,"Banditry, Zamfara",2025-07-10,2025-07-10,7
IBD032929,"Ex-ONICCIMA President, Anambra",2025-07-10,2025-07-10,1
IBD032921,"Domestic Violence, Jigawa",2025-07-10,2025-07-10,1
IBD032835,"Police vs Robbers, Delta",2025-07-09,2025-07-09,6
IBD032807,"Army vs Boko Haram, Borno",2025-07-09,2025-07-09,6
IBD032815,"Fire Outbreak, Delta",2025-07-09,2025-07-09,2
IBD032782,"Security Operatives vs Gunmen, Anambra",2025-07-09,2025-07-09,3
IBD032790,"Communal Violence, Ebonyi",2025-07-09,2025-07-09,1
IBD032814,"Herdsmen Attack, Taraba",2025-07-09,2025-07-09,1
IBD032804,"Soldiers vs Boko Haram, Adamawa",2025-07-09,2025-07-09,6
IBD032793,"Troops Kill several Bandits, Kebbi",2025-07-09,2025-07-09,200
IBD032806,"Army vs Boko Haram, Borno",2025-07-09,2025-07-09,3
IBD032792,"Boys Dies Inside Soakway, Lagos",2025-07-09,2025-07-09,1
IBD032813,"Kidnappers Kill Man, Delta",2025-07-08,2025-07-08,1
IBD032779,"Auto Crash, Oyo",2025-07-08,2025-07-08,4
IBD032783,"Banditry, Niger",2025-07-08,2025-07-09,13
IBD032859,"Murder, Kano",2025-07-08,2025-07-08,1
IBD032784,"Mysterious Death, Kwara",2025-07-08,2025-07-08,20
IBD032769,"Banditry, Katsina",2025-07-08,2025-07-08,35
IBD032805,"Army vs Boko Haram, Borno",2025-07-08,2025-07-08,1
IBD032802,"Army vs Boko Haram, Borno",2025-07-08,2025-07-08,1
IBD032803,"Army vs Boko Haram, Adamawa",2025-07-08,2025-07-08,1
IBD032781,"Troops Kill Bandit, Plateau",2025-07-07,2025-07-07,1
IBD033518,"Cult Killing, Oyo",2025-07-07,2025-07-07,1
IBD032789,"Bandits Kill Pastor, Katsina",2025-07-07,2025-07-07,2
IBD032762,"Communal Clash, Adamawa",2025-07-07,2025-07-07,2
IBD032770,"Flood Incident, Edo",2025-07-07,2025-07-07,1
IBD032768,"Rainstorm, Kano",2025-07-07,2025-07-07,4
IBD032785,"Boy Drowns, Kogi",2025-07-07,2025-07-07,1
IBD032765,"Vigilantes vs Bandits, Plateau",2025-07-07,2025-07-07,70
IBD032801,"Soldiers vs Boko Haram, Borno",2025-07-07,2025-07-07,2
IBD032776,"Auto Crash, Ogun",2025-07-07,2025-07-07,2
IBD032821,"Undergraduate Students, Ondo",2025-07-07,2025-07-07,2
IBD032760,"Kidnappers Kill Soldier, Kogi",2025-07-07,2025-07-07,1
IBD032791,"Herdsmen Attack, Benue",2025-07-07,2025-07-07,4
IBD032759,"Auto Crash, Ogun",2025-07-07,2025-07-07,4
IBD032761,"Gunmen Attack, Ebonyi",2025-07-06,2025-07-06,2
IBD032758,"Gunmen Kill Policemen, Imo",2025-07-06,2025-07-06,2
IBD032800,"Soldiers vs Boko Haram, Borno",2025-07-06,2025-07-06,1
IBD032780,"Ritual Killing, Anambra",2025-07-06,2025-07-06,1
IBD032763,"Ghana Lady, FCT (Abuja)",2025-07-06,2025-07-06,1
IBD032748,"Auto Crash, Lagos",2025-07-06,2025-07-06,8
IBD032766,"Mob Kills Guard, FCT (Abuja)",2025-07-06,2025-07-06,2
IBD032749,"Auto Crash, Kano",2025-07-06,2025-07-06,21
IBD032767,"Man Killed, Lagos",2025-07-05,2025-07-05,1
IBD032798,"Army vs Boko Haram, Borno",2025-07-05,2025-07-05,1
IBD032764,"NAF vs Boko Haram, Borno",2025-07-05,2025-07-05,33
IBD032987,"Cultists Kill Lawyer, Rivers",2025-07-05,2025-07-05,1
IBD032799,"Soldiers vs Boko Haram, Borno",2025-07-05,2025-07-05,3
IBD032901,"Motorcyclist, Sokoto",2025-07-05,2025-07-05,1
IBD032757,"Student Union Election, Edo",2025-07-05,2025-07-05,2
IBD032751,"Domestic Violence, Rivers",2025-07-05,2025-07-05,1
IBD032746,"Auto Crash, Ogun",2025-07-04,2025-07-04,10
IBD032794,"Soldiers vs Boko Haram, Borno",2025-07-04,2025-07-04,3
IBD032756,"Gunmen Kill Police Inspector, Kaduna",2025-07-04,2025-07-04,1
IBD032796,"Soldiers vs Boko Haram, Borno",2025-07-04,2025-07-04,1
IBD032797,"Army vs Boko Haram, Borno",2025-07-04,2025-07-04,2
IBD032752,"Suspected Thief, FCT (Abuja)",2025-07-03,2025-07-03,1
IBD032773,"Boko Haram Attack, Borno",2025-07-03,2025-07-03,1
IBD032754,"Boko Haram Attack, Borno",2025-07-03,2025-07-03,10
IBD032755,"Herdsmen Attack, Benue",2025-07-03,2025-07-03,3
IBD032753,"Gunboat Mishap, Delta",2025-07-03,2025-07-03,6
IBD032737,"Police Kill Man, Abia",2025-07-03,2025-07-03,1
IBD032736,"Auto Crash, Ogun",2025-07-02,2025-07-02,1
IBD032741,"Stray Bullet, Lagos",2025-07-02,2025-07-02,1
IBD032839,"Guard, Ondo",2025-07-02,2025-07-02,1
IBD032742,"Okra Thief, Niger",2025-07-01,2025-07-01,2
IBD032729,"Auto Crash, Oyo",2025-07-01,2025-07-01,1
IBD032732,"Lakurawa Attack, Sokoto",2025-07-01,2025-07-01,15
IBD032735,"Auto Crash, Gombe",2025-07-01,2025-07-01,3
IBD032728,"Auto Crash, Ogun",2025-07-01,2025-07-01,1
IBD032730,"Boko Haram Attack, Borno",2025-07-01,2025-07-01,10
IBD032738,"Cultists vs Vigilantes, Edo",2025-07-01,2025-07-01,3
IBD032733,"Auto Crash, Ogun",2025-07-01,2025-07-01,3
IBD032750,"Domestic Violence, Jigawa",2025-07-01,2025-07-01,1
IBD032743,"Man Kills Mother, Enugu",2025-07-01,2025-07-01,1
IBD032731,"Troops Kill Terror Kingpin, Sokoto",2025-06-30,2025-06-30,1
IBD032726,"Explosion Kills 1, Kano",2025-06-30,2025-06-30,1
IBD034215,"Fire Outbreaks, Oyo",2025-06-30,2025-06-30,32
IBD032724,"Gunmen Kill 13, Anambra",2025-06-30,2025-06-30,14
IBD032745,"Vigilante Clash, Kwara",2025-06-30,2025-06-30,6
IBD032811,"Woman Dies Inside Well, Lagos",2025-06-30,2025-06-30,1
IBD034152,"Fire Outbreaks, Kebbi",2025-06-30,2025-06-30,3
IBD032721,"Banditry, Zamfara",2025-06-29,2025-06-29,189
IBD032719,"Man Killed, Ekiti",2025-06-29,2025-06-29,1
IBD032722,"Man Dies Inside Well, Kano",2025-06-29,2025-06-29,1
IBD032734,"Auto Crash, Gombe",2025-06-29,2025-06-29,2
IBD032723,"Drown, FCT (Abuja)",2025-06-29,2025-06-29,1
IBD032708,"Herdsmen vs Policemen, Benue",2025-06-29,2025-06-29,4
IBD032717,"Sex Worker, Ondo",2025-06-29,2025-06-29,1
IBD032744,"Domestic Violence, Jigawa",2025-06-29,2025-06-29,1
IBD032725,"Bike Thief, FCT (Abuja)",2025-06-29,2025-06-29,1
IBD032718,"Flood Victim, Gombe",2025-06-29,2025-07-29,4
IBD032727,"Land Dispute, Plateau",2025-06-29,2025-06-29,1
IBD033157,"Gang Kingpins Kill 4, Imo",2025-06-28,2025-06-28,4
IBD032709,"Domestic Violence, Yobe",2025-06-28,2025-06-28,1
IBD032740,"Lady Dies in Hotel, Enugu",2025-06-27,2025-06-27,1
IBD032707,"Political Crisis, Akwa Ibom",2025-06-27,2025-06-27,1
IBD032710,"Soldiers vs Bandits, Niger",2025-06-27,2025-06-27,1
IBD032715,"Lady In Gutter, Kogi",2025-06-26,2025-06-26,1
IBD032705,"NAF vs Bandits, Niger",2025-06-26,2025-06-26,40
IBD032706,"Flood Incident, Niger",2025-06-26,2025-06-26,1
IBD032747,"Parking Mall Collapse, Lagos",2025-06-26,2025-06-26,1
IBD032879,"Domestic Violence, Delta",2025-06-26,2025-06-27,1
IBD032771,"Boko Haram Landmine, Borno",2025-06-26,2025-06-26,4
IBD032713,"Bandit Kingpin, Zamfara",2025-06-25,2025-06-26,1
IBD032703,"Gunmen Kill Farmers, Plateau",2025-06-25,2025-06-25,2
IBD032688,"Boko Haram Attack, Borno",2025-06-25,2025-06-25,4
IBD032704,"Banditry, Katsina",2025-06-25,2025-06-25,20
IBD032699,"Domestic Violence, Abia",2025-06-25,2025-06-25,1
IBD032692,"Banditry, Kaduna",2025-06-25,2025-06-25,2
IBD032875,"Buffalo Kills Man, Osun",2025-06-25,2025-06-25,1
IBD032702,"Banditry, Kwara",2025-06-25,2025-06-25,1
IBD032700,"Vigilantes vs Kidnappers, FCT (Abuja)",2025-06-24,2025-06-24,1
IBD032697,"Banditry, Zamfara",2025-06-24,2025-06-24,15
IBD032690,"Bandit Attack, Kwara",2025-06-24,2025-06-24,3
IBD032691,"Bandits vs Soldiers, Kaduna",2025-06-24,2025-06-24,40
IBD032694,"Market Explosion, Imo",2025-06-24,2025-06-24,4
IBD032689,"Bandits vs Soldiers, Niger",2025-06-24,2025-06-24,59
IBD032812,"Domestic Violence, Edo",2025-06-24,2025-06-24,1
IBD032720,"Banditry, Niger",2025-06-24,2025-06-24,40
IBD032695,"Lakurawa Attack, Sokoto",2025-06-24,2025-06-24,7
IBD032698,"Banditry, Zamfara",2025-06-24,2025-06-24,100
IBD032777,"LAUTECH Undergraduate, Oyo",2025-06-24,2025-06-24,1
IBD032682,"Auto Crash, Oyo",2025-06-24,2025-06-24,8
IBD032675,"Robbers Kill Student, Niger",2025-06-23,2025-06-23,2
IBD032683,"Cultists Kill Policeman, Vigilante, Rivers",2025-06-23,2025-06-23,2
IBD032687,"Armed Robbery Victim, FCT (Abuja)",2025-06-23,2025-06-23,1
IBD032693,"Herders Kill Female Farmer, Ondo",2025-06-23,2025-06-23,1
IBD032684,"Bandits Kill Security Operatives, Zamfara",2025-06-23,2025-06-23,62
IBD032696,"Land Dispute, Cross River",2025-06-23,2025-06-23,2
IBD032711,"Murder, Anambra",2025-06-23,2025-06-23,1
IBD032681,"Herders Attack, Plateau",2025-06-23,2025-06-23,2
IBD033189,"Lakurawa Kill Policemen, Kebbi",2025-06-22,2025-06-22,2
IBD032676,"Cult Clash, Abia",2025-06-22,2025-06-22,1
IBD032685,"Kidnap Incident, Kwara",2025-06-22,2025-06-22,3
IBD032679,"Auto Crash, Imo",2025-06-22,2025-06-22,9
IBD032673,"Man Killed, Yobe",2025-06-21,2025-06-21,1
IBD032670,"2 Men Die Inside Well, Kano",2025-06-21,2025-06-21,2
IBD032654,"Explosion KIlls 5, Kano",2025-06-21,2025-06-21,5
IBD032674,"Banditry, Kaduna",2025-06-21,2025-06-21,1
IBD032653,"Boko Haram Suicide Bomber, Borno",2025-06-20,2025-06-20,13
IBD032714,"Vigilante Kill Man, Rivers",2025-06-20,2025-06-20,1
IBD032656,"Wedding Guests, Plateau",2025-06-20,2025-06-20,12
IBD032701,"Cultist Killing, Edo",2025-06-20,2025-06-20,1
IBD032678,"Fulani Herdermen Attack, Oyo",2025-06-20,2025-06-20,1
IBD032664,"Banditry, Kebbi",2025-06-20,2025-06-20,16
IBD032865,"Kidnpped Victims, Ondo",2025-06-20,2025-06-20,2
IBD032677,"Electrocution, Lagos",2025-06-20,2025-06-20,2
IBD032666,"Banditry, Kebbi",2025-06-20,2025-06-20,14
IBD032661,"Almajiris Die of Poison, Kano",2025-06-20,2025-06-20,2
IBD032657,"Gunmen Kill Hunter, Benue",2025-06-20,2025-06-20,1
IBD032827,"Auto Crash, Lagos",2025-06-20,2025-06-20,2
IBD032686,"Sex Romp, FCT (Abuja)",2025-06-19,2025-06-19,1
IBD032651,"Cult Clash, Anambra",2025-06-19,2025-06-19,2
IBD032655,"Bandits kill Police Inspector, Katsina",2025-06-19,2025-06-19,1
IBD032662,"Gunmen Kill 16, Plateau",2025-06-19,2025-06-19,13
IBD032665,"Herdsmen Attack, Plateau",2025-06-19,2025-06-19,6
IBD032663,"Herders Kill 3, Plateau",2025-06-19,2025-06-19,3
IBD032649,"Auto Crash, Niger",2025-06-19,2025-06-19,3
IBD032716,"Land Grabbers Kill Engineer, Lagos",2025-06-19,2025-06-19,1
IBD032652,"Hoodlums Kill 4, Osun",2025-06-19,2025-06-19,4
IBD032641,"NAF vs Boko Haram, Borno",2025-06-18,2025-06-18,24
IBD032637,"Banditry, Katsina",2025-06-18,2025-06-18,13
IBD032638,"Banditry, Katsina",2025-06-18,2025-06-18,1
IBD032645,"Ritual Killing, Bayelsa",2025-06-18,2025-06-18,1
IBD032635,"Girl Dies Inside Well, Oyo",2025-06-17,2025-06-17,1
IBD032634,"Woman Found Dead, FCT (Abuja)",2025-06-17,2025-06-17,1
IBD032642,"Boat Mishap, Kebbi",2025-06-17,2025-06-17,4
IBD032671,"Gunmen vs Herder, FCT, (Abuja)",2025-06-17,2025-06-17,2
IBD032669,"Gunmen Kill 2, Imo",2025-06-17,2025-06-17,2
IBD032667,"Windstorm, Sokoto",2025-06-17,2025-06-17,5
IBD032648,"Banditry, Katsina",2025-06-16,2025-06-16,24
IBD032680,"Herdsmen Kill Farmers, Nasarawa",2025-06-16,2025-06-16,4
IBD032631,"Domestic Violence, Anambra",2025-06-16,2025-06-16,1
IBD032636,"Domestic Violence, Kano",2025-06-16,2025-06-16,1
IBD032659,"Electrocution, Delta",2025-06-16,2025-06-16,1
IBD032629,"Employees Kill Farmer, Edo",2025-06-16,2025-06-16,1
IBD032660,"Electrocution, Delta",2025-06-16,2025-06-16,1
IBD032610,"Robbery Suspect, Niger",2025-06-16,2025-06-16,1
IBD033186,"Lakurawa Kill 6, Kebbi",2025-06-15,2025-06-15,6
IBD032630,"Herdsmen Attack, Enugu",2025-06-15,2025-06-15,9
IBD032626,"Residents vs Scavengers, FCT (Abuja)",2025-06-14,2025-06-14,3
IBD032643,"Soldiers vs Bandits, Plateau",2025-06-14,2025-06-18,44
IBD032620,"Auto Crash, Bauchi",2025-06-14,2025-06-14,3
IBD032647,"Building Collapse, Lagos",2025-06-14,2025-06-14,1
IBD032624,"Auto Crash, Lagos",2025-06-14,2025-06-14,1
IBD032621,"Electrocution, Gombe",2025-06-14,2025-06-14,6
IBD032633,"Motorcycle Thief, FCT (Abuja)",2025-06-14,2025-06-14,1
IBD032622,"Herdsmen Attack, Benue",2025-06-13,2025-06-14,200
IBD032628,"Boy Kills Woman, Kwara",2025-06-13,2025-06-13,1
IBD032617,"Herdsmen Attack, Benue",2025-06-12,2025-06-12,1
IBD032615,"Herdsmen Attack, Benue",2025-06-12,2025-06-12,25
IBD032614,"Vigilante Kill Boy, Anambra",2025-06-12,2025-06-12,1
IBD033090,"Phone Snatchers Kill Student, Kano",2025-06-12,2025-06-12,1
IBD032605,"Gunmen Kill 4, Plateau",2025-06-11,2025-06-11,4
IBD032602,"Banditry, Zamfara",2025-06-11,2025-06-11,6
IBD032627,"Farmer Slumps, FCT (Abuja)",2025-06-11,2025-06-11,1
IBD032601,"Banditry, Zamfara",2025-06-11,2025-06-11,11
IBD032607,"Auto Crash, Ogun",2025-06-11,2025-06-11,5
IBD033088,"Phone Snatchers Kill Man, kano",2025-06-11,2025-06-11,1
IBD032612,"Auto Crash, Ogun",2025-06-11,2025-06-11,2
IBD032609,"Auto Crash, Oyo",2025-06-11,2025-06-11,3
IBD032595,"Hotel Staff, Ekiti",2025-06-10,2025-06-10,1
IBD032613,"Building Collapse, Kwara",2025-06-10,2025-06-10,2
IBD032604,"Domestic Violence, Benue",2025-06-10,2025-06-10,1
IBD032606,"Gunmen Kill 8, Plateau",2025-06-10,2025-06-10,13
IBD032591,"Gunmen Kill 2, Plateau",2025-06-10,2025-06-10,2
IBD032600,"Banditry, Zamfara",2025-06-10,2025-06-10,12
IBD032598,"Kidnappers vs Police, Rivers",2025-06-10,2025-06-10,1
IBD032608,"Cult Violence, Ondo",2025-06-10,2025-06-10,1
IBD032599,"Windstorm, Taraba",2025-06-10,2025-06-10,6
IBD032590,"Gunmen vs Herders, Plateau",2025-06-10,2025-06-10,4
IBD032650,"Son Kill Mother, Akwa Ibom",2025-06-10,2025-06-10,1
IBD032585,"Kidnappers Kill Vigilante, Delta",2025-06-10,2025-06-10,1
IBD032594,"Hoodlums Kill Man, Gombe",2025-06-09,2025-06-09,1
IBD032586,"Herders Attack, Benue",2025-06-09,2025-06-09,1
IBD032583,"Army vs Boko Haram, Yobe",2025-06-09,2025-06-09,41
IBD032587,"Herdsmen Attack, Benue",2025-06-09,2025-06-09,3
IBD032603,"Hoodlums Kill Man, Niger",2025-06-09,2025-06-09,1
IBD032589,"Stray Bullet Kills Baby, Imo",2025-06-09,2025-06-09,1
IBD032578,"Army Major In Kidnappers Den, Kogi",2025-06-09,2025-06-09,1
IBD032623,"Auto Crash, Kaduna",2025-06-09,2025-06-09,8
IBD032581,"Herdsmen Attack, Plateau",2025-06-08,2025-06-09,3
IBD032592,"Gunmen vs Miners, Plateau",2025-06-08,2025-06-08,2
IBD032582,"Mahmuda Terrorist Attack, Kwara",2025-06-08,2025-06-08,1
IBD032569,"Auto Crash, Lagos",2025-06-08,2025-06-08,1
IBD032580,"Lakurawa Explosion, Sokoto",2025-06-08,2025-06-08,7
IBD032574,"Mosque Attack, Zamfara",2025-06-07,2025-06-07,1
IBD035051,"Friends, Kano",2025-06-07,2025-06-07,1
IBD032576,"Gunmen Kill Local Miners, Plateau",2025-06-07,2025-06-07,4
IBD032588,"Gunmen Kill Businessman, Anambra",2025-06-07,2025-06-07,1
IBD032566,"Auto Crash, Jigawa",2025-06-07,2025-06-07,9
IBD032579,"Boat Mishap, FCT (Abuja)",2025-06-07,2025-06-07,2
IBD032575,"Naval Officer, Kaduna",2025-06-07,2025-06-07,1
IBD032596,"Gunmen Kill 1, Kwara",2025-06-07,2025-06-07,1
IBD032616,"Thunder Strike, Ogun",2025-06-07,2025-06-07,1
IBD032593,"IPOB/ESN Kill 2 Drivers, Imo",2025-06-07,2025-06-07,2
IBD032560,"Soldiers vs Boko Haram, Borno",2025-06-06,2025-06-06,40
IBD032565,"Operatives vs Gang Members, Anambra",2025-06-06,2025-06-06,1
IBD032611,"Herdsmen Attack, Enugu",2025-06-06,2025-06-06,4
IBD032577,"Mob vs Suspect, Ogun",2025-06-06,2025-06-06,2
IBD032567,"Man Dies Inside Well, Kwara",2025-06-06,2025-06-06,1
IBD032597,"Gunmen Attack, Plateau",2025-06-05,2025-06-05,5
IBD032563,"Undergraduate Student, Anambra",2025-06-05,2025-06-05,1
IBD032559,"Soldiers vs Boko Haram, Borno",2025-06-05,2025-06-05,40
IBD032564,"Gunmen vs Vigilantes, Anambra",2025-06-05,2025-06-05,1
IBD032568,"Soldiers vs Boko Haram, Borno",2025-06-05,2025-06-06,20
IBD032561,"Herdsmen Attack, Imo",2025-06-04,2025-06-04,5
IBD032549,"Police vs Kidnappers, Delta",2025-06-04,2025-06-04,4
IBD032558,"Cult Killing, Rivers",2025-06-04,2025-06-04,2
IBD032572,"Auto Crash, FCT (Abuja)",2025-06-04,2025-06-04,4
IBD032555,"Gunmen vs Police Orderlies, Kwara",2025-06-04,2025-06-04,2
IBD032556,"Gunmen Kill Man, Oyo",2025-06-03,2025-06-03,1
IBD032543,"Mahmuda Terrorists KIill 3, Kwara",2025-06-03,2025-06-03,4
IBD032571,"Kidnappers, Plateau",2025-06-03,2025-06-03,5
IBD032557,"Land Dispute, Anambra",2025-06-03,2025-06-03,2
IBD032553,"Fulani Herdsmen Attack, Benue",2025-06-03,2025-06-03,1
IBD032646,"Banditry, Plateau",2025-06-03,2025-06-03,1
IBD032548,"Domestic Violence, Niger",2025-06-03,2025-06-03,1
IBD032562,Kidnappers vs Policemen Delta,2025-06-03,2025-06-03,5
IBD032544,"Man Kills Neighbour, Ebonyi",2025-06-02,2025-06-02,1
IBD032550,"Soldiers vs Bandits, Niger",2025-06-02,2025-06-02,45
IBD032552,"Farmers vs Herders, Niger",2025-06-02,2025-06-02,1
IBD032545,"Boat Accident, Sokoto",2025-06-02,2025-06-02,7
IBD032547,"Man Falls From Storey Building, Oyo",2025-06-02,2025-06-02,1
IBD032546,"Sand Heap Collapse, Kaduna",2025-06-02,2025-06-02,11
IBD032527,"Boko Haram Attack, Borno",2025-06-01,2025-06-01,9
IBD032535,"Political Issue, Ebonyi",2025-06-01,2025-06-01,1
IBD032132,"Herdsmen Attack, Benue",2025-06-01,2025-06-01,21
IBD032584,"Ritual, Enugu",2025-06-01,2025-06-01,4
IBD032537,"Herdsmen Attack, Benue",2025-06-01,2025-06-01,24
IBD032532,"Auto Crash, Lagos",2025-06-01,2025-06-01,1
IBD032554,"Banditry, Plateau",2025-06-01,2025-06-03,3
IBD032540,"Cult Clash, Osun",2025-06-01,2025-06-01,1
IBD032534,"Auto Crash, Delta",2025-06-01,2025-06-01,5
IBD032541,"Cult Clash, Rivers",2025-06-01,2025-06-01,1
IBD032536,"Electrocusion, Rivers",2025-06-01,2025-06-01,5
IBD032538,"Land Investor, Imo",2025-06-01,2025-06-01,1
IBD032530,"Banditry, Zamfara",2025-05-31,2025-05-31,3
IBD032521,"Auto Crash, Kano",2025-05-31,2025-05-31,22
IBD032533,"Hotel Guest, Bayelsa",2025-05-31,2025-05-31,1
IBD032644,"Banditry, Plateau",2025-05-31,2025-05-31,3
IBD032524,"5 Drown, Abia",2025-05-31,2025-05-31,5
IBD032531,"Boy Killed, Ekiti",2025-05-31,2025-05-31,1
IBD032551,"Cult Clash, Delta",2025-05-31,2025-05-31,2
IBD032539,"Miliatry Air Strike, Zamfara",2025-05-31,2025-05-31,25
IBD032525,"Army vs Boko Haram/ISWAP, Borno",2025-05-30,2025-05-30,42
IBD032570,"Flood/Landslide, Rivers",2025-05-30,2025-05-30,25
IBD032519,"Auto Crash, Ogun",2025-05-29,2025-05-29,1
IBD032619,"Bolt Driver, Bayelsa",2025-05-29,2025-05-29,1
IBD032516,"Flooding, Niger",2025-05-29,2025-05-29,440
IBD032517,"Police vs Kidnapper, Rivers",2025-05-29,2025-05-29,1
IBD032526,"Herdsmen Attack, Benue",2025-05-29,2025-05-29,9
IBD032523,"Auto Crash, Akwa Ibom",2025-05-28,2025-05-28,6
IBD032514,"Billboard Kills Commuter, Abia",2025-05-28,2025-05-28,1
IBD032511,"Auto Crash, Ogun",2025-05-28,2025-05-28,3
IBD032513,"Auto Crash, Ondo",2025-05-28,2025-05-28,2
IBD032518,"Young Graduate, Bayelsa",2025-05-28,2025-05-28,1
IBD032573,"Kidnappers, Plateau",2025-05-27,2025-05-27,1
IBD032502,"Soldiers vs Boko Haram, Borno",2025-05-27,2025-05-27,37
IBD032515,"Soldiers vs Bandits, Niger",2025-05-27,2025-05-27,42
IBD032506,"Soldiers vs Boko Haram, Borno",2025-05-27,2025-05-27,20
IBD032529,"Police vs Kidnappers, Delta",2025-05-27,2025-05-27,3
IBD032512,"Army vs Bandits, Plateau",2025-05-27,2025-05-27,3
IBD032501,"Building collapse, Lagos",2025-05-27,2025-05-27,3
IBD032508,"Cult Clash, Ondo",2025-05-27,2025-05-27,5
IBD032510,"Gunmen vs Herders, FCT (Abuja)",2025-05-27,2025-05-27,2
IBD032520,"Security Operative vs Teenager, Lagos",2025-05-27,2025-05-27,1
IBD032494,"Suicide Bomber, FCT",2025-05-26,2025-05-26,1
IBD032739,"Undergraduate Student, Kogi",2025-05-26,2025-05-26,1
IBD032503,"Troop Killed Bandits, Taraba",2025-05-26,2025-05-26,1
IBD032500,"Auto Crash, Ogun",2025-05-26,2025-05-26,1
IBD032505,"Work-related Death, Ogun",2025-05-26,2025-05-26,1
IBD032509,"Ritual Killing, Enugu",2025-05-26,2025-05-26,2
IBD032522,"Power Surge Kills One, Plateau",2025-05-25,2025-05-25,1
IBD032504,"Herdsmen Attack, Plateau",2025-05-25,2025-05-25,8
IBD032495,"Auto Crash, Kogi",2025-05-25,2025-05-25,19
IBD033690,"Man Dies from Drinking Concoction, FCT (Abuja)",2025-05-25,2025-05-25,1
IBD032528,"Baby Dumped Inside Well, Kwara",2025-05-25,2025-05-25,1
IBD032497,"Mob vs DPO, Kano",2025-05-25,2025-05-25,2
IBD032479,"Domestic Violence, Katsina",2025-05-24,2025-05-24,1
IBD032485,"Domestic Violence, Lagos",2025-05-24,2025-05-24,1
IBD032483,"Palace Guard, Jigawa",2025-05-24,2025-05-24,1
IBD032486,"Herders Kill 3, Benue",2025-05-24,2025-05-24,3
IBD032498,"Auto Crash, Niger",2025-05-24,2025-05-24,2
IBD032496,"Auto Crash, Benue",2025-05-24,2025-05-24,7
IBD032499,"Herdsmen Attack, Benue",2025-05-24,2025-05-25,31
IBD032481,"Banditry, Katsina",2025-05-24,2025-05-24,5
IBD032476,"Army vs IPOB/ESN, Abia",2025-05-23,2025-05-23,1
IBD032477,"Herdsmen Attack, Taraba",2025-05-23,2025-05-23,38
IBD032474,"Banditry, Katsina",2025-05-23,2025-05-23,18
IBD032471,"Soldiers vs Boko Haram, Borno",2025-05-23,2025-05-23,16
IBD032475,"Soldiers vs Bandits, Plateau",2025-05-23,2025-05-23,1
IBD032489,"Police vs Kidnappers, Enugu",2025-05-23,2025-05-23,1
IBD032482,"Auto Crash, Ogun",2025-05-23,2025-05-23,1
IBD032469,"Food Poison, Katsina",2025-05-22,2025-05-22,4
IBD032472,"Domestic Violence, Borno",2025-05-22,2025-05-22,1
IBD032668,"Ritual Killing, Taraba",2025-05-22,2025-05-22,1
IBD032473,"Gunmen Kill 4, Anambra",2025-05-22,2025-05-22,4
IBD032490,"Electrocution, Osun",2025-05-22,2025-05-22,1
IBD032507,"Mob vs Teenager, Imo",2025-05-21,2025-05-21,1
IBD032487,"Kidnapper Kill Man, Imo",2025-05-21,2025-05-21,1
IBD032493,"Protesters, FCT",2025-05-21,2025-05-21,1
IBD032491,"Men Drown, Kano",2025-05-21,2025-05-21,2
IBD032484,"Cult Killing, Lagos",2025-05-21,2025-05-21,1
IBD032468,"Herders vs Soldiers, Benue",2025-05-21,2025-05-21,4
IBD032450,"Extrajudicial Killing, Oyo",2025-05-20,2025-05-20,1
IBD032455,"Police vs Robber, FCT (Abuja)",2025-05-20,2025-05-20,1
IBD032452,"Auto Crash, Ogun",2025-05-20,2025-05-20,1
IBD032467,"Flooding, Lagos",2025-05-20,2025-05-20,1
IBD032459,"Herdsmen Attack, Kogi",2025-05-20,2025-05-20,1
IBD032470,"NUPENG Worker, Enugu",2025-05-20,2025-05-20,1
IBD032453,"Fulani Herdsmen Attack, Plateau",2025-05-20,2025-05-20,1
IBD032458,"Motorcyclist, Ondo",2025-05-20,2025-05-20,1
IBD032451,"Kidnappers Kill Woman, Edo",2025-05-20,2025-05-20,1
IBD032325,"Domestic Violence, Edo",2025-05-19,2025-05-19,1
IBD032448,"Herdsmen Attack, Benue",2025-05-19,2025-05-19,1
IBD032454,"Catholic Priest Dies, Anambra",2025-05-19,2025-05-19,1
IBD032449,"Herdsmen Attack, Benue",2025-05-19,2025-05-19,3
IBD032457,"Herders Shot Dead, Plateau",2025-05-19,2025-05-19,2
IBD033889,"Land Issues, Delta",2025-05-19,2025-05-19,2
IBD032444,"Auto Crash, FCT (Abuja)",2025-05-18,2025-05-18,20
IBD032436,"Building Collapse, Lagos",2025-05-18,2025-05-18,1
IBD032445,"Herdsmen Attack, Delta",2025-05-18,2025-05-18,1
IBD032422,"Extrajudicial Killing, Edo",2025-05-18,2025-05-18,1
IBD032462,"Cult Clash, Bayelsa",2025-05-18,2025-05-18,1
IBD032427,"Auto Crash, Niger",2025-05-18,2025-05-18,7
IBD032440,"Gunmen Kill Soldier, Anambra",2025-05-18,2025-05-18,1
IBD032877,"Soldiers vs Bandits, Sokoto",2025-05-18,2025-05-18,1
IBD032432,"Domestic Violence, Enugu",2025-05-17,2025-05-17,1
IBD032441,"Communal Clash, Niger",2025-05-17,2025-05-17,1
IBD032447,"Domestic Violence, Abia",2025-05-17,2025-05-17,3
IBD032430,"Banditry, Kebbi",2025-05-17,2025-05-17,15
IBD032428,"Auto Crash, Ogun",2025-05-17,2025-05-17,2
IBD032461,"Cult Killing, Bayelsa",2025-05-17,2025-05-17,1
IBD032429,"Gunmen Kill 3, Kogi",2025-05-17,2025-05-17,3
IBD032438,"Banditry, Kogi",2025-05-17,2025-05-17,4
IBD032421,"Fulani Herdsmen Attack, Benue",2025-05-17,2025-05-17,15
IBD032417,"Pastor Kills Four Siblings, Enugu",2025-05-17,2025-05-17,4
IBD032431,"Banditry, Zamfara",2025-05-17,2025-05-17,4
IBD032423,"Banditry, Katsina",2025-05-17,2025-05-17,17
IBD032439,"Islamic Cleric, Kano",2025-05-17,2025-05-17,1
IBD032418,"Gas Explosion, Anambra",2025-05-16,2025-05-16,1
IBD032425,"Gunmen vs APC Chairman, Ondo",2025-05-16,2025-05-16,1
IBD032442,"Decomposed Body, FCT (Abuja)",2025-05-16,2025-05-16,1
IBD032464,"Cult Killing, Bayelsa",2025-05-16,2025-05-16,1
IBD032409,"Extrajudicial Killing, Benue",2025-05-16,2025-05-16,1
IBD032437,"Hoodlums Clash, Niger",2025-05-15,2025-05-16,2
IBD032410,"Boy Drowns, FCT (Abuja)",2025-05-15,2025-05-15,1
IBD032408,"Gunmen Attack, Anambra",2025-05-15,2025-05-15,2
IBD032412,"Boko Haram Attack, Borno",2025-05-15,2025-05-15,23
IBD032426,"Boat Mishap, Kwara",2025-05-15,2025-05-15,32
IBD032413,"Banditary, Taraba",2025-05-15,2025-05-15,2
IBD032419,"Army vs Bandits, Plateau",2025-05-15,2025-05-15,2
IBD032411,"Gunmen vs Police Officers, Anambra",2025-05-15,2025-05-15,2
IBD032478,"Kidnap Victim, Sokoto",2025-05-15,2025-05-15,1
IBD032400,"Herdsmen Attack, Benue",2025-05-14,2025-05-14,3
IBD032398,"Herdsmen Attack, Benue",2025-05-14,2025-05-14,8
IBD032406,"Electrocution, Jigawa",2025-05-14,2025-05-14,1
IBD032407,"Gunmen Attack, Plateau",2025-05-14,2025-05-14,8
IBD032414,"Farmers vs Herders, Yobe",2025-05-14,2025-05-14,1
IBD032415,"Assailants vs Chieftain, Adamawa",2025-05-14,2025-05-14,1
IBD032402,"Football Match, Abia",2025-05-14,2025-05-14,1
IBD032397,"Gunmen Attack, Plateau",2025-05-14,2025-05-14,1
IBD032404,"Gunmen Attack, Plateau",2025-05-13,2025-05-13,3
IBD032405,"Gunmen Attack, Taraba",2025-05-13,2025-05-13,3
IBD032424,"Cult Killing, Lagos",2025-05-13,2025-05-13,1
IBD032387,"Boko Haram Attack, Borno",2025-05-13,2025-05-13,5
IBD032480,"Domestic Violence, Kaduna",2025-05-13,2025-05-13,1
IBD032466,"Suspected Ritual Killing, Ondo",2025-05-13,2025-05-13,1
IBD032395,"Army vs Bandits, Plateau",2025-05-13,2025-05-13,2
IBD032393,"Explosion, Anambra",2025-05-13,2025-05-13,3
IBD009529,"Hospital Negligence, Bauchi",2025-05-13,2025-05-13,1
IBD032392,"Auto Crash, Lagos",2025-05-12,2025-05-12,1
IBD032385,"Auto Crash, Rivers",2025-05-12,2025-05-12,6
IBD032374,"Gunmen Attack, Benue",2025-05-12,2025-05-12,2
IBD032394,"Kidnappers Kill 3, FCT (Abuja)",2025-05-12,2025-05-12,3
IBD032371,"Boko Haram Attack, Borno",2025-05-12,2025-05-12,4
IBD032391,"Banditry, Zamfara",2025-05-12,2025-05-12,25
IBD032390,"Cult Clash, Bayelsa",2025-05-12,2025-05-12,1
IBD032403,"Mob vs Motorcycle Thief, FCT ( Abuja)",2025-05-12,2025-05-12,1
IBD032373,"Boko Haram Explosion, Borno",2025-05-12,2025-05-12,2
IBD032488,"Land DIspute, Imo",2025-05-12,2025-05-12,1
IBD032401,"Communal Clash, Cross River",2025-05-12,2025-05-12,2
IBD032377,"Ex-Minister Dies, Lagos",2025-05-11,2025-05-11,1
IBD032460,"Domestic Violence, Oyo",2025-05-11,2025-05-11,1
IBD032372,"Herdsmen Attack, Benue",2025-05-11,2025-05-11,6
IBD032383,"Boy Drowns, Sokoto",2025-05-11,2025-05-11,1
IBD032366,"Auto Crash, Lagos",2025-05-11,2025-05-11,2
IBD032399,"Auto Crash, FCT (Abuja)",2025-05-11,2025-05-11,3
IBD032396,"Assailant vs Man, Kogi",2025-05-11,2025-05-11,1
IBD032463,"Cult Killing, Bayelsa",2025-05-11,2025-05-11,1
IBD032375,"Soldiers vs Boko Haram, Borno",2025-05-11,2025-05-11,10
IBD032370,"Cult Clash, Rivers",2025-05-10,2025-05-10,2
IBD032384,"Gunmen Attack, Zamfara",2025-05-10,2025-05-10,1
IBD032381,"Soldiers vs Bandits, Kaduna",2025-05-10,2025-05-10,2
IBD032435,"Extrajudicial Killing, Imo",2025-05-10,2025-05-10,1
IBD032379,"Man Dies, FCT (Abuja)",2025-05-10,2025-05-10,1
IBD032378,"Man vs Sister's Boyfriend, Kano",2025-05-09,2025-05-09,1
IBD032367,"Herdsmen Attack, Benue",2025-05-09,2025-05-09,6
IBD032456,"Banker, Lagos",2025-05-09,2025-05-09,1
IBD032368,"Herdsmen Attack, Benue",2025-05-09,2025-05-09,3
IBD032359,"Ritual Killing, Ogun",2025-05-08,2025-05-08,1
IBD032369,"Cult Clash, Bayelsa",2025-05-08,2025-05-10,3
IBD032363,"Gunmen vs Travellers, Imo",2025-05-08,2025-05-08,11
IBD032357,"Herdsmen vs Traditional Ruler, Benue",2025-05-07,2025-05-07,1
IBD032353,"Boko Harm vs Security Operatives, Borno",2025-05-07,2025-05-07,7
IBD032358,"Auto Crash, Ogun",2025-05-07,2025-05-07,1
IBD033050,"Kidnappers Kill 2, Ekiti",2025-05-07,2025-05-07,2
IBD032361,"Found Dead, Osun",2025-05-07,2025-05-07,1
IBD032350,"Gunmen Attack, Benue",2025-05-06,2025-05-06,3
IBD032354,"Food Poisoning, Anambra",2025-05-06,2025-05-06,5
IBD032389,"Man vs Fun Seeker, Lagos",2025-05-06,2025-05-06,1
IBD032349,"Gunmen Attack, Benue",2025-05-06,2025-05-06,4
IBD032365,"Herder vs Driver, Imo",2025-05-06,2025-05-06,1
IBD032347,"Auto Crash, Lagos",2025-05-06,2025-05-06,1
IBD032362,"Police vs Drug Lord, Niger",2025-05-06,2025-05-06,1
IBD032639,"Extrajudicial Killing, Imo",2025-05-06,2025-05-06,1
IBD032360,"Gunmen vs Police Inspector, Rivers",2025-05-06,2025-05-06,1
IBD032355,"Domestic Violence, Akwa Ibom",2025-05-06,2025-05-06,1
IBD032342,"Herders vs Student, Kogi",2025-05-05,2025-05-05,1
IBD032345,"Landlord's Son vs Tenant, Ondo",2025-05-05,2025-05-05,1
IBD032346,Banditry Zamfara,2025-05-05,2025-05-05,12
IBD032330,"Bandits vs Vigilantes, Niger",2025-05-05,2025-05-05,2
IBD032351,"Domestic Violence, Kano",2025-05-05,2025-05-05,1
IBD032343,"Domestic Violence, Jigawa",2025-05-05,2025-05-05,1
IBD032348,"Herdsmen vs Farmers, Benue",2025-05-05,2025-05-05,6
IBD032344,"Armed Robbers vs Man, Kano",2025-05-05,2025-05-05,1
IBD032341,"Herders Kill 6, Plateau",2025-05-05,2025-05-05,7
IBD032328,"Children Die Inside Vehicle, Nasarawa",2025-05-04,2025-05-04,5
IBD032331,"Herdsmen Attack, Benue",2025-05-04,2025-05-04,2
IBD032337,"Cultist Kill Car Wash Operator, Edo",2025-05-04,2025-05-04,1
IBD032420,"Cult Killing, Bayelsa",2025-05-03,2025-05-03,2
IBD032320,"Auto Crash, Cross River",2025-05-03,2025-05-03,5
IBD032329,"Soldier Kill Bandits, Taraba",2025-05-03,2025-05-03,1
IBD032338,"Herdsmen Attack, Benue",2025-05-03,2025-05-03,1
IBD032326,"Police vs Bandits, Benue",2025-05-03,2025-05-03,3
IBD032327,"Bandits vs Vigilantes, Bauchi",2025-05-03,2025-05-03,18
IBD032322,"Auto Crash, Lagos",2025-05-03,2025-05-03,1
IBD032340,"Cult Attack, Akwa Ibom",2025-05-03,2025-05-03,1
IBD032273,"Gunmen Kill Vulcanizer, Edo",2025-05-02,2025-05-02,1
IBD032324,"Domestic Violence, Lagos",2025-05-02,2025-05-02,1
IBD032316,"Boko Haram vs Soldiers, Yobe",2025-05-02,2025-05-02,4
IBD032314,"Army vs Bandit Leaders, Zamafra",2025-05-01,2025-05-01,5
IBD032323,"Auto Crash, FCT (Abuja)",2025-05-01,2025-05-01,1
IBD032313,"Gunmen vs Ex-council chairman, Bauchi",2025-05-01,2025-05-01,2
IBD032465,"Man Kills Another, Oyo",2025-05-01,2025-05-01,1
IBD032304,"Communal Clash, Osun",2025-05-01,2025-05-01,2
IBD032364,"Gunmen Attack, Benue",2025-05-01,2025-05-01,4
IBD032321,"Gunmen vs Policemen, Enugu",2025-05-01,2025-05-01,2
IBD032318,"Lakurawa Bandits vs Hunters, Sokoto",2025-05-01,2025-05-01,12
IBD032305,"Amotekun Operative, Osun",2025-04-30,2025-04-30,1
IBD032302,"Auto Crash, Ogun",2025-04-30,2025-04-30,5
IBD032308,"Kidnappers Kill 2, Ogun",2025-04-30,2025-04-30,2
IBD032306,"Vigilante vs Student, Delta",2025-04-30,2025-04-30,1
IBD032295,"Auto Crash, Edo",2025-04-29,2025-04-29,2
IBD032298,"Boko Haram Attack, Borno",2025-04-28,2025-04-28,15
IBD032289,"Boko Haram/ISWAP Attack, Borno",2025-04-28,2025-04-28,16
IBD032310,"Cult Clash, Lagos",2025-04-28,2025-04-28,1
IBD032291,"Boko Haram Attack, Borno",2025-04-28,2025-04-28,11
IBD032297,"Boko Haram Landmine, Borno",2025-04-28,2025-04-28,2
IBD032133,"Cult Clash, Benue",2025-04-27,2025-04-27,6
IBD032290,"Herdsmen Attack, Nasarawa",2025-04-27,2025-04-27,2
IBD032288,"Cult Clash, Delta",2025-04-27,2025-04-27,2
IBD032335,"Boko Haram Attack, Borno",2025-04-27,2025-04-27,2
IBD032284,"Auto Crash, Anambra",2025-04-27,2025-04-27,8
IBD032315,"Boko Haram vs Fishermen, Borno",2025-04-27,2025-04-27,18
IBD032271,"Auto Crash, Lagos",2025-04-27,2025-04-27,1
IBD032278,"Boko Haram vs Hunters, Adamawa",2025-04-26,2025-04-26,12
IBD032332,"Domestic Violence, Jigawa",2025-04-26,2025-04-26,1
IBD032265,"Fuel Explosion, Rivers",2025-04-26,2025-04-26,5
IBD032279,"Scrap Merchant, Kwara",2025-04-26,2025-04-26,3
IBD032264,"Banditry, Sokoto",2025-04-25,2025-04-25,3
IBD032283,"Assailant vs Businessman, Edo",2025-04-25,2025-04-25,1
IBD032262,"Gunmen Attack, Benue",2025-04-25,2025-04-25,7
IBD034835,"Kidnapped Victim, Akwa Ibom",2025-04-25,2025-04-25,1
IBD032672,"Domestic Violence, Edo",2025-04-25,2025-04-25,1
IBD032336,"Man vs Friend, Adamawa",2025-04-25,2025-04-25,1
IBD032276,"Gunmen Attack, Anambra",2025-04-25,2025-04-25,1
IBD032266,"Boko Haram Attack, Borno",2025-04-25,2025-04-26,12
IBD032285,"Cult Clash, Edo",2025-04-25,2025-04-28,7
IBD032277,"Auto Crash, Oyo",2025-04-25,2025-04-25,2
IBD032280,"Medical Negligence, FCT (Abuja)",2025-04-25,2025-04-25,1
IBD032270,"Communal Clash, Ebonyi",2025-04-24,2025-04-24,1
IBD032286,"Boko Haram Attack, Borno",2025-04-24,2025-04-24,15
IBD032275,"Banditry, Zamfara",2025-04-24,2025-04-24,28
IBD032274,"Cult Killing, Bayelsa",2025-04-24,2025-04-24,1
IBD032263,"Mysterious Death, Ebonyi",2025-04-24,2025-04-24,2
IBD032252,"Electrocution, Oyo",2025-04-23,2025-04-23,1
IBD032258,"Auto Crash, Ogun",2025-04-23,2025-04-23,1
IBD032253,"Gunmen Kill Man, Nasarawa",2025-04-23,2025-04-23,1
IBD032243,"Herdsmen Attack, Plateau",2025-04-23,2025-04-23,2
IBD032257,"Gunmen Kill Youth Leader, Benue",2025-04-23,2025-04-23,1
IBD032260,"Domestic Violence, Jigawa",2025-04-23,2025-04-23,1
IBD032259,"Reverend Sister, Rivers",2025-04-23,2025-04-23,1
IBD032239,"Cult Killing, Lagos",2025-04-22,2025-04-22,1
IBD032238,"Police vs Armed Robber, Kano",2025-04-22,2025-04-22,1
IBD032233,"Herdsmen Attack, Benue",2025-04-22,2025-04-22,11
IBD032255,"Herders Kill 2, Guma",2025-04-22,2025-04-22,2
IBD032240,"Male Corpse, Kwara",2025-04-22,2025-04-22,1
IBD032246,"Banditry, Zamfara",2025-04-22,2025-04-22,3
IBD032230,"Accidental Discharge, Kaduna",2025-04-22,2025-04-22,2
IBD032248,"Banditry, Zamfara",2025-04-22,2025-04-22,7
IBD032229,"Auto Crash, Kogi",2025-04-21,2025-04-21,6
IBD032232,"Police vs Kidnappers/Pirates, Rivers (Offshore)",2025-04-21,2025-04-21,4
IBD032241,"Cult Clash, Lagos",2025-04-21,2025-04-21,1
IBD032249,"Herder Killed, Plateau",2025-04-21,2025-04-21,1
IBD032267,"Police vs Kidnappers, Delta",2025-04-21,2025-04-21,5
IBD032221,"Scavenger Kills Man, Ondo",2025-04-21,2025-04-21,1
IBD032236,"Rainstorm, Kwara",2025-04-21,2025-04-21,1
IBD032220,"Auto Crash, Gombe",2025-04-21,2025-04-21,9
IBD032231,"Government Aide, Delta",2025-04-20,2025-04-20,1
IBD032235,"Cult Clash, Bayelsa",2025-04-20,2025-04-20,4
IBD032227,"Gunmen Kill 6, Kwara",2025-04-20,2025-04-20,6
IBD032416,"Hospital Negligence, Lagos",2025-04-20,2025-04-15,1
IBD032244,"Bank Driver, Niger",2025-04-20,2025-04-20,1
IBD032225,"Water Treatment Workers, Bauchi",2025-04-20,2025-04-20,4
IBD032245,"Auto Crash, FCT (Abuja)",2025-04-20,2025-04-20,1
IBD032222,"Auto Crash, Ogun",2025-04-20,2025-04-20,1
IBD032228,"Vigilante vs Bandits, Kwara",2025-04-20,2025-04-20,1
IBD032206,"Auto Crash, Ondo",2025-04-19,2025-04-19,3
IBD032224,"Communal Clash, Benue",2025-04-19,2025-04-19,6
IBD032268,"Assailant vs Woman, Oyo",2025-04-19,2025-04-19,1
IBD032223,"Vigilantes vs Bandits, Sokoto",2025-04-19,2025-04-19,1
IBD032237,"Beheaded Bodies, Lagos",2025-04-19,2025-04-19,2
IBD032234,"Domestic Violence, Ogun",2025-04-19,2025-04-19,1
IBD032208,"Building Collapse, Lagos",2025-04-19,2025-04-19,7
IBD032201,"Auto Crash, Osun",2025-04-19,2025-04-19,5
IBD032446,"Police vs Armed Robber, Delta",2025-04-19,2025-04-19,1
IBD032272,"Kidnappers vs Vigilante, Edo",2025-04-19,2025-04-19,1
IBD032256,"Cult Killing, Kwara",2025-04-19,2025-04-19,8
IBD032250,"Boy Dies, FCT (Abuja)",2025-04-19,2025-04-19,1
IBD032251,"Gunmen Kill Hunter, FCT (Abuja)",2025-04-19,2025-04-19,1
IBD032209,"Herdsmen Attack, Benue",2025-04-18,2025-04-18,27
IBD032210,"Sex Romp, Kogi",2025-04-18,2025-04-18,2
IBD032212,"Auto Crash, FCT (Abuja)",2025-04-18,2025-04-18,5
IBD032218,"Baby Killed, Borno",2025-04-18,2025-04-18,1
IBD032242,"Corpse Found, Cross River",2025-04-18,2025-04-18,1
IBD032215,"Auto Crash, Lagos",2025-04-18,2025-04-18,3
IBD032281,"Labourer vs Man, Ondo",2025-04-18,2025-04-18,1
IBD032219,"Rainstorm, Kwara",2025-04-18,2025-04-18,1
IBD031681,"Food Poisoning, Imo",2025-04-18,2025-04-18,2
IBD032204,"Electrocution, Osun",2025-04-18,2025-04-18,1
IBD032207,"Herdsmen Attack, Benue",2025-04-18,2025-04-18,28
IBD032254,"Auto Crash/Inferno, FCT (Abuja)",2025-04-17,2025-04-19,2
IBD032307,"Extra-Judicial Killing, Rivers",2025-04-17,2025-04-17,1
IBD032287,"Gunmen Attack, Kano",2025-04-17,2025-04-17,2
IBD032217,"Siblings Drown, Nasarawa",2025-04-17,2025-04-17,2
IBD032226,"Police vs Robber, Gombe",2025-04-17,2025-04-17,1
IBD032211,"Auto Crash, Ogun",2025-04-16,2025-04-16,2
IBD032213,"Vigilantes vs Mahmuda Terrorists, Kwara",2025-04-16,2025-04-16,15
IBD032247,"Police vs Kidnapper, Edo",2025-04-16,2025-04-16,1
IBD032198,"Terrorists vs Police Officer, Katsina",2025-04-16,2025-04-16,9
IBD032319,"Suspect Dies in Custody, Kebbi",2025-04-16,2025-04-16,1
IBD032186,"Banditry, Zamfara",2025-04-15,2025-04-15,4
IBD032214,"Boko Haram Attack, Borno",2025-04-15,2025-04-15,7
IBD033599,"Inferno, FCT (Abuja)",2025-04-15,2025-04-15,8
IBD032190,"Boko Haram Explosion, Adamawa",2025-04-15,2025-04-15,7
IBD032184,"Herdsmen Attack, Benue",2025-04-15,2025-04-15,14
IBD032181,"Inferno, Ondo",2025-04-15,2025-04-15,1
IBD032196,"Army vs Boko Haram, Borno",2025-04-15,2025-04-15,40
IBD032382,"Piracy, Bayelsa (Offshore)",2025-04-15,2025-04-15,1
IBD032191,"Cult Clash, Anambra",2025-04-15,2025-04-15,2
IBD032187,"Banditry, Zamfara",2025-04-15,2025-04-15,1
IBD032193,"Extrajudicial Killing, Anambra",2025-04-15,2025-04-15,1
IBD032180,"Auto Crash, Ondo",2025-04-15,2025-04-15,2
IBD032165,"Electrocution, Lagos",2025-04-15,2025-04-15,1
IBD032183,"Banditry, Taraba",2025-04-14,2025-04-14,2
IBD032195,"Kidnap Victim, Edo",2025-04-14,2025-04-14,1
IBD032178,"Miners Killed, Niger",2025-04-14,2025-04-14,3
IBD032205,"Gunmen Attack, Plateau",2025-04-14,2025-04-14,2
IBD032173,"Auto Crash, Bauchi",2025-04-13,2025-04-13,1
IBD032177,"Auto Crash, Ebonyi",2025-04-13,2025-04-13,2
IBD032176,"Gunmen Kill 51, Plateau",2025-04-13,2025-04-14,51
IBD032174,"Mob vs Motorcycle Thief, Benue",2025-04-13,2025-04-13,1
IBD032171,"Electrocution, Osun",2025-04-12,2025-04-12,1
IBD032170,"Auto Crash, Lagos",2025-04-12,2025-04-12,1
IBD032162,"Sorcery, Ogun",2025-04-12,2025-04-12,1
IBD032188,"Gunmen vs Vigilante, FCT (Abuja)",2025-04-12,2025-04-12,1
IBD032189,"Army vs Bandit Leader, Plateau",2025-04-12,2025-04-12,1
IBD032164,"Boko Haram Attack, Borno",2025-04-12,2025-04-12,9
IBD032169,"Explosion, Lagos",2025-04-12,2025-04-12,2
IBD032203,"Soldiers vs Gunmen, Kaduna",2025-04-11,2025-04-13,10
IBD032166,"Army vs Bandits, Plateau",2025-04-11,2025-04-11,1
IBD032202,"Soldiers vs Gunmen, Plateau",2025-04-11,2025-04-13,10
IBD032172,"Gunmen vs NSCDC Officers, Bayelsa",2025-04-11,2025-04-11,1
IBD032163,"Father and Children Killed, Plateau",2025-04-11,2025-04-11,3
IBD032175,"Domestic Violence, Anambra",2025-04-11,2025-04-11,1
IBD032161,"Banditry, Katsina",2025-04-10,2025-04-10,6
IBD032185,"Corpse Found, Plateau",2025-04-10,2025-04-10,1
IBD032200,"Army vs Bandits, Zamfara",2025-04-10,2025-04-14,5
IBD032156,"Auto Crash, Ogun",2025-04-10,2025-04-10,1
IBD032194,"Extrajudicial Killing, Ondo",2025-04-10,2025-04-10,1
IBD032160,"Banditry, Katsina",2025-04-10,2025-04-10,101
IBD032159,"Security Operatives vs Bandits, Katsina",2025-04-10,2025-04-10,5
IBD032197,"Soldiers vs Boko Haram, Borno",2025-04-10,2025-04-14,10
IBD035405,"Communal Clash, Oyo",2025-04-10,2025-04-10,1
IBD032192,"Wheelbarrow Pusher, Nasarawa",2025-04-10,2025-04-10,1
IBD032199,"Army vs Bandits, Zamfara",2025-04-10,2025-04-14,10
IBD032157,"Land Dispute, Oyo",2025-04-10,2025-04-10,1
IBD032149,"Assailants Kills 3, Benue",2025-04-09,2025-04-09,6
IBD032143,"Cultists vs Youth Leader, Rivers",2025-04-09,2025-04-09,1
IBD032158,"Boat Mishap, Niger",2025-04-09,2025-04-09,14
IBD032148,"Mob vs Man, Bauchi",2025-04-09,2025-04-09,1
IBD032141,"Herdsmen vs Farmers, Benue",2025-04-09,2025-04-09,2
IBD032150,"Man Drowns, Ogun",2025-04-09,2025-04-09,1
IBD032153,"Police vs Armed Robbers, Kaduna",2025-04-09,2025-04-09,3
IBD032135,"Kidnappers Kill Herder, Kebbi",2025-04-08,2025-04-08,1
IBD032144,"Decomposed Bodies, Ondo",2025-04-08,2025-04-08,3
IBD032152,"2 Women Drown, Kano",2025-04-08,2025-04-08,2
IBD032142,"Lightning Kills 3, Imo",2025-04-08,2025-04-08,4
IBD032126,"Lakurawa Attack, Sokoto",2025-04-08,2025-04-08,3
IBD032147,"Fulani Attack, Plateau",2025-04-08,2025-04-08,2
IBD032128,"Hotelier Killed, Ondo",2025-04-08,2025-04-08,1
IBD032168,"Teenager, Gombe",2025-04-08,2025-04-08,1
IBD032127,"Herders vs Farmers, Ondo",2025-04-08,2025-04-08,3
IBD032136,"Cult Clash, Osun",2025-04-08,2025-04-08,1
IBD031950,"Banditry, Katsina",2025-04-08,2025-04-08,10
IBD032138,"Boko Haram Attack, Borno",2025-04-07,2025-04-07,1
IBD032117,"Gunmen Attack, Plateau",2025-04-07,2025-04-07,3
IBD032130,"Communal Clash, Ebonyi",2025-04-07,2025-04-07,4
IBD032151,"Banditry, Katsina",2025-04-07,2025-04-07,1
IBD032125,"Auto Crash, FCT (Abuja)",2025-04-07,2025-04-07,1
IBD032112,"Siblings, Katsina",2025-04-07,2025-04-07,2
IBD032134,"Overhead Water Tank Kills Lady, Lagos",2025-04-07,2025-04-07,1
IBD032129,"Auto Crash, Yobe",2025-04-06,2025-04-06,5
IBD032120,"Traders Killed, Taraba",2025-04-06,2025-04-06,3
IBD032079,"Auto Crash, FCT (Abuja)",2025-04-06,2025-04-06,6
IBD032139,"Banditry, Zamfara",2025-04-06,2025-04-06,2
IBD032216,"Police Kill Man, FCT (Abuja)",2025-04-06,2025-04-06,1
IBD032119,"Inferno, Borno",2025-04-06,2025-04-06,2
IBD032096,"Army vs Boko Haram, Borno",2025-04-06,2025-04-06,42
IBD032137,"Herdsmen vs Farmer, Imo",2025-04-06,2025-04-06,1
IBD032167,"Police vs Kidnappers, Delta",2025-04-06,2025-04-06,4
IBD032145,"Male Corpse, FCT (Abuja)",2025-04-06,2025-04-06,1
IBD032099,"Banditry, Zamfara",2025-04-05,2025-04-05,1
IBD032094,"Auto Crash, Ogun",2025-04-05,2025-04-05,7
IBD032154,"Teenager, Edo",2025-04-05,2025-04-05,1
IBD032114,"Lakurawa Attack, Kebbi",2025-04-05,2025-04-05,16
IBD032118,"Banditry Attack, Katsina",2025-04-05,2025-04-05,2
IBD032098,"Boat Mishap, Taraba",2025-04-05,2025-04-05,6
IBD032103,"Auto Crash, Lagos",2025-04-05,2025-04-05,1
IBD032155,"Herdsmen Attack, (FCT), Abuja",2025-04-05,2025-04-05,1
IBD032090,"Banditry, Taraba",2025-04-05,2025-04-05,3
IBD032100,"Auto Crash, Ogun",2025-04-05,2025-04-05,22
IBD032116,"Baditry, Katsina",2025-04-05,2025-04-06,4
IBD032102,"Auto Crash, FCT (Abuja)",2025-04-05,2025-04-05,10
IBD034299,"Hospital Negligence, Lagos",2025-04-05,2025-04-05,1
IBD032091,"Cult Clash, Delta`",2025-04-04,2025-04-04,1
IBD032261,"Abortion, Bauchi",2025-04-04,2025-04-04,1
IBD032122,"Boy Drowns, FCT (Abuja)",2025-04-04,2025-04-04,1
IBD032121,"Auto Crash, FCT (Abuja)",2025-04-04,2025-04-04,1
IBD032078,"Mob vs Burglar, FCT (Abuja)",2025-04-04,2025-04-04,1
IBD032093,"Gunmen Kill Siblings, Taraba",2025-04-04,2025-04-04,2
IBD032101,"Medical Negligence, Lagos",2025-04-04,2025-04-04,1
IBD032086,"Kidnappers Kill Expatriates, Abia",2025-04-04,2025-04-04,3
IBD032088,"Boko Haram Attack, Borno",2025-04-03,2025-04-03,1
IBD032083,"Herdsmen Attack, Benue",2025-04-03,2025-04-03,2
IBD032087,"Explosion, Lagos",2025-04-03,2025-04-03,1
IBD033131,"Kidnappers Kill policeman, Oil Magnate, Abia",2025-04-03,2025-04-03,3
IBD032115,"Assassins vs First Aid Official, FCT (Abuja)",2025-04-03,2025-04-03,1
IBD032113,"Auto Crash, Kwara",2025-04-02,2025-04-02,2
IBD032070,"Auto Crash, Osun",2025-04-02,2025-04-02,1
IBD032076,"Domestic Violence, Enugu",2025-04-02,2025-04-02,2
IBD032124,"Man Set Ablaze, Delta",2025-04-02,2025-04-02,1
IBD032073,"Gunmen Attack, Plateau",2025-04-02,2025-04-02,56
IBD032110,"Gunmen vs Transporter, Ondo",2025-04-02,2025-04-02,1
IBD032089,"Auto Crash, Kano",2025-04-02,2025-04-02,15
IBD032317,"Man Killed woman for car, Lagos",2025-04-02,2025-04-02,1
IBD032146,"Octogenerian Killed, Anambra",2025-04-02,2025-04-02,1
IBD032068,"Land Dispute, Badagry",2025-04-01,2025-04-01,3
IBD032067,"Boat Mishap, Bayelsa",2025-04-01,2025-04-01,2
IBD032084,"Extrajudicial Killing, Niger",2025-04-01,2025-04-01,1
IBD033545,"Electricity Workers, Plateau",2025-04-01,2025-06-30,5
IBD033542,"Electricity Workers, Kano",2025-04-01,2025-06-30,10
IBD033544,"Electricity Workers, Lagos",2025-04-01,2025-06-30,5
IBD033541,"Electricity Workers, Oyo",2025-04-01,2025-06-30,11
IBD033543,"Electricity Workers, Edo",2025-04-01,2025-06-30,5
IBD032072,"Farmer Dies, Benue",2025-03-31,2025-03-31,1
IBD032108,"Murder, Lagos",2025-03-31,2025-03-31,1
IBD032064,"Gunmen Kill Man, Benue",2025-03-31,2025-03-31,1
IBD032058,"Auto Crash, Lagos",2025-03-31,2025-03-31,1
IBD032066,"Stray Bullets, Sokoto",2025-03-31,2025-03-31,1
IBD032065,"Sallah Day Celebration Clash, Plateau",2025-03-30,2025-03-30,4
IBD032061,"Auto Crash, Ogun",2025-03-30,2025-03-30,1
IBD032182,"Extrajudicial Killing, Ondo",2025-03-30,2025-03-30,1
IBD032054,"Auto Crash, Abia",2025-03-30,2025-03-30,1
IBD032048,"Gas Explosion, Delta",2025-03-30,2025-03-30,2
IBD032062,"Lightening Kills Herder, Kaduna",2025-03-30,2025-03-30,1
IBD032052,"Stampede, Gombe",2025-03-30,2025-03-30,2
IBD032075,"Sallah Day Violence, Kano",2025-03-30,2025-03-30,1
IBD032109,"Woman Kills Man, Lagos",2025-03-30,2025-03-30,1
IBD032063,"Fishing Activities, Kogi",2025-03-30,2025-03-30,2
IBD032049,"Auto Crash, Katsina",2025-03-30,2025-03-30,9
IBD032282,"Domestic Violence, Lagos",2025-03-29,2025-03-29,1
IBD032050,"Auto Crash, Lagos",2025-03-29,2025-03-29,1
IBD032057,"Herdsmen Kill Graduate, FCT (Abuja)",2025-03-29,2025-03-29,1
IBD032059,"Extrajudicial Killing, Delta",2025-03-29,2025-03-29,1
IBD032060,"Labourer Kills Employer, Ondo",2025-03-29,2025-03-29,1
IBD032077,"Auto Crash, FCT (Abuja)",2025-03-29,2025-03-29,2
IBD032111,"Armed Robbers vs Resident, Benue",2025-03-28,2025-03-28,1
IBD032056,"Pirates vs Fashion Designer, Rivers (Offshore)",2025-03-28,2025-03-28,1
IBD032046,"Security Forces vs Shiites Members, FCT (Abuja)",2025-03-28,2025-03-28,6
IBD032123,"Cultist Kill Businessman, Ondo",2025-03-28,2025-03-28,1
IBD032042,"Gas Explosion, Abia",2025-03-27,2025-03-27,2
IBD032051,"Gunmen Attack, Plateau",2025-03-27,2025-03-27,52
IBD032039,"Domestic Violence, Lagos",2025-03-26,2025-03-26,1
IBD032028,"Auto Crash, Kano",2025-03-26,2025-03-26,2
IBD032131,"Teenager Kills Man, Oyo",2025-03-26,2025-03-26,1
IBD032140,"Kidnapped Victim, FCT",2025-03-26,2025-03-26,1
IBD032106,"Domestic Violence, Lagos",2025-03-26,2025-03-26,1
IBD032032,"Chieftaincy Tussle, Ondo",2025-03-26,2025-03-26,1
IBD032027,"Lakurawa vs Customs Officers, Kebbi",2025-03-26,2025-03-26,2
IBD032033,"Taskforce Raid, FCT (Abuja)",2025-03-26,2025-03-26,2
IBD032309,"Herdsmen Attack, Kogi",2025-03-26,2025-03-26,2
IBD032045,"Domestic Violence, Sokoto",2025-03-26,2025-03-26,1
IBD032080,"Bandits vs Farmers, Sokoto",2025-03-26,2025-03-26,11
IBD032081,"Herdsmen Attack, Nasarawa",2025-03-26,2025-03-26,1
IBD032037,"Domestic Violence, Edo",2025-03-26,2025-03-26,1
IBD032044,"Domestic Violence, Ekiti",2025-03-25,2025-03-25,2
IBD032034,"Gunmen vs Land Agent, Delta",2025-03-25,2025-03-25,1
IBD032030,"Rainstorm, Cross River",2025-03-25,2025-03-25,3
IBD032041,"Pipeline Vandal, Rivers",2025-03-25,2025-03-25,1
IBD032376,"Boko Haram Attack, Borno",2025-03-25,2025-03-25,7
IBD032025,"Auto Crash, Abia",2025-03-25,2025-03-25,2
IBD032055,"Auto Crash, Lagos",2025-03-24,2025-03-24,1
IBD032014,"Kidnapper, Anambra",2025-03-24,2025-03-24,1
IBD032020,"Troops vs Armed Robber, Plateau",2025-03-24,2025-03-24,1
IBD032026,"Ritual Killing, Rivers",2025-03-24,2025-03-24,2
IBD032012,"Gunmen vs Police, Enugu",2025-03-24,2025-03-24,1
IBD032017,"Army vs Boko Haram, Borno",2025-03-24,2025-03-24,13
IBD032016,"Army vs Boko Haram, Borno",2025-03-24,2025-03-24,3
IBD032019,"Troops Kill Bandit, Plateau",2025-03-24,2025-03-24,1
IBD032009,"Jailbreak, Kogi",2025-03-24,2025-03-24,1
IBD032010,"Bandits Kill 2, Kogi",2025-03-23,2025-03-23,2
IBD032008,"Auto Crash, Osun",2025-03-23,2025-03-23,8
IBD032018,"Hunter Killed, Ogun",2025-03-23,2025-03-23,1
IBD032006,"Assailants vs Motorcycle Rider, Bauchi",2025-03-23,2025-03-23,1
IBD032007,"Gunmen Attack, Plateau",2025-03-23,2025-03-23,3
IBD031984,"Extrajudicial Killing, Cross River",2025-03-23,2025-03-23,2
IBD031983,"Bandits Attack, Sokoto",2025-03-22,2025-03-22,1
IBD032021,"Generator Fume Kill 2, Rivers",2025-03-22,2025-03-22,2
IBD031995,"Herders Kill Farmer, FCT (Abuja)",2025-03-22,2025-03-22,1
IBD031985,"Kidnappers Kill 1, Benue",2025-03-22,2025-03-22,1
IBD032011,"POS Operator, Adamawa",2025-03-22,2025-03-22,1
IBD032035,"Kidnap Victims, Kaduna",2025-03-22,2025-03-22,3
IBD031989,"Bandits vs Security Operatives, Zamfara",2025-03-22,2025-03-22,10
IBD031987,"Herdsmen Attack, Edo",2025-03-22,2025-03-22,1
IBD031990,"Assailants vs Security Man, Bauchi",2025-03-22,2025-03-22,1
IBD032031,Police vs Kidnappers. Delta,2025-03-21,2025-03-21,5
IBD032038,"Domestic Violence, Edo",2025-03-21,2025-03-21,1
IBD031992,"Communal Clash, Osun",2025-03-21,2025-03-21,2
IBD032040,"Man Dies in Hotel, Delta",2025-03-21,2025-03-21,1
IBD031996,"Hoodlums vs Worshippers, Kaduna",2025-03-21,2025-03-21,1
IBD031986,"Gunmen Attack, Anambra",2025-03-20,2025-03-20,3
IBD032069,"Herdsmen Attack, Delta",2025-03-20,2025-03-20,1
IBD031981,"Miyetti Allah Chairman, Plateau",2025-03-20,2025-03-20,1
IBD032013,"Kidnap Victim, Bauchi",2025-03-20,2025-03-20,1
IBD032047,"Northern Hunters, Edo",2025-03-20,2025-03-20,16
IBD032004,"Security Force vs Lakurawa, Kebbi",2025-03-20,2025-03-20,2
IBD031975,"Herders vs Farmers, Ondo",2025-03-19,2025-03-19,10
IBD031972,"Explosion/Auto Crash, FCT (Abuja)",2025-03-19,2025-03-19,10
IBD032002,"Inferno, Yobe",2025-03-19,2025-03-19,1
IBD031979,"Assailants vs Security Guard, Ebonyi",2025-03-19,2025-03-19,1
IBD031971,"Domestic Violence, Lagos",2025-03-19,2025-03-19,1
IBD031980,"Herdsmen Attack, Benue",2025-03-19,2025-03-19,5
IBD031982,"Rape Victim, Delta",2025-03-19,2025-03-19,1
IBD031994,"Banditary, Katsina",2025-03-19,2025-03-19,10
IBD031974,"Army vs Terrorist, Zamfara",2025-03-18,2025-03-18,7
IBD031993,"NAF vs Boko Haram, Borno",2025-03-18,2025-03-18,25
IBD031970,"Auto Crash, Rivers",2025-03-18,2025-03-18,1
IBD031977,Police vs Gunmen Benue,2025-03-18,2025-03-19,12
IBD031978,"Rainstorm Kill 1, Ogun",2025-03-18,2025-03-18,1
IBD031973,"Army vs Terrorist, Katsina",2025-03-17,2025-03-17,3
IBD032003,"Electrocution, Lagos",2025-03-17,2025-03-17,1
IBD031969,"Communal Clash, Ebonyi",2025-03-17,2025-03-17,2
IBD031991,"NAF vs Boko Haram, Borno",2025-03-17,2025-03-17,10
IBD031988,"Lawyer vs Student, Imo",2025-03-17,2025-03-17,1
IBD031976,"Herdsmen Attack, Benue",2025-03-17,2025-03-17,2
IBD032023,"Auto Crash, Kaduna",2025-03-16,2025-03-16,2
IBD032300,"Boko Haram vs Vigilante, Yobe",2025-03-16,2025-03-16,1
IBD032015,"Domestic Violence, Edo",2025-03-16,2025-03-16,2
IBD032036,"NAF vs Boko Haram, Borno",2025-03-16,2025-03-16,40
IBD031959,"Gunmen vs Fulani Leader, Kwara",2025-03-16,2025-03-16,1
IBD032005,"Explosion, Rivers",2025-03-16,2025-03-16,1
IBD031952,"Armed Robbers vs Watchman, Katsina",2025-03-16,2025-03-16,1
IBD031997,"Boy Suffocates, Lagos",2025-03-16,2025-03-16,1
IBD031955,"Auto Crash, Imo",2025-03-16,2025-03-16,7
IBD031965,"Cult Clash, Ogun",2025-03-15,2025-03-15,4
IBD032311,"Kidnappers vs Prince, Kogi",2025-03-15,2025-03-15,3
IBD032312,"Herdsmen Attack, Kogi",2025-03-15,2025-03-15,3
IBD031953,"Army vs Bandits, Katsina",2025-03-15,2025-03-15,12
IBD031949,"Auto Crash, Anambra",2025-03-15,2025-03-15,6
IBD032022,"Mob vs Armed Robber, Lagos",2025-03-15,2025-03-15,1
IBD031942,"Communal Clash, Cross River",2025-03-15,2025-03-15,2
IBD031958,"Assailants vs Bride, Jigawa",2025-03-15,2025-03-15,1
IBD015011,"Mob Attack, Lagos",2025-03-15,2025-03-15,1
IBD031967,"Gunmen vs Herders, Enugu",2025-03-14,2025-03-14,5
IBD031946,"Police vs Kidnapper, Nasarawa",2025-03-14,2025-03-14,1
IBD031945,"Police vs Kidnappers, Abia",2025-03-14,2025-03-14,6
IBD031948,"Drowns, Rivers",2025-03-14,2025-03-14,1
IBD031968,"Domestic Violence, Abia",2025-03-14,2025-03-14,1
IBD031943,"NAF vs Bandit, Katsina",2025-03-13,2025-03-13,22
IBD031944,"Catholic Seminarian, Edo",2025-03-13,2025-03-13,1
IBD032085,"Lady Dies, Imo",2025-03-13,2025-03-13,1
IBD031956,"Farmer, Benue",2025-03-12,2025-03-12,1
IBD031938,"Auto Crash, Edo",2025-03-12,2025-03-12,1
IBD032292,"Extrajudicial Killing, Kogi",2025-03-12,2025-03-12,1
IBD031947,"Soldiers vs Kidnappers, Plateau",2025-03-12,2025-03-12,2
IBD032024,"Kidnappers vs Village Head, Kaduna",2025-03-11,2025-03-11,1
IBD031928,"Herders Attack, Benue",2025-03-11,2025-03-11,4
IBD031954,"Vigilantes, FCT (Abuja)",2025-03-11,2025-03-11,2
IBD031937,"Army vs Terrorist, Kaduna",2025-03-11,2025-03-11,3
IBD031929,"Auto Crash/Explosion, Lagos",2025-03-11,2025-03-11,3
IBD031930,"Assailant vs Man, Lagos",2025-03-10,2025-03-10,1
IBD031916,"Police vs Kidnappers, Akwa Ibom",2025-03-10,2025-03-10,1
IBD031909,"Domestic Violence, Akwa Ibom",2025-03-10,2025-03-10,1
IBD031924,"Extrajudicial Killing, Niger",2025-03-10,2025-03-10,1
IBD031904,"Auxiliary Nurse , Delta",2025-03-10,2025-03-10,1
IBD031927,"Extrajudicial Killing, Niger",2025-03-10,2025-03-10,1
IBD031925,"Farmers vs Herders, Nasarawa",2025-03-10,2025-03-10,11
IBD031957,"Bandits vs Worshippers, Nasarawa",2025-03-10,2025-03-10,3
IBD031926,"Extrajudicial Killings, Niger",2025-03-10,2025-03-10,1
IBD031921,"Kidnappers vs Woman, Kaduna",2025-03-09,2025-03-09,1
IBD031912,"Auto Crash, Edo",2025-03-09,2025-03-09,8
IBD031961,"Police vs Kidnappers, Delta",2025-03-09,2025-03-09,4
IBD031917,"Auto Crash, Ogun",2025-03-09,2025-03-09,4
IBD031911,"Lakurawa Bandits Kills 11, Kebbi",2025-03-09,2025-03-09,13
IBD031915,"Customs Operavtives vs Smugglers, Ogun",2025-03-09,2025-03-09,1
IBD031910,"Suspected Herders Kill 20, Ondo",2025-03-09,2025-03-09,17
IBD031923,"Auto Crash, FCT (Abuja)",2025-03-09,2025-03-09,1
IBD031922,"Man vs Friend, FCT (Abuja)",2025-03-08,2025-03-08,1
IBD031935,"Drown, Niger",2025-03-08,2025-03-08,1
IBD031914,"Gunmen vs APC Council Chairman, Lagos",2025-03-08,2025-03-08,1
IBD031906,"Fight, Lagos",2025-03-08,2025-03-08,1
IBD031905,"Cultist vs DJ, Lagos",2025-03-08,2025-03-08,1
IBD031919,"Palm Tree Kills Man, Ogun",2025-03-08,2025-03-08,1
IBD031931,"Boko Haram vs Vigilante, Yobe",2025-03-08,2025-03-08,1
IBD031900,"Communal Clash, Niger",2025-03-08,2025-03-08,1
IBD031897,"Miyetti Allah Chairman, Kwara",2025-03-08,2025-03-08,1
IBD031934,"Murder, Niger",2025-03-08,2025-03-08,1
IBD031932,"Herdsmen Attack, Kogi",2025-03-07,2025-03-07,2
IBD031902,"Herdsmen Attack, Benue",2025-03-07,2025-03-08,15
IBD031899,"Auto Crash, Abia",2025-03-07,2025-03-07,5
IBD031898,"Ritual Killing, Edo",2025-03-07,2025-03-07,1
IBD031951,"Boy Beheaded, Adamawa",2025-03-07,2025-03-07,1
IBD031876,"Electrocution, Ogun",2025-03-06,2025-03-06,1
IBD031885,"Medical Negligence, Benue",2025-03-06,2025-03-06,5
IBD031940,"Domestic Violence, Ogun",2025-03-06,2025-03-06,1
IBD031895,"Security Operatives vs Terrorist, Kebbi",2025-03-06,2025-03-06,1
IBD032107,"Gunmen Attack, Plateau",2025-03-06,2025-03-06,8
IBD031882,"Building Collapse, Lagos",2025-03-05,2025-03-05,3
IBD031880,"Gunmen vs Cleric, Kaduna",2025-03-05,2025-03-05,1
IBD032269,"Drowns, FCT (Abuja)",2025-03-05,2025-03-05,1
IBD031998,"Drowns, FCT (Abuja)",2025-03-05,2025-03-05,1
IBD031894,"Auto Crash, Bayelsa",2025-03-05,2025-03-05,2
IBD031891,"Security Operatives vs Bandits, Zamfara",2025-03-05,2025-03-05,12
IBD031892,"Auto Crash/ Explosion, Niger",2025-03-05,2025-03-05,7
IBD031865,"Gunmen Attack, Abia",2025-03-04,2025-03-04,2
IBD031871,"Explosion, Oyo",2025-03-04,2025-03-04,2
IBD031869,"Police vs Herder, Edo",2025-03-04,2025-03-04,1
IBD031870,"Auto Crash, Ogun",2025-03-04,2025-03-04,17
IBD031873,"Gunmen vs Immigration Officer, FCT (Abuja)",2025-03-04,2025-03-04,1
IBD032053,"Auto Crash, Lagos",2025-03-04,2025-03-04,1
IBD031848,"Bridge Collapse, Akwa Ibom",2025-03-04,2025-03-04,4
IBD031881,"Auto Crash, Anambra",2025-03-04,2025-03-04,10
IBD031889,"Man Dies Working on Farm, FCT (Abuja)",2025-03-04,2025-03-04,1
IBD031884,"Police vs Kidnappers, FCT (Abuja)",2025-03-04,2025-03-04,14
IBD031893,"Assailant vs Man, Ogun",2025-03-03,2025-03-03,1
IBD031877,"Gunmen Attack, Benue",2025-03-03,2025-03-03,2
IBD031936,"Bandit Leader, FCT (Abuja)",2025-03-03,2025-03-03,1
IBD031867,"Drown, FCT (Abuja)",2025-03-03,2025-03-03,1
IBD031890,"Boko Harm Kill Police Officer Children, Yobe",2025-03-03,2025-03-03,2
IBD031868,Gunmen vs Site Engineer Edo,2025-03-03,2025-03-03,1
IBD031879,"Auto Crash, Kogi",2025-03-03,2025-03-03,4
IBD031866,"Teenager, Ogun",2025-03-02,2025-03-02,1
IBD031874,"Community leader Killed, Anambra",2025-03-02,2025-03-02,1
IBD031888,"Herders Kill Man, FCT (Abuja)",2025-03-02,2025-03-02,1
IBD031861,"Herdsmen vs Vigilante, Delta",2025-03-02,2025-03-02,1
IBD031941,"Woman Killed, Bauchi",2025-03-02,2025-03-02,1
IBD031858,"Gunmen Kill One, Gombe",2025-03-02,2025-03-02,1
IBD031857,"Gunmen vs Man, Zamafara",2025-03-01,2025-03-01,1
IBD031853,"Domestic Violence, Bauchi",2025-03-01,2025-03-01,1
IBD031854,"Herdsmen vs Farmers, Benue",2025-03-01,2025-03-01,6
IBD031659,"Police vs Kidnappers, Kwara",2025-03-01,2025-03-01,2
IBD031864,"Soldiers vs Boko Haram, Borno",2025-03-01,2025-03-01,15
IBD031883,"Drug Addict Kill Phone Charger, Ogun",2025-03-01,2025-03-01,1
IBD031852,"Auto Crash, Edo",2025-03-01,2025-03-01,12
IBD031939,"Policeman vs Okada Riders, Plateau",2025-03-01,2025-03-01,1
IBD031913,"Ritual Killing, Delta",2025-03-01,2025-03-01,2
IBD031855,"Gunmen vs Businessman, Ondo",2025-03-01,2025-03-01,1
IBD031808,"Auto Crash, Kwara",2025-02-28,2025-02-28,1
IBD032001,"Inferno, Yobe",2025-02-28,2025-02-28,1
IBD031887,"Domestic Violence, Bauchi",2025-02-28,2025-02-28,1
IBD031856,"Herdsmen Attack, Delta",2025-02-28,2025-02-28,1
IBD031860,"Cult Clash, Delta",2025-02-28,2025-02-28,2
IBD031846,"Herdsmen Attack, Edo",2025-02-27,2025-02-27,2
IBD031839,"Auto Crash, Enugu",2025-02-27,2025-02-27,6
IBD031851,"Banditry, Katsina",2025-02-27,2025-02-27,17
IBD031886,"Gunmen Attack, Ogun",2025-02-27,2025-02-27,1
IBD031847,"Soldier Kill Man, Akwa Ibom",2025-02-27,2025-02-27,1
IBD031862,"Banditry, Zamfara",2025-02-27,2025-02-27,2
IBD031850,"Bandits vs Farmers, Niger",2025-02-26,2025-02-26,10
IBD031840,"Land Dispute, Delta",2025-02-26,2025-02-26,1
IBD031837,"Boko Haram Attack, Borno",2025-02-26,2025-02-26,7
IBD031844,"Cult Attack, Bayelsa",2025-02-26,2025-02-26,1
IBD031843,"NAF Officer Kill Man, Kaduna",2025-02-26,2025-02-26,1
IBD031901,"Domestic Violence, Lagos",2025-02-26,2025-02-26,1
IBD031822,"Kidnappers Kill Hunter, Oyo",2025-02-25,2025-02-25,1
IBD031833,"Kidnappers vs Police Officers, Plateau",2025-02-25,2025-02-25,2
IBD031834,"Boko Haram Attack, Adamawa",2025-02-25,2025-02-26,40
IBD031826,"Auto Crash, Yobe",2025-02-25,2025-02-25,10
IBD031828,"Auto Crash, Sokoto",2025-02-25,2025-02-25,3
IBD031838,"Boko Haram/ISWAP Landmine Kills 2, Borno",2025-02-25,2025-02-25,2
IBD031832,"Auto Crash, Bauchi",2025-02-24,2025-02-24,2
IBD031823,"Domestic Violence, Bauchi",2025-02-24,2025-02-24,1
